{"type":"FeatureCollection", "features": [
{"type":"Feature","geometry":{"type":"MultiPolygon","coordinates":[[[[178.854666,71.212551],[179.563487,71.451483],[180,71.53642],[180,71.551247],[180,72.049861],[180,72.548476],[180,73.047091],[180,73.545706],[180,74.044321],[180,74.542936],[180,75.041551],[180,75.540166],[180,76.038781],[180,76.537396],[180,77.036011],[180,77.534626],[180,78.033241],[180,78.531856],[180,79.030471],[180,79.529086],[180,80.027701],[180,80.526316],[180,81.024931],[180,81.523546],[180,82.022161],[180,82.520776],[180,83.019391],[180,83.518006],[180,84.01662],[180,84.515235],[180,85.01385],[180,85.512465],[180,86.01108],[180,86.509695],[180,87.00831],[180,87.506925],[180,88.00554],[180,88.504155],[180,89.00277],[180,89.501385],[180,90],[179.500693,90],[179.001387,90],[178.50208,90],[178.002774,90],[177.503467,90],[177.004161,90],[176.504854,90],[176.005548,90],[175.506241,90],[175.006935,90],[174.507628,90],[174.008322,90],[173.509015,90],[173.009709,90],[172.510402,90],[172.011096,90],[171.511789,90],[171.012483,90],[170.513176,90],[170.01387,90],[169.514563,90],[169.015257,90],[168.51595,90],[168.016644,90],[167.517337,90],[167.018031,90],[166.518724,90],[166.019417,90],[165.520111,90],[165.020804,90],[164.521498,90],[164.022191,90],[163.522885,90],[163.023578,90],[162.524272,90],[162.024965,90],[161.525659,90],[161.026352,90],[160.527046,90],[160.027739,90],[159.528433,90],[159.029126,90],[158.52982,90],[158.030513,90],[157.531207,90],[157.0319,90],[156.532594,90],[156.033287,90],[155.533981,90],[155.034674,90],[154.535368,90],[154.036061,90],[153.536755,90],[153.037448,90],[152.538141,90],[152.038835,90],[151.539528,90],[151.040222,90],[150.540915,90],[150.041609,90],[149.542302,90],[149.042996,90],[148.543689,90],[148.044383,90],[147.545076,90],[147.04577,90],[146.546463,90],[146.047157,90],[145.54785,90],[145.048544,90],[144.549237,90],[144.049931,90],[143.550624,90],[143.051318,90],[142.552011,90],[142.052705,90],[141.553398,90],[141.054092,90],[140.554785,90],[140.055479,90],[139.556172,90],[139.056865,90],[138.557559,90],[138.058252,90],[137.558946,90],[137.059639,90],[136.560333,90],[136.061026,90],[135.56172,90],[135.062413,90],[134.563107,90],[134.0638,90],[133.564494,90],[133.065187,90],[132.565881,90],[132.066574,90],[131.567268,90],[131.067961,90],[130.568655,90],[130.069348,90],[129.570042,90],[129.070735,90],[128.571429,90],[128.072122,90],[127.572816,90],[127.073509,90],[126.574202,90],[126.074896,90],[125.575589,90],[125.076283,90],[124.576976,90],[124.07767,90],[123.578363,90],[123.079057,90],[122.57975,90],[122.080444,90],[121.581137,90],[121.081831,90],[120.582524,90],[120.083218,90],[119.583911,90],[119.084605,90],[118.585298,90],[118.085992,90],[117.586685,90],[117.087379,90],[116.588072,90],[116.088766,90],[115.589459,90],[115.090153,90],[114.590846,90],[114.09154,90],[113.592233,90],[113.092926,90],[112.59362,90],[112.094313,90],[111.595007,90],[111.0957,90],[110.596394,90],[110.097087,90],[109.597781,90],[109.098474,90],[108.599168,90],[108.099861,90],[107.600555,90],[107.101248,90],[106.601942,90],[106.102635,90],[105.603329,90],[105.104022,90],[104.604716,90],[104.105409,90],[103.606103,90],[103.106796,90],[102.60749,90],[102.108183,90],[101.608877,90],[101.10957,90],[100.610264,90],[100.110957,90],[99.61165,90],[99.112344,90],[98.613037,90],[98.113731,90],[97.614424,90],[97.115118,90],[96.615811,90],[96.116505,90],[95.617198,90],[95.117892,90],[94.618585,90],[94.119279,90],[93.619972,90],[93.120666,90],[92.621359,90],[92.122053,90],[91.622746,90],[91.12344,90],[90.624133,90],[90.124827,90],[89.999522,90],[89.62552,90],[89.126214,90],[88.626907,90],[88.127601,90],[87.628294,90],[87.128988,90],[86.629681,90],[86.130374,90],[85.631068,90],[85.131761,90],[84.632455,90],[84.133148,90],[83.633842,90],[83.134535,90],[82.635229,90],[82.135922,90],[81.636616,90],[81.137309,90],[80.638003,90],[80.138696,90],[79.63939,90],[79.140083,90],[78.640777,90],[78.14147,90],[77.642164,90],[77.142857,90],[76.643551,90],[76.144244,90],[75.644938,90],[75.145631,90],[74.646325,90],[74.147018,90],[73.647712,90],[73.148405,90],[72.649098,90],[72.149792,90],[71.650485,90],[71.151179,90],[70.651872,90],[70.152566,90],[69.653259,90],[69.153953,90],[68.654646,90],[68.15534,90],[67.656033,90],[67.156727,90],[66.65742,90],[66.158114,90],[65.658807,90],[65.159501,90],[64.660194,90],[64.160888,90],[63.661581,90],[63.162275,90],[62.662968,90],[62.163662,90],[61.664355,90],[61.165049,90],[60.665742,90],[60.166436,90],[59.667129,90],[59.167822,90],[58.668516,90],[58.169209,90],[57.669903,90],[57.170596,90],[56.67129,90],[56.171983,90],[55.672677,90],[55.17337,90],[54.674064,90],[54.174757,90],[53.675451,90],[53.176144,90],[52.676838,90],[52.177531,90],[51.678225,90],[51.178918,90],[50.679612,90],[50.180305,90],[49.680999,90],[49.181692,90],[48.682386,90],[48.183079,90],[47.683773,90],[47.184466,90],[46.68516,90],[46.185853,90],[45.686546,90],[45.18724,90],[44.687933,90],[44.188627,90],[43.68932,90],[43.190014,90],[42.690707,90],[42.191401,90],[41.692094,90],[41.192788,90],[40.693481,90],[40.194175,90],[39.694868,90],[39.195562,90],[38.696255,90],[38.196949,90],[37.697642,90],[37.198336,90],[36.699029,90],[36.199723,90],[35.700416,90],[35.20111,90],[34.701803,90],[34.202497,90],[33.70319,90],[33.203883,90],[32.704577,90],[32.20527,90],[31.705964,90],[31.206657,90],[30.707351,90],[30.208044,90],[29.708738,90],[29.209431,90],[28.710125,90],[28.210818,90],[27.711512,90],[27.212205,90],[26.712899,90],[26.213592,90],[25.714286,90],[25.214979,90],[24.715673,90],[24.216366,90],[23.71706,90],[23.217753,90],[22.718447,90],[22.21914,90],[21.719834,90],[21.220527,90],[20.721221,90],[20.221914,90],[19.722607,90],[19.223301,90],[18.723994,90],[18.224688,90],[17.725381,90],[17.226075,90],[16.726768,90],[16.227462,90],[15.728155,90],[15.228849,90],[14.729542,90],[14.230236,90],[13.730929,90],[13.231623,90],[12.732316,90],[12.23301,90],[11.733703,90],[11.234397,90],[10.73509,90],[10.235784,90],[9.736477,90],[9.237171,90],[8.737864,90],[8.238558,90],[7.739251,90],[7.239945,90],[6.740638,90],[6.241331,90],[5.742025,90],[5.242718,90],[4.743412,90],[4.244105,90],[3.744799,90],[3.245492,90],[2.746186,90],[2.246879,90],[1.747573,90],[1.248266,90],[0.74896,90],[0.249653,90],[-0.000295,90],[-0.249653,90],[-0.74896,90],[-1.248266,90],[-1.747573,90],[-2.246879,90],[-2.746186,90],[-3.245492,90],[-3.744799,90],[-4.244105,90],[-4.743412,90],[-5.242718,90],[-5.742025,90],[-6.241331,90],[-6.740638,90],[-7.239945,90],[-7.739251,90],[-8.238558,90],[-8.737864,90],[-9.237171,90],[-9.736477,90],[-10.235784,90],[-10.73509,90],[-11.234397,90],[-11.733703,90],[-12.23301,90],[-12.732316,90],[-13.231623,90],[-13.730929,90],[-14.230236,90],[-14.729542,90],[-15.228849,90],[-15.728155,90],[-16.227462,90],[-16.726768,90],[-17.226075,90],[-17.725381,90],[-18.224688,90],[-18.723994,90],[-19.223301,90],[-19.722607,90],[-20.221914,90],[-20.721221,90],[-21.220527,90],[-21.719834,90],[-22.21914,90],[-22.718447,90],[-23.217753,90],[-23.71706,90],[-24.216366,90],[-24.715673,90],[-25.214979,90],[-25.714286,90],[-26.213592,90],[-26.712899,90],[-27.212205,90],[-27.711512,90],[-28.210818,90],[-28.710125,90],[-29.209431,90],[-29.708738,90],[-30.208044,90],[-30.707351,90],[-31.206657,90],[-31.705964,90],[-32.20527,90],[-32.704577,90],[-33.203883,90],[-33.70319,90],[-34.202497,90],[-34.701803,90],[-35.20111,90],[-35.700416,90],[-36.199723,90],[-36.699029,90],[-37.198336,90],[-37.697642,90],[-38.196949,90],[-38.696255,90],[-39.195562,90],[-39.694868,90],[-40.194175,90],[-40.693481,90],[-41.192788,90],[-41.692094,90],[-42.191401,90],[-42.690707,90],[-43.190014,90],[-43.68932,90],[-44.188627,90],[-44.687933,90],[-45.18724,90],[-45.686546,90],[-46.185853,90],[-46.68516,90],[-47.184466,90],[-47.683773,90],[-48.183079,90],[-48.682386,90],[-49.181692,90],[-49.680999,90],[-50.180305,90],[-50.679612,90],[-51.178918,90],[-51.678225,90],[-52.177531,90],[-52.676838,90],[-53.176144,90],[-53.675451,90],[-54.174757,90],[-54.674064,90],[-55.17337,90],[-55.672677,90],[-56.171983,90],[-56.67129,90],[-57.170596,90],[-57.669903,90],[-58.169209,90],[-58.668516,90],[-59.167822,90],[-59.667129,90],[-60.166436,90],[-60.665742,90],[-61.165049,90],[-61.664355,90],[-62.163662,90],[-62.662968,90],[-63.162275,90],[-63.661581,90],[-64.160888,90],[-64.660194,90],[-65.159501,90],[-65.658807,90],[-66.158114,90],[-66.65742,90],[-67.156727,90],[-67.656033,90],[-68.15534,90],[-68.654646,90],[-69.153953,90],[-69.653259,90],[-70.152566,90],[-70.651872,90],[-71.151179,90],[-71.650485,90],[-72.149792,90],[-72.649098,90],[-73.148405,90],[-73.647712,90],[-74.147018,90],[-74.646325,90],[-75.145631,90],[-75.644938,90],[-76.144244,90],[-76.643551,90],[-77.142857,90],[-77.642164,90],[-78.14147,90],[-78.640777,90],[-79.140083,90],[-79.63939,90],[-80.138696,90],[-80.638003,90],[-81.137309,90],[-81.636616,90],[-82.135922,90],[-82.635229,90],[-83.134535,90],[-83.633842,90],[-84.133148,90],[-84.632455,90],[-85.131761,90],[-85.631068,90],[-86.130374,90],[-86.629681,90],[-87.128988,90],[-87.628294,90],[-88.127601,90],[-88.626907,90],[-89.126214,90],[-89.62552,90],[-90.000111,90],[-90.124827,90],[-90.624133,90],[-91.12344,90],[-91.622746,90],[-92.122053,90],[-92.621359,90],[-93.120666,90],[-93.619972,90],[-94.119279,90],[-94.618585,90],[-95.117892,90],[-95.617198,90],[-96.116505,90],[-96.615811,90],[-97.115118,90],[-97.614424,90],[-98.113731,90],[-98.613037,90],[-99.112344,90],[-99.61165,90],[-100.110957,90],[-100.610264,90],[-101.10957,90],[-101.608877,90],[-102.108183,90],[-102.60749,90],[-103.106796,90],[-103.606103,90],[-104.105409,90],[-104.604716,90],[-105.104022,90],[-105.603329,90],[-106.102635,90],[-106.601942,90],[-107.101248,90],[-107.600555,90],[-108.099861,90],[-108.599168,90],[-109.098474,90],[-109.597781,90],[-110.097087,90],[-110.596394,90],[-111.0957,90],[-111.595007,90],[-112.094313,90],[-112.59362,90],[-113.092926,90],[-113.592233,90],[-114.09154,90],[-114.590846,90],[-115.090153,90],[-115.589459,90],[-116.088766,90],[-116.588072,90],[-117.087379,90],[-117.586685,90],[-118.085992,90],[-118.585298,90],[-119.084605,90],[-119.583911,90],[-120.083218,90],[-120.582524,90],[-121.081831,90],[-121.581137,90],[-122.080444,90],[-122.57975,90],[-123.079057,90],[-123.578363,90],[-124.07767,90],[-124.576976,90],[-125.076283,90],[-125.575589,90],[-126.074896,90],[-126.574202,90],[-127.073509,90],[-127.572816,90],[-128.072122,90],[-128.571429,90],[-129.070735,90],[-129.570042,90],[-130.069348,90],[-130.568655,90],[-131.067961,90],[-131.567268,90],[-132.066574,90],[-132.565881,90],[-133.065187,90],[-133.564494,90],[-134.0638,90],[-134.563107,90],[-135.062413,90],[-135.56172,90],[-136.061026,90],[-136.560333,90],[-137.059639,90],[-137.558946,90],[-138.058252,90],[-138.557559,90],[-139.056865,90],[-139.556172,90],[-140.055479,90],[-140.554785,90],[-141.054092,90],[-141.553398,90],[-142.052705,90],[-142.552011,90],[-143.051318,90],[-143.550624,90],[-144.049931,90],[-144.549237,90],[-145.048544,90],[-145.54785,90],[-146.047157,90],[-146.546463,90],[-147.04577,90],[-147.545076,90],[-148.044383,90],[-148.543689,90],[-149.042996,90],[-149.542302,90],[-150.041609,90],[-150.540915,90],[-151.040222,90],[-151.539528,90],[-152.038835,90],[-152.538141,90],[-153.037448,90],[-153.536755,90],[-154.036061,90],[-154.535368,90],[-155.034674,90],[-155.533981,90],[-156.033287,90],[-156.532594,90],[-157.0319,90],[-157.531207,90],[-158.030513,90],[-158.52982,90],[-159.029126,90],[-159.528433,90],[-160.027739,90],[-160.527046,90],[-161.026352,90],[-161.525659,90],[-162.024965,90],[-162.524272,90],[-163.023578,90],[-163.522885,90],[-164.022191,90],[-164.521498,90],[-165.020804,90],[-165.520111,90],[-166.019417,90],[-166.518724,90],[-167.018031,90],[-167.517337,90],[-168.016644,90],[-168.51595,90],[-169.015257,90],[-169.514563,90],[-170.01387,90],[-170.513176,90],[-171.012483,90],[-171.511789,90],[-172.011096,90],[-172.510402,90],[-173.009709,90],[-173.509015,90],[-174.008322,90],[-174.507628,90],[-175.006935,90],[-175.506241,90],[-176.005548,90],[-176.504854,90],[-177.004161,90],[-177.503467,90],[-178.002774,90],[-178.50208,90],[-179.001387,90],[-179.500693,90],[-180,90],[-180,89.501385],[-180,89.00277],[-180,88.504155],[-180,88.00554],[-180,87.506925],[-180,87.00831],[-180,86.509695],[-180,86.01108],[-180,85.512465],[-180,85.01385],[-180,84.515235],[-180,84.01662],[-180,83.518006],[-180,83.019391],[-180,82.520776],[-180,82.022161],[-180,81.523546],[-180,81.024931],[-180,80.526316],[-180,80.027701],[-180,79.529086],[-180,79.030471],[-180,78.531856],[-180,78.033241],[-180,77.534626],[-180,77.036011],[-180,76.537396],[-180,76.038781],[-180,75.540166],[-180,75.041551],[-180,74.542936],[-180,74.044321],[-180,73.545706],[-180,73.047091],[-180,72.548476],[-180,72.049861],[-180,71.551247],[-180,71.536688],[-179.735951,71.586412],[-179.074574,71.600043],[-178.394846,71.540717],[-177.44343,71.237006],[-177.930491,71.041449],[-178.875925,70.981024],[-179.342112,70.908026],[-180,70.99201],[-180,70.554017],[-180,70.055402],[-180,69.556787],[-180,69.058172],[-180,68.98237],[-179.514027,68.921129],[-179.357367,68.827811],[-178.844813,68.752361],[-178.636902,68.637982],[-178.699928,68.543189],[-178.041819,68.42768],[-177.966135,68.330227],[-177.608469,68.196763],[-177.259104,68.211127],[-176.717986,68.026266],[-176.49952,67.888605],[-176.048582,67.852151],[-176.300463,67.724244],[-175.913596,67.587966],[-175.824029,67.81296],[-175.2865,67.667106],[-175.159589,67.337477],[-174.806109,67.364671],[-174.907608,67.037385],[-174.686035,66.762279],[-174.971335,66.665413],[-174.435663,66.531545],[-174.434519,66.35635],[-173.833141,66.506251],[-174.196762,66.589408],[-173.930551,66.667627],[-174.026214,66.961111],[-174.282127,67.046761],[-173.547078,67.090677],[-172.995722,66.917432],[-172.66583,66.885043],[-171.895194,66.970729],[-171.330901,66.744982],[-171.363359,66.674829],[-170.859731,66.511054],[-170.565256,66.353583],[-170.153858,66.249024],[-170.085832,66.16929],[-169.700917,66.128648],[-170.532419,65.852729],[-170.488773,65.670758],[-170.667356,65.599546],[-170.981812,65.592054],[-171.250893,65.521991],[-171.808397,65.489327],[-172.389722,65.581817],[-172.388609,65.432236],[-172.162487,65.420692],[-172.201531,65.216874],[-172.093091,65.050359],[-172.323004,64.948345],[-172.700904,64.877598],[-172.815906,64.611735],[-172.465077,64.558417],[-172.387658,64.407364],[-173.106265,64.24098],[-173.98933,64.412348],[-174.07245,64.549109],[-174.652292,64.725328],[-175.456841,64.797215],[-175.774793,64.939365],[-175.740677,65.123435],[-175.908839,65.402953],[-176.976552,65.608059],[-177.415925,65.440748],[-178.283987,65.444346],[-178.528798,65.511176],[-178.411089,65.681765],[-178.628217,65.7295],[-178.872507,65.893948],[-178.682444,66.101874],[-178.982439,66.158947],[-179.768259,66.102932],[-179.826894,65.934312],[-179.723256,65.78148],[-179.277044,65.630256],[-179.26051,65.532179],[-179.499003,65.395711],[-179.52421,65.235361],[-179.66309,65.141263],[-180,65.066229],[-180,64.570637],[-180,64.072022],[-180,63.573407],[-180,63.074792],[-180,62.576177],[-180,62.077562],[-180,61.578947],[-180,61.080332],[-180,60.581717],[-180,60.083102],[-180,59.584488],[-180,59.085873],[-180,58.587258],[-180,58.088643],[-180,57.590028],[-180,57.091413],[-180,56.592798],[-180,56.094183],[-180,55.595568],[-180,55.096953],[-180,54.598338],[-180,54.099723],[-180,53.601108],[-180,53.102493],[-180,52.603878],[-180,52.105263],[-180,51.606648],[-180,51.108033],[-180,50.609418],[-180,50.110803],[-180,49.612188],[-180,49.113573],[-180,48.614958],[-180,48.116343],[-180,47.617729],[-180,47.119114],[-180,46.620499],[-180,46.121884],[-180,45.623269],[-180,45.241828],[-180,45.124654],[-180,44.626039],[-180,44.127424],[-180,43.628809],[-180,43.130194],[-180,42.631579],[-180,42.132964],[-180,41.634349],[-180,41.135734],[-180,40.637119],[-180,40.138504],[-180,39.639889],[-180,39.141274],[-180,38.642659],[-180,38.144044],[-180,37.645429],[-180,37.146814],[-180,36.648199],[-180,36.149584],[-180,35.65097],[-180,35.152355],[-180,34.65374],[-180,34.155125],[-180,33.65651],[-180,33.157895],[-180,32.65928],[-180,32.160665],[-180,31.66205],[-180,31.163435],[-180,30.66482],[-180,30.166205],[-180,29.66759],[-180,29.168975],[-180,28.67036],[-180,28.171745],[-180,27.67313],[-180,27.174515],[-180,26.6759],[-180,26.177285],[-180,25.67867],[-180,25.180055],[-180,24.68144],[-180,24.182825],[-180,23.684211],[-180,23.185596],[-180,22.686981],[-180,22.188366],[-180,21.689751],[-180,21.191136],[-180,20.692521],[-180,20.193906],[-180,19.695291],[-180,19.196676],[-180,18.698061],[-180,18.199446],[-180,17.700831],[-180,17.202216],[-180,16.703601],[-180,16.204986],[-180,15.706371],[-180,15.207756],[-180,14.709141],[-180,14.210526],[-180,13.711911],[-180,13.213296],[-180,12.714681],[-180,12.216066],[-180,11.717452],[-180,11.218837],[-180,10.720222],[-180,10.221607],[-180,9.722992],[-180,9.224377],[-180,8.725762],[-180,8.227147],[-180,7.728532],[-180,7.229917],[-180,6.731302],[-180,6.232687],[-180,5.734072],[-180,5.235457],[-180,4.736842],[-180,4.238227],[-180,3.739612],[-180,3.240997],[-180,2.742382],[-180,2.243767],[-180,1.745152],[-180,1.246537],[-180,0.747922],[-180,0.249307],[-180,0.000067],[-180,-0.249307],[-180,-0.747922],[-180,-1.246537],[-180,-1.745152],[-180,-2.243767],[-180,-2.742382],[-180,-3.240997],[-180,-3.739612],[-180,-4.238227],[-180,-4.736842],[-180,-5.235457],[-180,-5.734072],[-180,-6.232687],[-180,-6.731302],[-180,-7.229917],[-180,-7.728532],[-180,-8.227147],[-180,-8.725762],[-180,-9.224377],[-180,-9.722992],[-180,-10.221607],[-180,-10.720222],[-180,-11.218837],[-180,-11.717452],[-180,-12.216066],[-180,-12.714681],[-180,-13.213296],[-180,-13.711911],[-180,-14.210526],[-180,-14.709141],[-180,-15.207756],[-180,-15.706371],[-180,-16.149111],[-180,-16.169614],[-180,-16.204986],[-180,-16.489939],[-180,-16.541115],[-180,-16.703601],[-180,-16.786733],[-179.915883,-16.694513],[-179.820994,-16.779962],[-180,-16.964144],[-180,-17.202216],[-180,-17.700831],[-180,-18.199446],[-180,-18.698061],[-180,-19.196676],[-180,-19.695291],[-180,-20.193906],[-180,-20.692521],[-180,-21.191136],[-180,-21.689751],[-180,-22.188366],[-180,-22.686981],[-180,-23.185596],[-180,-23.684211],[-180,-24.182825],[-180,-24.68144],[-180,-25.180055],[-180,-25.67867],[-180,-26.177285],[-180,-26.6759],[-180,-27.174515],[-180,-27.67313],[-180,-28.171745],[-180,-28.67036],[-180,-29.168975],[-180,-29.66759],[-180,-30.166205],[-180,-30.66482],[-180,-31.163435],[-180,-31.66205],[-180,-32.160665],[-180,-32.65928],[-180,-33.157895],[-180,-33.65651],[-180,-34.155125],[-180,-34.65374],[-180,-35.152355],[-180,-35.65097],[-180,-36.149584],[-180,-36.648199],[-180,-36.969903],[-180,-37.146814],[-180,-37.645429],[-180,-38.144044],[-180,-38.642659],[-180,-39.141274],[-180,-39.639889],[-180,-40.138504],[-180,-40.637119],[-180,-41.135734],[-180,-41.634349],[-180,-42.132964],[-180,-42.631579],[-180,-43.130194],[-180,-43.628809],[-180,-44.127424],[-180,-44.626039],[-180,-45.124654],[-180,-45.623269],[-180,-46.121884],[-180,-46.620499],[-180,-47.119114],[-180,-47.617729],[-180,-48.116343],[-180,-48.614958],[-180,-49.113573],[-180,-49.612188],[-180,-50.110803],[-180,-50.609418],[-180,-51.108033],[-180,-51.606648],[-180,-52.105263],[-180,-52.603878],[-180,-53.102493],[-180,-53.601108],[-180,-54.099723],[-180,-54.598338],[-180,-55.096953],[-180,-55.595568],[-180,-56.094183],[-180,-56.592798],[-180,-57.091413],[-180,-57.590028],[-180,-58.088643],[-180,-58.587258],[-180,-59.085873],[-180,-59.584488],[-180,-60.083102],[-180,-60.581717],[-180,-61.080332],[-180,-61.578947],[-180,-62.077562],[-180,-62.576177],[-180,-63.074792],[-180,-63.573407],[-180,-64.072022],[-180,-64.570637],[-180,-65.069252],[-180,-65.567867],[-180,-66.066482],[-180,-66.565097],[-180,-67.063712],[-180,-67.562327],[-180,-68.060942],[-180,-68.559557],[-180,-69.058172],[-180,-69.556787],[-180,-70.055402],[-180,-70.554017],[-180,-71.052632],[-180,-71.551247],[-180,-72.049861],[-180,-72.548476],[-180,-73.047091],[-180,-73.545706],[-180,-74.044321],[-180,-74.542936],[-180,-75.041551],[-180,-75.540166],[-180,-76.038781],[-180,-76.537396],[-180,-77.036011],[-180,-77.534626],[-180,-78.033241],[-180,-78.531856],[-180,-79.030471],[-180,-79.529086],[-180,-80.027701],[-180,-80.526316],[-180,-81.024931],[-180,-81.523546],[-180,-82.022161],[-180,-82.520776],[-180,-83.019391],[-180,-83.518006],[-180,-84.01662],[-180,-84.352796],[-178.297556,-84.307712],[-175.998728,-84.4874],[-175.178049,-84.414809],[-172.210904,-84.514837],[-168.254709,-84.648207],[-168.018625,-84.78102],[-162.848948,-84.883071],[-158.351511,-85.10296],[-158.163319,-85.164727],[-156.008412,-85.221938],[-155.503977,-85.126072],[-156.938832,-85.007013],[-155.642649,-84.827813],[-158.249582,-84.767185],[-163.862864,-84.5499],[-165.409739,-84.364516],[-164.156687,-84.292087],[-165.154408,-84.137953],[-163.70283,-84.0499],[-163.993886,-83.93906],[-165.420725,-83.766778],[-166.068227,-83.817966],[-168.053578,-83.753676],[-168.582631,-83.530369],[-169.433054,-83.409438],[-174.027577,-82.915216],[-172.512441,-82.869887],[-171.408315,-82.95379],[-170.719472,-83.196954],[-168.085805,-83.255548],[-167.333201,-83.198012],[-165.086293,-83.202081],[-164.983225,-83.340265],[-164.166249,-83.396091],[-162.869944,-83.321466],[-162.169057,-83.524672],[-158.999867,-83.457127],[-157.555287,-83.390232],[-156.917673,-83.230157],[-158.497182,-83.117934],[-155.592234,-83.046075],[-155.058787,-82.801935],[-152.542917,-82.54811],[-152.896799,-82.374119],[-154.804026,-81.965997],[-153.790354,-81.691013],[-154.996571,-81.48919],[-157.056711,-81.351332],[-157.063914,-81.255792],[-156.450144,-81.148696],[-152.529191,-81.047133],[-147.628,-80.92018],[-147.625559,-80.847263],[-148.406606,-80.746026],[-149.461659,-80.719171],[-149.018748,-80.591485],[-149.665151,-80.527032],[-149.968251,-80.393731],[-150.60912,-80.269708],[-150.133738,-80.185724],[-150.3697,-80.07464],[-148.834096,-80.13128],[-148.455068,-80.024184],[-148.518625,-79.886814],[-147.945668,-79.786554],[-149.001332,-79.686212],[-149.092397,-79.630304],[-150.446889,-79.559177],[-152.414174,-79.26393],[-152.234242,-79.110935],[-153.079335,-79.139418],[-154.969797,-79.034763],[-156.528269,-78.66367],[-156.052846,-78.494073],[-154.730336,-78.454685],[-154.290842,-78.38893],[-154.136586,-78.248305],[-155.251576,-78.205011],[-156.348012,-78.199884],[-157.199574,-78.252699],[-158.343861,-77.974379],[-158.637074,-77.864516],[-158.140207,-77.427911],[-158.311716,-77.13242],[-157.925404,-77.056329],[-157.083079,-77.351251],[-156.467112,-77.260675],[-156.810984,-77.191502],[-156.323842,-77.066095],[-155.865549,-77.059747],[-155.475046,-77.167901],[-154.894399,-77.103692],[-153.534047,-77.254164],[-153.248036,-77.446466],[-152.575429,-77.502048],[-152.485463,-77.319106],[-151.514597,-77.416436],[-149.974965,-77.816176],[-148.673695,-77.6749],[-148.801503,-77.583754],[-147.758209,-77.461684],[-149.020863,-77.337823],[-148.86738,-77.137384],[-148.513051,-77.107599],[-147.846832,-77.263767],[-147.701161,-77.409438],[-146.889801,-77.255792],[-146.396596,-77.495212],[-145.406646,-77.479262],[-145.964467,-77.25449],[-145.275014,-77.221124],[-145.592519,-76.916762],[-146.618072,-76.532403],[-147.081695,-76.432794],[-148.03954,-76.4485],[-148.45283,-76.506036],[-149.63976,-76.429946],[-149.483347,-76.293227],[-149.033274,-76.301935],[-148.539662,-76.228285],[-148.197092,-76.087091],[-147.164459,-76.232192],[-146.250722,-76.423761],[-145.354644,-76.434503],[-145.538645,-76.315525],[-146.499623,-76.087009],[-146.209218,-75.91546],[-145.180328,-75.907159],[-144.891225,-75.840916],[-144.16039,-75.803969],[-144.307607,-75.642348],[-143.391835,-75.538263],[-142.679433,-75.561782],[-142.46703,-75.431736],[-141.861399,-75.521173],[-141.52717,-75.767511],[-140.912953,-75.762384],[-141.238433,-75.598728],[-140.277008,-75.43255],[-140.157053,-75.34059],[-139.56664,-75.148045],[-137.477447,-75.088149],[-137.094879,-75.179864],[-136.346018,-75.17783],[-136.877594,-75.038181],[-136.884877,-74.828302],[-136.224843,-74.70143],[-135.700103,-74.677992],[-135.342397,-74.560154],[-134.518625,-74.643243],[-134.586252,-74.736261],[-133.865549,-74.928318],[-132.791168,-74.76865],[-132.578725,-74.825779],[-132.093129,-74.763279],[-131.555409,-74.845961],[-131.012807,-74.816502],[-129.975087,-74.913263],[-128.473012,-74.763442],[-126.939076,-74.67669],[-126.113433,-74.761489],[-125.740061,-74.704767],[-124.365631,-74.706964],[-124.05134,-74.81113],[-122.200022,-74.753839],[-122.003896,-74.77516],[-120.829335,-74.739841],[-120.153961,-74.660089],[-119.897328,-74.681899],[-119.134999,-74.598077],[-118.975494,-74.404229],[-118.123891,-74.312758],[-117.662343,-74.503351],[-116.693471,-74.557875],[-116.050201,-74.497328],[-115.649322,-74.530938],[-114.83849,-74.471449],[-115.124867,-74.094903],[-114.733998,-73.926853],[-114.210032,-73.863458],[-113.611195,-74.02516],[-113.422027,-74.1749],[-113.883209,-74.237074],[-113.649281,-74.587986],[-113.969635,-74.884861],[-113.789662,-74.977472],[-112.917795,-74.873142],[-112.245758,-74.862563],[-111.542633,-74.801528],[-111.916819,-74.618422],[-111.697092,-74.422947],[-111.887034,-74.228611],[-111.230784,-74.19671],[-110.741363,-74.320245],[-110.448598,-74.271254],[-110.103139,-74.548598],[-110.294423,-74.781915],[-110.675445,-74.82936],[-111.017893,-74.989028],[-111.526845,-75.108005],[-111.481068,-75.195733],[-110.445912,-75.192966],[-110.172841,-75.23919],[-109.69286,-75.146091],[-108.103668,-75.256524],[-107.866078,-75.3235],[-106.449127,-75.316827],[-105.141754,-75.181329],[-103.812164,-75.153009],[-103.295969,-75.085382],[-102.596547,-75.129002],[-101.564198,-75.146742],[-101.65685,-75.305352],[-101.14859,-75.371759],[-100.137441,-75.384454],[-99.431386,-75.303399],[-98.641957,-75.309503],[-98.899078,-75.174981],[-99.379709,-75.112726],[-99.323964,-74.962579],[-99.884429,-74.92197],[-100.083363,-74.846124],[-100.130727,-74.473403],[-100.927317,-74.550551],[-101.395904,-74.502699],[-101.30663,-74.306573],[-101.589223,-74.000177],[-102.923329,-73.857517],[-102.788971,-73.748793],[-102.88976,-73.585545],[-101.385365,-73.667169],[-101.16393,-73.770685],[-100.458608,-73.72617],[-99.867421,-73.733087],[-98.891225,-73.588474],[-99.48526,-73.547459],[-99.768056,-73.36419],[-101.856597,-73.304457],[-102.873647,-73.308201],[-103.288319,-73.159356],[-103.261342,-73.006606],[-103.429921,-72.849379],[-103.041412,-72.707615],[-102.093984,-72.771742],[-102.188629,-72.894464],[-101.960317,-73.055597],[-101.31017,-72.990818],[-100.76594,-72.976007],[-100.376861,-73.065851],[-99.68224,-73.017267],[-97.717437,-73.025323],[-97.418853,-73.124933],[-96.474965,-73.299493],[-95.842681,-73.331476],[-95.688588,-73.244399],[-95.193756,-73.20908],[-94.577992,-73.235528],[-94.335805,-73.321547],[-93.571645,-73.175226],[-93.022694,-73.193129],[-92.801381,-73.142755],[-91.953847,-73.184503],[-91.114858,-73.300714],[-90.534291,-73.280206],[-90.206695,-73.149835],[-89.283803,-73.106622],[-89.087961,-72.960056],[-89.110504,-72.764337],[-89.3485,-72.634535],[-88.2235,-72.712335],[-88.108754,-72.843357],[-88.406321,-72.91839],[-88.714019,-73.119806],[-88.443837,-73.263604],[-87.504954,-73.201104],[-86.946523,-73.383559],[-86.460357,-73.337335],[-86.367747,-73.262791],[-85.678619,-73.177504],[-85.542877,-73.37184],[-85.101471,-73.487074],[-84.466908,-73.569431],[-83.751698,-73.560235],[-83.881581,-73.666681],[-82.933705,-73.710382],[-82.064768,-73.886977],[-81.233998,-73.730239],[-81.115468,-73.569513],[-81.328236,-73.480076],[-81.311187,-73.273045],[-80.81017,-73.263116],[-80.436757,-73.188165],[-80.65099,-73.084405],[-80.377675,-72.949965],[-79.64745,-73.03867],[-78.744049,-73.364923],[-78.871816,-73.583185],[-78.201243,-73.556329],[-77.531158,-73.467462],[-76.69872,-73.54754],[-77.242421,-73.812433],[-76.277211,-73.820896],[-75.268137,-73.621189],[-74.105133,-73.716078],[-73.07311,-73.444431],[-72.513539,-73.46087],[-72.239247,-73.388849],[-71.422963,-73.353774],[-70.882924,-73.256036],[-70.292958,-73.29339],[-69.918853,-73.21852],[-69.336985,-73.180108],[-68.667348,-73.088149],[-68.466868,-73.01572],[-67.511098,-72.83408],[-67.221913,-72.593683],[-66.747955,-72.092055],[-66.80016,-71.955499],[-67.424143,-71.620538],[-67.622629,-71.433364],[-67.411122,-70.992852],[-67.64269,-70.85475],[-67.683583,-70.626153],[-67.949371,-70.311782],[-68.483754,-70.052667],[-68.361887,-69.683364],[-68.824859,-69.431329],[-68.653798,-69.382094],[-67.953277,-69.374607],[-67.527496,-69.433689],[-67.253041,-69.273045],[-67.009592,-69.262465],[-66.759145,-69.071222],[-66.878163,-68.964451],[-67.273264,-68.943292],[-67.384185,-68.79339],[-67.016184,-68.78574],[-66.945872,-68.222833],[-67.268707,-67.968683],[-66.873769,-67.918064],[-66.796742,-67.80047],[-67.016021,-67.741143],[-66.632069,-67.543552],[-66.992747,-67.468683],[-67.472157,-67.549005],[-67.660797,-67.482843],[-67.535878,-67.358087],[-67.540395,-67.138767],[-66.917307,-66.956801],[-66.887522,-67.168145],[-66.456532,-67.198826],[-66.614166,-67.038018],[-66.440582,-66.845636],[-66.512074,-66.630141],[-66.292144,-66.58587],[-65.800364,-66.715753],[-65.642934,-66.37713],[-65.640533,-66.214776],[-65.259755,-65.957452],[-64.916575,-65.926935],[-64.686513,-66.038344],[-64.145131,-65.623956],[-63.682281,-65.523858],[-64.109853,-65.267755],[-63.826975,-65.030206],[-63.083608,-65.166111],[-63.233754,-64.965265],[-62.897857,-64.931085],[-62.518056,-64.731866],[-62.141835,-64.784845],[-61.915679,-64.574884],[-61.604319,-64.560724],[-61.582875,-64.442641],[-61.113189,-64.381443],[-60.968658,-64.295668],[-60.877187,-64.047459],[-60.306467,-63.91546],[-59.953847,-63.94671],[-59.910878,-63.847914],[-59.489003,-63.879083],[-58.920766,-63.650974],[-58.898549,-63.540216],[-58.131703,-63.444431],[-57.880279,-63.314711],[-57.28661,-63.214776],[-57.105865,-63.241388],[-56.776031,-63.563084],[-57.095937,-63.651788],[-57.12678,-63.503513],[-57.445383,-63.444431],[-57.482167,-63.565525],[-57.750885,-63.656345],[-58.077056,-63.662856],[-58.29247,-63.753595],[-58.733306,-64.031427],[-58.769928,-64.282403],[-58.993031,-64.443455],[-59.275299,-64.454848],[-59.417633,-64.330824],[-59.754221,-64.436293],[-60.234486,-64.520685],[-60.35554,-64.628188],[-60.636301,-64.696547],[-61.051747,-65.010919],[-61.739369,-65.087823],[-62.198313,-65.304457],[-61.960846,-65.493585],[-62.06607,-65.69199],[-62.341664,-65.795099],[-62.372426,-65.915704],[-62.022776,-66.111505],[-61.712148,-66.139581],[-61.577626,-66.022719],[-61.339345,-66.08766],[-61.244618,-65.912856],[-60.577504,-65.940118],[-61.022206,-66.132582],[-60.875885,-66.187595],[-61.167633,-66.304783],[-61.248769,-66.158787],[-61.682362,-66.316583],[-61.955637,-66.207778],[-62.220326,-66.174249],[-62.668284,-66.227472],[-62.760894,-66.316095],[-62.551137,-66.413181],[-62.905141,-66.476739],[-63.162994,-66.35296],[-63.234609,-66.239435],[-63.755767,-66.214614],[-63.737538,-66.319431],[-63.911977,-66.502618],[-63.936187,-66.704197],[-63.751332,-66.787693],[-63.831288,-66.917901],[-64.36852,-66.911228],[-64.773793,-66.845636],[-64.966298,-67.033868],[-64.749135,-67.307306],[-65.326894,-67.399102],[-65.588735,-67.554376],[-65.337473,-67.657973],[-65.55016,-67.72031],[-65.672841,-67.88836],[-65.38036,-68.011651],[-65.780914,-68.094822],[-65.760732,-68.165704],[-64.989084,-68.089125],[-65.166615,-68.21502],[-65.481068,-68.308364],[-65.391591,-68.386163],[-64.975697,-68.40781],[-65.338531,-68.563409],[-65.166493,-68.628595],[-64.359446,-68.784438],[-64.077382,-68.714939],[-64.127838,-68.545017],[-63.328481,-68.415134],[-63.465443,-68.54754],[-63.741811,-68.57171],[-63.812896,-68.71795],[-63.21231,-68.838637],[-63.867543,-69.007013],[-63.32079,-69.050063],[-62.962514,-69.379002],[-62.653432,-69.38893],[-62.397288,-69.515232],[-62.384185,-69.681085],[-62.529652,-69.863946],[-62.009267,-70.07586],[-61.868723,-70.208266],[-62.259429,-70.218357],[-62.380483,-70.413995],[-61.354237,-70.56113],[-62.005767,-70.793145],[-61.261708,-70.89422],[-61.333852,-71.039972],[-60.93456,-71.182224],[-61.129303,-71.414809],[-61.725819,-71.53281],[-61.55724,-71.690606],[-61.119049,-71.539321],[-60.771555,-71.760024],[-61.091786,-71.871026],[-61.497222,-71.854913],[-62.440907,-71.91961],[-62.112213,-72.009535],[-61.427398,-72.065199],[-60.65453,-72.041599],[-60.937856,-72.15838],[-60.661773,-72.255792],[-60.642568,-72.429946],[-61.365631,-72.465997],[-61.041819,-72.701593],[-60.520416,-72.682712],[-60.622141,-72.942315],[-60.246978,-73.033949],[-59.904124,-72.993422],[-60.093577,-73.299249],[-60.450429,-73.301935],[-60.703114,-73.391046],[-61.167633,-73.319757],[-61.369985,-73.203709],[-62.065094,-73.130466],[-61.568471,-73.353123],[-61.71288,-73.460138],[-60.79955,-73.577895],[-60.734731,-73.715753],[-60.910797,-73.899835],[-61.791005,-73.906671],[-61.350453,-74.066176],[-61.055409,-74.103123],[-61.404408,-74.24863],[-60.858144,-74.245212],[-60.681956,-74.324802],[-61.06786,-74.519627],[-61.542714,-74.544041],[-62.334218,-74.458103],[-61.782135,-74.721775],[-62.131907,-74.951593],[-62.591054,-74.951104],[-62.673166,-74.703302],[-63.292958,-74.720147],[-63.062245,-74.892511],[-63.57311,-74.871352],[-63.040924,-75.147231],[-63.509633,-75.159356],[-64.272328,-75.241143],[-63.16161,-75.409438],[-66.218617,-76.010837],[-68.104319,-76.147882],[-68.018137,-76.221124],[-69.474843,-76.340997],[-70.180898,-76.450616],[-69.978383,-76.534601],[-70.332143,-76.677667],[-70.77481,-76.733494],[-71.709055,-76.762791],[-72.406239,-76.689386],[-73.936838,-76.653009],[-74.082021,-76.693617],[-75.210276,-76.565199],[-75.894276,-76.621026],[-76.499257,-76.524998],[-76.929067,-76.603774],[-77.509267,-76.556085],[-77.52359,-76.72975],[-77.186879,-76.826593],[-76.322581,-77.262872],[-75.921295,-77.336602],[-75.526601,-77.541192],[-75.080393,-77.437107],[-72.722279,-77.575616],[-72.804514,-77.698989],[-73.627309,-78.024998],[-74.269439,-78.129164],[-75.217641,-78.144627],[-77.685414,-77.929864],[-79.145579,-77.844659],[-79.423695,-77.878025],[-80.227162,-77.797784],[-80.762278,-77.789972],[-81.6162,-77.862074],[-79.280814,-78.171817],[-77.412506,-78.41961],[-77.361195,-78.624444],[-77.754018,-78.735772],[-80.295237,-78.846775],[-82.48705,-78.465753],[-83.677561,-78.011489],[-83.681264,-78.327244],[-83.886138,-78.419366],[-83.253529,-78.772719],[-82.579498,-78.944594],[-81.742787,-79.065362],[-81.105702,-79.203383],[-81.319325,-79.298517],[-81.11734,-79.469903],[-80.49234,-79.577895],[-80.429351,-79.258477],[-76.532582,-79.312921],[-75.924631,-79.520278],[-76.097646,-79.733575],[-76.632192,-79.939223],[-77.419057,-80.013849],[-79.687327,-79.982599],[-78.37267,-80.150323],[-77.666127,-80.181736],[-76.274485,-80.08115],[-76.115346,-80.281915],[-75.57844,-80.403497],[-75.42398,-80.541599],[-75.711985,-80.638116],[-74.838287,-80.919366],[-74.046864,-80.804132],[-72.769195,-80.969171],[-72.557037,-80.798598],[-71.281809,-80.663507],[-70.433705,-80.657322],[-70.397125,-80.823337],[-69.975819,-80.976007],[-68.371653,-81.110284],[-65.174306,-81.512302],[-62.414174,-81.55755],[-62.207346,-81.69256],[-65.691721,-81.710545],[-65.624867,-81.784112],[-63.4794,-81.780043],[-63.577219,-81.87184],[-65.80309,-81.88836],[-66.062408,-82.195408],[-65.072581,-82.40602],[-63.841786,-82.302179],[-62.471913,-82.256443],[-61.120229,-82.344334],[-62.795033,-82.519708],[-61.932485,-82.972345],[-60.978342,-82.975193],[-61.04011,-83.119561],[-61.624827,-83.312188],[-60.446116,-83.468683],[-59.46996,-83.460138],[-57.698883,-82.910252],[-56.338043,-82.64544],[-55.927235,-82.483087],[-55.187611,-82.458266],[-54.761545,-82.299737],[-53.224924,-82.125095],[-52.643137,-82.160414],[-50.763173,-81.958754],[-50.557932,-81.993829],[-48.38036,-81.890313],[-46.279205,-81.909763],[-46.088775,-82.224379],[-46.688791,-82.40545],[-46.5183,-82.503351],[-45.520416,-82.526625],[-44.537221,-82.380304],[-44.011098,-82.391209],[-43.147776,-82.11419],[-43.190297,-81.899672],[-41.986195,-81.619561],[-41.763824,-81.410414],[-41.119496,-81.22617],[-40.39802,-81.169854],[-38.75536,-80.871026],[-37.622792,-80.996026],[-36.033193,-80.920668],[-35.214955,-80.695408],[-35.358388,-80.61533],[-33.476186,-80.615411],[-32.030507,-80.435235],[-30.505849,-80.478204],[-31.278879,-80.297133],[-29.924184,-80.284356],[-29.760813,-80.175551],[-26.332875,-80.122003],[-26.195139,-80.091485],[-24.25414,-80.075942],[-24.068593,-80.009942],[-22.905629,-79.982843],[-22.766835,-79.926202],[-23.738759,-79.830011],[-24.729848,-79.781996],[-28.692114,-79.65271],[-30.673248,-79.588067],[-29.541371,-79.280043],[-30.449452,-79.217218],[-30.611195,-79.074965],[-32.82018,-79.24391],[-34.218129,-79.138116],[-34.258453,-79.076593],[-36.251332,-78.851658],[-36.441151,-78.611261],[-36.013092,-78.210545],[-35.580963,-78.150486],[-35.312856,-77.844415],[-34.664296,-77.853611],[-34.711497,-77.62949],[-34.320546,-77.466404],[-33.721099,-77.310968],[-33.120432,-77.253106],[-32.50064,-77.126153],[-31.915028,-77.150811],[-31.696116,-76.976658],[-30.692128,-76.849786],[-30.153472,-76.635349],[-28.85912,-76.353285],[-27.337636,-76.172052],[-26.985178,-76.169692],[-25.94815,-75.933038],[-24.325592,-75.77988],[-23.269358,-75.73797],[-22.301869,-75.644627],[-21.17394,-75.705011],[-20.399485,-75.472101],[-19.767649,-75.549493],[-19.240468,-75.548435],[-18.5065,-75.415704],[-18.873525,-75.249444],[-18.535878,-75.053155],[-17.802154,-74.776544],[-17.965688,-74.637872],[-17.623158,-74.585219],[-17.456288,-74.337172],[-16.597279,-74.307387],[-15.753082,-74.430434],[-15.195546,-74.360528],[-15.302113,-74.221449],[-14.827992,-74.081231],[-14.361806,-73.85768],[-14.697133,-73.789646],[-15.686269,-73.9485],[-16.175933,-73.939223],[-16.196401,-73.83408],[-16.602854,-73.633559],[-16.438466,-73.413263],[-15.976186,-73.303806],[-15.978871,-73.194594],[-15.541412,-73.076837],[-14.883209,-73.042413],[-14.097483,-73.132989],[-13.895253,-72.986749],[-14.222646,-72.828302],[-14.221099,-72.711684],[-13.653066,-72.791681],[-13.181264,-72.803888],[-12.861195,-72.653497],[-12.456044,-72.559666],[-11.356557,-72.396417],[-11.250356,-72.100763],[-11.032297,-72.048923],[-10.949086,-71.742852],[-11.527415,-71.755304],[-12.17516,-71.623956],[-12.380727,-71.39544],[-11.879506,-71.260349],[-11.609486,-71.416925],[-11.370595,-71.423435],[-11.072092,-71.549005],[-10.600331,-71.527032],[-10.727651,-71.389093],[-10.595611,-71.297296],[-10.101064,-71.181085],[-9.939524,-71.062433],[-9.45165,-71.099216],[-9.105051,-71.185317],[-8.614125,-71.699884],[-8.295237,-71.626153],[-7.816762,-71.67197],[-7.596588,-71.594008],[-7.765207,-71.428399],[-7.568512,-71.334649],[-7.564198,-71.150567],[-7.892486,-70.970636],[-7.855784,-70.82586],[-7.284291,-70.791192],[-6.618276,-70.924005],[-6.31786,-70.70794],[-6.01358,-70.679783],[-5.675282,-70.73268],[-5.56664,-70.841729],[-5.735707,-71.038832],[-6.019887,-71.108982],[-6.14977,-71.366306],[-5.193837,-71.330824],[-3.709584,-71.387628],[-3.337799,-71.425226],[-2.887074,-71.267999],[-2.236724,-71.387302],[-2.131256,-71.482599],[-1.306264,-71.402765],[-1.137563,-71.255304],[-0.812815,-71.377537],[-0.952138,-71.62363],[-0.469309,-71.754002],[0.232188,-71.349867],[0.933767,-71.179376],[1.451915,-71.118259],[1.948578,-70.991143],[2.519705,-70.900567],[3.074067,-70.894627],[3.808279,-70.802016],[4.223969,-70.783787],[5.006114,-70.642673],[5.587738,-70.649184],[6.559093,-70.577895],[7.567393,-70.524347],[7.423513,-70.20436],[7.835297,-70.16367],[7.930431,-70.472345],[8.443126,-70.482354],[9.167817,-70.308038],[8.887462,-70.215509],[9.080577,-70.089288],[9.403575,-70.104262],[9.979259,-70.453546],[10.722667,-70.636895],[11.853526,-70.781508],[12.081716,-70.674005],[12.087738,-70.545343],[12.322032,-70.370294],[13.018321,-70.241795],[13.292328,-70.247328],[13.848806,-70.347833],[14.510509,-70.283868],[15.534841,-70.33766],[15.826915,-70.377618],[15.962576,-70.18963],[16.519867,-70.126723],[16.653331,-70.185968],[16.598155,-70.3742],[16.871104,-70.439386],[17.75115,-70.49391],[18.093761,-70.542413],[18.49822,-70.502537],[18.316173,-70.324395],[19.153494,-70.203546],[19.296641,-70.368097],[18.930919,-70.736017],[19.289236,-70.914321],[19.732758,-70.892673],[20.403982,-70.923435],[21.201182,-70.812188],[21.208507,-70.57643],[21.611339,-70.272149],[21.801606,-70.235935],[22.579275,-70.540216],[22.326915,-70.759454],[22.941742,-70.826349],[23.323009,-70.809747],[23.752452,-70.402602],[24.108897,-70.409438],[24.408865,-70.533949],[24.319347,-70.74033],[24.968028,-70.945489],[26.445649,-71.032403],[27.197032,-70.897068],[27.628429,-70.741306],[28.451671,-70.694024],[29.021821,-70.572035],[29.448253,-70.395685],[29.841156,-70.311293],[30.935313,-70.214614],[31.280447,-70.237074],[32.568858,-70.051528],[32.851085,-69.945489],[32.837576,-69.784763],[32.975759,-69.672133],[32.927908,-69.343683],[32.532481,-69.118829],[32.498871,-68.930922],[32.838064,-68.75213],[33.215994,-68.66961],[34.214203,-68.677911],[34.371267,-68.806329],[34.091156,-68.852472],[33.771251,-69.053481],[33.921641,-69.122247],[34.361501,-69.132908],[34.58725,-69.066827],[35.19988,-69.294122],[35.104747,-69.459649],[35.243988,-69.73561],[35.708344,-69.666111],[36.750987,-69.637465],[36.973806,-69.790623],[37.54005,-69.684747],[38.038422,-69.717462],[38.139334,-69.881443],[38.714041,-70.188735],[39.076427,-70.172621],[38.803559,-69.987726],[39.192638,-69.892511],[39.208832,-69.706638],[39.713064,-69.586847],[39.8449,-69.393243],[39.707367,-69.067966],[39.857921,-68.829522],[40.262869,-68.802179],[40.470551,-68.72617],[40.888845,-68.709405],[41.014822,-68.596449],[41.980724,-68.406345],[42.536143,-68.379571],[42.547048,-68.245782],[42.859386,-68.103774],[43.405528,-68.034601],[43.776052,-68.046482],[44.002208,-67.96852],[44.828624,-67.965916],[44.618012,-67.860447],[44.717133,-67.783624],[45.390391,-67.695977],[45.585297,-67.744887],[45.848643,-67.657485],[46.21697,-67.653009],[46.306,-67.559259],[46.280772,-67.334242],[46.479991,-67.275323],[46.892426,-67.264581],[47.024262,-67.352716],[47.441091,-67.409438],[46.919607,-67.506524],[47.327159,-67.566502],[47.264903,-67.650649],[48.168224,-67.658136],[48.391449,-67.758722],[48.171153,-67.888849],[48.38266,-68.02337],[48.614024,-67.879327],[48.718272,-67.681899],[48.629405,-67.451918],[49.174653,-67.377048],[49.34962,-67.182387],[49.044688,-67.152032],[48.731619,-67.220798],[48.448741,-67.181736],[48.361095,-67.016371],[48.588064,-66.93727],[49.327973,-66.883477],[49.311534,-67.046157],[49.793305,-67.02809],[50.585948,-67.216404],[50.926931,-67.120294],[50.479828,-67.049412],[50.427745,-66.962579],[50.61378,-66.761977],[50.286143,-66.768976],[50.191417,-66.586521],[50.322032,-66.393813],[50.537364,-66.303888],[51.352306,-66.221775],[51.772146,-66.037205],[52.22169,-65.972914],[52.847667,-65.962091],[53.734548,-65.84588],[55.183442,-65.930922],[55.611583,-66.027927],[56.377208,-66.452813],[56.807791,-66.40545],[57.207693,-66.531183],[57.242442,-66.718927],[56.496593,-66.685724],[56.3921,-66.832289],[56.601248,-66.943455],[56.208751,-67.08294],[56.209972,-67.336684],[56.558442,-67.109796],[56.967947,-67.046157],[57.277517,-67.084893],[57.562755,-66.994236],[58.138845,-67.152032],[58.870616,-67.165134],[59.044119,-67.236912],[58.793305,-67.341241],[59.264903,-67.484308],[59.65504,-67.510837],[59.678559,-67.394138],[60.618907,-67.400567],[61.167003,-67.505304],[61.273204,-67.593194],[61.608084,-67.539646],[62.117442,-67.56227],[62.617361,-67.660089],[63.112641,-67.533787],[63.65089,-67.503351],[64.425466,-67.590509],[64.720958,-67.65309],[66.724946,-67.791925],[67.128917,-67.759047],[67.33961,-67.810805],[68.070811,-67.847914],[68.37672,-67.895196],[69.106781,-67.846287],[69.229015,-67.758559],[69.555186,-67.738458],[69.682953,-67.864435],[69.634776,-68.122166],[70.115408,-68.493585],[69.663259,-68.578871],[69.621104,-68.735528],[69.281261,-68.831313],[69.660981,-68.984308],[69.303884,-69.047296],[69.72641,-69.169692],[69.705577,-69.327325],[68.970551,-69.309259],[68.742035,-69.389255],[69.046153,-69.557306],[69.355235,-69.61712],[69.155284,-69.875665],[68.892589,-69.993829],[68.606293,-70.026951],[68.270844,-69.834731],[67.605479,-70.014825],[67.467459,-70.208266],[68.076671,-70.453546],[68.748383,-70.334405],[69.146332,-70.308852],[69.248383,-70.406915],[69.212901,-70.671808],[69.00766,-70.942071],[68.669688,-71.203709],[68.339122,-71.257501],[67.83253,-71.538507],[67.882335,-71.665297],[67.449067,-71.895929],[66.999766,-72.903497],[66.346039,-73.129002],[66.385427,-73.201837],[67.34197,-73.302341],[67.959158,-73.14658],[68.117361,-72.952732],[67.91863,-72.711196],[68.494314,-72.474867],[69.042166,-72.420343],[69.515147,-72.431899],[69.946462,-72.080743],[70.53004,-72.047947],[70.729503,-71.946059],[70.687266,-71.831638],[71.121104,-71.730564],[71.077891,-71.627211],[71.202485,-71.335056],[71.541759,-70.960138],[71.848155,-70.844659],[71.796235,-70.716404],[72.192231,-70.652927],[72.86964,-70.433364],[72.627452,-70.194594],[72.766287,-70.069024],[73.230724,-69.978936],[73.248871,-69.858575],[73.472992,-69.780938],[74.221365,-69.733575],[74.274587,-69.907403],[74.467052,-69.925226],[75.217296,-69.867852],[75.438243,-69.937433],[75.883311,-69.778904],[75.753917,-69.621759],[75.820486,-69.525079],[76.215668,-69.420668],[76.828136,-69.351983],[77.000499,-69.211684],[77.841645,-69.13006],[77.985606,-68.820082],[78.142914,-68.758966],[78.669932,-68.6985],[78.464366,-68.501642],[78.746593,-68.262465],[79.131358,-68.147719],[80.737071,-67.884698],[80.876231,-67.892348],[82.059418,-67.671808],[82.36199,-67.704197],[82.586192,-67.603448],[82.877289,-67.635675],[83.215343,-67.579034],[83.41684,-67.428155],[83.724132,-67.313653],[84.249685,-67.224054],[84.414073,-67.123793],[84.962169,-67.076104],[85.167003,-67.159112],[85.616466,-67.188165],[86.067149,-67.040948],[86.696788,-67.063897],[87.108653,-66.933282],[87.965668,-66.770278],[88.230154,-66.853936],[88.744802,-66.784926],[89.654307,-66.840427],[90.087576,-66.770196],[90.372325,-66.820733],[91.145193,-66.573826],[91.379405,-66.600274],[91.960134,-66.498224],[92.369802,-66.594985],[92.760265,-66.633884],[92.972179,-66.574151],[93.623546,-66.582615],[93.753754,-66.744317],[93.997081,-66.731378],[94.426036,-66.621677],[94.545095,-66.543145],[94.917166,-66.475356],[95.321056,-66.556736],[95.636974,-66.679132],[96.4074,-66.583754],[96.610362,-66.614841],[96.974132,-66.508396],[97.235199,-66.507989],[97.47169,-66.63128],[98.247813,-66.447931],[98.527599,-66.448989],[98.623302,-66.609308],[98.90504,-66.783298],[99.678396,-66.592218],[99.923188,-66.499688],[100.470551,-66.397393],[100.821544,-66.384535],[101.331065,-66.083917],[101.336436,-65.944024],[101.683116,-65.967218],[102.337901,-65.951267],[102.713715,-65.861261],[103.306,-65.928155],[103.559906,-66.002211],[103.908214,-65.978774],[105.498546,-66.259942],[106.767833,-66.455743],[107.116954,-66.462579],[107.779145,-66.55169],[107.88559,-66.727716],[108.135753,-66.62477],[108.298188,-66.756443],[108.576427,-66.805841],[108.832774,-66.968032],[109.149587,-66.885349],[109.385753,-66.932712],[109.84783,-66.854425],[110.44516,-66.658298],[110.724946,-66.40545],[110.489024,-66.30877],[110.927094,-66.05462],[111.615571,-65.932875],[111.847423,-65.934747],[113.203624,-65.765395],[113.306163,-65.84238],[113.775564,-65.9485],[114.406749,-66.235935],[114.320567,-66.33115],[114.674653,-66.478774],[115.113455,-66.478123],[115.598969,-66.592869],[115.780772,-66.788263],[115.597423,-66.919529],[115.160167,-67.053969],[114.765391,-67.07171],[114.030121,-67.190688],[113.868419,-67.362237],[114.031505,-67.478448],[114.670095,-67.343438],[115.212169,-67.32586],[115.337901,-67.219496],[115.965505,-67.199314],[116.500011,-67.124282],[117.58725,-67.114841],[118.367931,-67.046482],[118.253184,-67.147719],[118.665538,-67.178969],[119.32838,-67.127618],[120.351736,-66.934828],[120.341319,-67.012384],[118.732188,-67.278904],[119.022227,-67.411798],[120.499278,-67.233087],[120.920665,-67.131524],[121.51531,-67.09295],[121.850841,-67.015883],[121.937755,-66.917576],[122.244395,-66.844985],[123.149913,-66.733168],[123.516124,-66.754083],[123.730317,-66.650323],[124.260509,-66.594985],[124.622813,-66.756443],[125.148123,-66.659601],[125.410411,-66.417657],[125.897797,-66.306248],[126.116384,-66.43906],[126.854259,-66.449314],[126.718923,-66.592869],[126.968272,-66.807875],[126.998709,-66.932794],[127.334239,-66.981622],[127.432384,-67.070408],[127.836436,-67.021173],[128.520518,-67.145766],[128.76352,-67.025811],[129.202647,-67.100356],[129.434093,-66.967218],[129.384613,-66.877862],[129.575857,-66.750177],[129.532563,-66.614435],[129.72169,-66.438246],[130.102712,-66.276788],[130.342459,-66.29518],[130.729991,-66.147149],[130.871593,-66.183282],[131.757823,-66.243341],[132.478282,-66.150649],[132.826915,-66.190362],[133.120372,-66.096775],[133.792328,-66.105401],[134.259451,-66.279555],[134.420665,-66.496515],[134.739268,-66.367283],[135.178477,-66.331476],[135.343028,-66.100681],[135.647309,-66.27809],[136.159516,-66.245375],[136.636485,-66.456476],[136.944591,-66.32822],[137.731944,-66.3742],[138.018728,-66.488539],[138.732107,-66.569594],[139.25172,-66.567153],[140.081554,-66.733168],[140.517426,-66.72503],[141.003673,-66.767348],[141.260265,-66.857029],[141.578136,-66.779962],[141.9817,-66.799981],[142.477061,-67.025974],[142.822032,-67.019708],[143.470714,-66.845636],[143.87615,-66.940362],[143.855317,-67.094171],[144.512462,-67.01572],[144.662364,-67.116632],[144.325206,-67.405532],[144.091563,-67.450779],[144.191905,-67.581231],[143.90919,-67.756117],[143.880707,-67.933852],[144.469086,-67.794366],[144.942068,-67.718927],[145.238129,-67.528253],[145.733409,-67.59295],[146.048106,-67.586602],[146.109711,-67.749607],[146.385427,-67.915216],[146.804454,-68.000665],[146.558279,-68.143243],[147.0713,-68.117446],[146.718028,-68.303399],[147.262462,-68.408949],[147.628673,-68.356052],[148.435395,-68.473321],[149.39031,-68.384373],[149.784923,-68.486912],[149.913341,-68.423435],[150.37794,-68.439874],[150.852875,-68.350763],[151.094249,-68.406996],[150.970714,-68.717218],[151.566905,-68.916762],[151.614513,-68.698419],[151.923839,-68.666762],[152.403087,-68.698663],[153.250662,-68.878188],[153.406749,-68.769138],[153.844981,-68.760431],[153.70045,-68.545668],[153.708263,-68.300063],[153.835948,-68.273614],[154.718516,-68.528253],[155.011078,-68.898858],[155.308604,-68.893324],[155.888031,-68.982599],[156.350108,-69.201918],[157.139822,-69.16131],[157.373546,-69.354669],[157.625499,-69.195408],[157.992198,-69.172133],[158.446544,-69.326755],[158.794444,-69.314874],[159.040701,-69.490655],[159.284679,-69.433038],[159.753591,-69.501886],[160.334483,-69.796075],[160.303071,-69.861586],[159.761241,-69.885186],[160.636485,-70.048761],[161.186778,-70.412042],[161.41627,-70.904474],[161.990082,-70.92254],[162.091075,-71.040785],[162.428477,-71.031671],[162.083018,-70.676935],[161.996104,-70.464288],[162.094412,-70.314142],[162.595225,-70.269138],[162.920177,-70.502537],[163.42213,-70.653578],[164.19988,-70.639337],[164.240408,-70.491143],[164.876475,-70.573826],[165.312266,-70.560317],[165.925792,-70.684259],[166.369477,-70.583917],[166.724457,-70.618259],[166.470714,-70.76629],[167.416189,-70.759047],[167.833018,-70.861423],[167.87794,-71.014337],[168.101329,-71.108494],[168.500255,-71.161065],[168.761485,-71.275567],[169.269216,-71.379978],[169.46461,-71.491143],[169.791515,-71.519464],[170.075857,-71.65602],[170.361827,-71.544041],[170.813731,-71.699802],[170.945811,-71.860772],[170.773611,-71.95086],[170.256358,-71.950779],[170.016368,-72.170831],[169.782725,-72.243341],[170.2824,-72.326349],[170.255382,-72.60296],[169.126475,-72.48504],[168.706716,-72.359063],[168.316173,-72.37363],[168.867361,-72.575942],[169.932465,-72.735935],[169.584483,-72.962172],[169.555024,-73.091241],[169.2199,-73.132501],[168.752615,-73.076918],[168.334158,-73.16546],[167.171397,-73.153009],[166.872081,-73.221368],[167.929373,-73.358657],[167.363129,-73.394301],[167.03297,-73.566095],[165.873709,-73.565851],[166.2942,-73.725763],[166.144379,-73.813409],[165.670258,-73.79697],[165.26059,-73.893324],[165.231212,-73.593032],[164.905935,-73.657159],[164.591482,-73.92669],[164.893809,-74.120375],[165.288097,-74.465265],[165.238536,-74.546645],[164.587413,-74.574884],[164.31837,-74.502618],[163.787283,-74.624444],[163.4699,-74.341974],[163.181977,-74.447035],[163.270763,-74.541762],[163.011892,-74.70143],[162.591482,-74.750177],[162.543142,-74.953709],[162.786143,-74.990004],[162.543468,-75.240167],[162.029552,-75.259861],[161.776378,-75.188897],[161.087087,-75.384373],[162.191091,-75.387791],[162.200531,-75.637872],[162.900076,-75.822931],[162.736095,-76.073907],[162.115571,-76.17018],[162.772797,-76.243748],[162.884288,-76.43906],[162.423188,-76.639255],[162.931407,-76.707452],[162.62615,-76.824884],[162.469005,-77.015313],[163.069509,-77.018731],[163.715831,-77.39658],[163.906505,-77.696384],[164.500743,-77.853936],[164.533702,-77.987074],[164.207856,-78.225763],[164.531749,-78.317153],[165.097179,-78.254002],[165.685232,-78.260837],[165.786876,-78.420668],[167.215668,-78.600681],[167.068207,-78.70672],[166.546723,-78.712009],[166.08961,-78.566827],[164.409679,-78.603936],[163.851736,-78.737074],[163.044607,-78.743829],[162.911306,-78.881768],[162.125743,-78.759861],[161.755382,-78.839451],[162.06544,-79.068617],[161.130382,-79.049412],[160.386974,-79.168145],[160.710704,-79.419203],[159.875499,-79.662042],[160.761485,-79.650811],[159.523692,-79.874933],[160.328868,-79.861261],[160.850922,-79.957452],[158.7824,-80.258966],[158.207286,-80.405938],[158.587901,-80.476983],[160.75172,-80.38006],[160.612071,-80.546808],[161.200938,-80.648207],[161.009288,-80.758559],[160.159923,-80.781508],[160.907481,-80.992852],[160.919444,-81.270196],[161.454112,-81.423517],[161.011485,-81.548761],[162.47934,-81.689142],[162.390147,-81.798028],[163.838715,-82.231052],[160.639659,-82.422947],[160.857677,-82.500909],[163.318858,-82.483005],[163.28004,-82.426365],[164.673188,-82.3388],[165.559255,-82.493422],[165.373302,-82.606134],[166.108897,-82.652927],[167.306488,-82.817071],[167.424164,-83.026056],[168.592784,-82.998956],[168.763927,-83.191339],[167.74879,-83.255141],[168.660899,-83.397149],[169.383474,-83.336847],[171.193126,-83.445571],[171.331228,-83.555434],[172.820649,-83.667901],[173.962169,-83.881768],[174.973888,-83.830499],[175.677745,-83.961602],[177.535167,-84.057875],[178.567393,-84.18377],[179.354991,-84.197361],[180,-84.352793],[180,-84.01662],[180,-83.518006],[180,-83.019391],[180,-82.520776],[180,-82.022161],[180,-81.523546],[180,-81.024931],[180,-80.526316],[180,-80.027701],[180,-79.529086],[180,-79.030471],[180,-78.531856],[180,-78.033241],[180,-77.534626],[180,-77.036011],[180,-76.537396],[180,-76.038781],[180,-75.540166],[180,-75.041551],[180,-74.542936],[180,-74.044321],[180,-73.545706],[180,-73.047091],[180,-72.548476],[180,-72.049861],[180,-71.551247],[180,-71.052632],[180,-70.554017],[180,-70.055402],[180,-69.556787],[180,-69.058172],[180,-68.559557],[180,-68.060942],[180,-67.562327],[180,-67.063712],[180,-66.565097],[180,-66.066482],[180,-65.567867],[180,-65.069252],[180,-64.570637],[180,-64.072022],[180,-63.573407],[180,-63.074792],[180,-62.576177],[180,-62.077562],[180,-61.578947],[180,-61.080332],[180,-60.581717],[180,-60.083102],[180,-59.584488],[180,-59.085873],[180,-58.587258],[180,-58.088643],[180,-57.590028],[180,-57.091413],[180,-56.592798],[180,-56.094183],[180,-55.595568],[180,-55.096953],[180,-54.598338],[180,-54.099723],[180,-53.601108],[180,-53.102493],[180,-52.603878],[180,-52.105263],[180,-51.606648],[180,-51.108033],[180,-50.609418],[180,-50.110803],[180,-49.612188],[180,-49.113573],[180,-48.614958],[180,-48.116343],[180,-47.617729],[180,-47.119114],[180,-46.620499],[180,-46.121884],[180,-45.623269],[180,-45.124654],[180,-44.626039],[180,-44.127424],[180,-43.628809],[180,-43.130194],[180,-42.631579],[180,-42.132964],[180,-41.634349],[180,-41.135734],[180,-40.637119],[180,-40.138504],[180,-39.639889],[180,-39.141274],[180,-38.642659],[180,-38.144044],[180,-37.645429],[180,-37.146814],[180,-36.969776],[180,-36.648199],[180,-36.149584],[180,-35.65097],[180,-35.152355],[180,-34.65374],[180,-34.155125],[180,-33.65651],[180,-33.157895],[180,-32.65928],[180,-32.160665],[180,-31.66205],[180,-31.163435],[180,-30.66482],[180,-30.166205],[180,-29.66759],[180,-29.168975],[180,-28.67036],[180,-28.171745],[180,-27.67313],[180,-27.174515],[180,-26.6759],[180,-26.177285],[180,-25.67867],[180,-25.180055],[180,-24.68144],[180,-24.182825],[180,-23.684211],[180,-23.185596],[180,-22.686981],[180,-22.188366],[180,-21.689751],[180,-21.191136],[180,-20.692521],[180,-20.193906],[180,-19.695291],[180,-19.196676],[180,-18.698061],[180,-18.199446],[180,-17.700831],[180,-17.202216],[180,-16.962782],[179.895274,-16.939142],[180,-16.785349],[180,-16.703601],[180,-16.541275],[180,-16.489519],[180,-16.204986],[180,-16.168951],[179.851248,-16.290948],[179.738455,-16.459242],[179.597911,-16.539809],[179.48878,-16.707615],[179.548106,-16.766046],[179.851085,-16.508559],[179.903819,-16.717706],[179.643809,-16.745701],[179.596853,-16.788751],[179.296886,-16.806817],[179.266368,-16.689874],[179.044444,-16.823826],[178.8838,-16.85768],[178.800955,-16.977716],[178.705333,-16.998793],[178.602306,-16.779718],[178.483572,-16.759942],[178.571788,-16.615492],[178.680919,-16.668064],[178.917003,-16.470636],[179.240408,-16.398126],[179.329275,-16.407973],[179.458181,-16.31992],[179.764415,-16.18141],[179.855968,-16.231134],[180,-16.149112],[180,-15.706371],[180,-15.207756],[180,-14.709141],[180,-14.210526],[180,-13.711911],[180,-13.213296],[180,-12.714681],[180,-12.216066],[180,-11.717452],[180,-11.218837],[180,-10.720222],[180,-10.221607],[180,-9.722992],[180,-9.224377],[180,-8.725762],[180,-8.227147],[180,-7.728532],[180,-7.229917],[180,-6.731302],[180,-6.232687],[180,-5.734072],[180,-5.235457],[180,-4.736842],[180,-4.238227],[180,-3.739612],[180,-3.240997],[180,-2.742382],[180,-2.243767],[180,-1.745152],[180,-1.246537],[180,-0.747922],[180,-0.249307],[180,0.00019],[180,0.249307],[180,0.747922],[180,1.246537],[180,1.745152],[180,2.243767],[180,2.742382],[180,3.240997],[180,3.739612],[180,4.238227],[180,4.736842],[180,5.235457],[180,5.734072],[180,6.232687],[180,6.731302],[180,7.229917],[180,7.728532],[180,8.227147],[180,8.725762],[180,9.224377],[180,9.722992],[180,10.221607],[180,10.720222],[180,11.218837],[180,11.717452],[180,12.216066],[180,12.714681],[180,13.213296],[180,13.711911],[180,14.210526],[180,14.709141],[180,15.207756],[180,15.706371],[180,16.204986],[180,16.703601],[180,17.202216],[180,17.700831],[180,18.199446],[180,18.698061],[180,19.196676],[180,19.695291],[180,20.193906],[180,20.692521],[180,21.191136],[180,21.689751],[180,22.188366],[180,22.686981],[180,23.185596],[180,23.684211],[180,24.182825],[180,24.68144],[180,25.180055],[180,25.67867],[180,26.177285],[180,26.6759],[180,27.174515],[180,27.67313],[180,28.171745],[180,28.67036],[180,29.168975],[180,29.66759],[180,30.166205],[180,30.66482],[180,31.163435],[180,31.66205],[180,32.160665],[180,32.65928],[180,33.157895],[180,33.65651],[180,34.155125],[180,34.65374],[180,35.152355],[180,35.65097],[180,36.149584],[180,36.648199],[180,37.146814],[180,37.645429],[180,38.144044],[180,38.642659],[180,39.141274],[180,39.639889],[180,40.138504],[180,40.637119],[180,41.135734],[180,41.634349],[180,42.132964],[180,42.631579],[180,43.130194],[180,43.628809],[180,44.127424],[180,44.626039],[180,45.124654],[180,45.241949],[180,45.623269],[180,46.121884],[180,46.620499],[180,47.119114],[180,47.617729],[180,48.116343],[180,48.614958],[180,49.113573],[180,49.612188],[180,50.110803],[180,50.609418],[180,51.108033],[180,51.606648],[180,52.105263],[180,52.603878],[180,53.102493],[180,53.601108],[180,54.099723],[180,54.598338],[180,55.096953],[180,55.595568],[180,56.094183],[180,56.592798],[180,57.091413],[180,57.590028],[180,58.088643],[180,58.587258],[180,59.085873],[180,59.584488],[180,60.083102],[180,60.581717],[180,61.080332],[180,61.578947],[180,62.077562],[180,62.576177],[180,63.074792],[180,63.573407],[180,64.072022],[180,64.570637],[180,65.06619],[179.779552,65.018215],[179.478689,64.82274],[179.250011,64.811225],[178.757986,64.640937],[177.744151,64.706366],[177.297699,64.838446],[177.025645,64.774359],[176.848155,64.850084],[176.210134,64.873969],[176.316742,64.767483],[176.727387,64.579169],[176.98585,64.711127],[177.491873,64.767524],[177.364268,64.563218],[177.453624,64.42064],[177.669932,64.305121],[178.000011,64.210354],[178.282563,64.35399],[178.399913,64.243354],[178.468272,63.992621],[178.693858,63.910468],[178.762869,63.642768],[178.59547,63.411322],[179.334809,63.196479],[179.417817,63.116523],[179.249522,62.984687],[179.540701,62.848944],[179.60906,62.705634],[179.383637,62.520819],[179.148774,62.496039],[179.150401,62.341864],[178.489431,62.436835],[178.061046,62.541083],[177.306814,62.582099],[177.334158,62.688178],[177.042247,62.768704],[176.931,62.694403],[177.014903,62.550482],[176.594249,62.485826],[176.279307,62.317084],[175.633474,62.191311],[175.17449,62.021918],[174.815115,61.947008],[174.489757,61.814643],[174.138031,61.844631],[173.990977,61.714545],[173.544607,61.749091],[173.497081,61.571275],[173.128429,61.396959],[172.931326,61.351549],[172.646739,61.191107],[172.386078,61.227444],[172.476085,61.055732],[172.242686,61.019843],[172.006847,60.855211],[171.406505,60.750474],[171.372406,60.643052],[171.179454,60.558905],[170.81072,60.512112],[170.58074,60.433905],[170.400645,59.965644],[170.265147,59.920356],[169.955821,60.059231],[169.746755,60.283026],[169.707774,60.399482],[169.166515,60.567328],[168.624766,60.555609],[168.484711,60.598578],[168.096365,60.571479],[167.048106,60.328437],[166.287771,59.84455],[166.109548,59.82746],[166.175304,60.120307],[166.287771,60.224677],[166.249685,60.383531],[166.052257,60.453843],[165.721446,60.269721],[165.129649,60.084174],[165.198578,60.005194],[165.01352,59.847968],[164.80714,59.789618],[164.723318,59.956773],[164.488536,60.111029],[164.339122,59.991523],[163.651541,60.051663],[163.698009,59.904039],[163.378184,59.814358],[163.390147,59.631537],[163.168712,59.510565],[163.303071,59.433051],[163.312511,59.287543],[163.080577,59.271308],[162.886567,59.113511],[163.068549,58.968053],[162.816195,58.887224],[162.405294,58.654445],[162.169868,58.405917],[161.993228,58.087392],[162.025564,57.928778],[162.21461,57.821723],[162.455539,57.784351],[162.529796,57.93651],[162.711599,57.966742],[163.00387,57.837528],[163.218942,57.813458],[163.32951,57.708945],[163.074834,57.461],[162.833119,57.383312],[162.785899,57.145453],[162.859851,57.051443],[162.7835,56.763029],[163.280572,56.688012],[163.240977,56.593166],[163.366069,56.180659],[163.111176,56.101508],[163.051208,56.005404],[162.821618,56.056199],[162.638025,56.220794],[162.753632,56.347036],[162.740187,56.479779],[162.401189,56.369765],[162.59254,56.26849],[162.1421,56.129055],[161.777081,55.608327],[161.747686,55.375954],[161.812981,55.179184],[162.153168,54.849921],[162.130147,54.772415],[161.753184,54.519761],[161.31186,54.490139],[161.066417,54.596829],[160.741222,54.535224],[160.052989,54.175727],[159.901541,53.981879],[159.844086,53.796942],[159.969249,53.570299],[159.922374,53.283637],[160.015636,53.115424],[159.632498,53.257148],[159.003266,53.07685],[158.515636,52.746324],[158.547699,52.296047],[158.286388,52.034247],[158.286876,51.967515],[157.759192,51.543983],[157.536876,51.48607],[157.446538,51.347898],[157.045909,51.123603],[156.719698,50.886454],[156.761545,51.077974],[156.721874,51.195482],[156.535492,51.289252],[156.480235,51.516547],[156.501231,51.775051],[156.439192,52.216031],[156.372775,52.404624],[156.431895,52.524604],[156.265726,52.598171],[156.111196,52.93542],[155.935802,53.86518],[155.728038,54.426825],[155.610037,54.894924],[155.551177,55.284205],[155.686209,56.03913],[155.756033,56.106676],[155.924327,56.58454],[156.125255,56.832017],[156.385582,56.911754],[156.831616,57.213451],[157.001288,57.425505],[156.930675,57.658433],[156.801036,57.773383],[156.981456,57.857123],[157.241873,57.770494],[157.4699,57.803941],[157.723155,58.024604],[157.947032,57.9831],[158.167979,58.020738],[158.654796,58.269436],[159.023774,58.414781],[159.750743,58.925605],[159.864431,59.14057],[160.310313,59.346137],[160.497325,59.552476],[160.804942,59.605373],[161.283896,59.870534],[161.532849,60.067615],[161.897215,60.202961],[161.938555,60.416788],[162.206228,60.538031],[162.753673,60.645941],[162.888983,60.752484],[163.345659,60.799292],[163.774263,60.91852],[163.487303,61.001664],[164.028819,61.346625],[163.759494,61.479001],[163.866057,61.646524],[164.044815,61.683433],[164.127194,62.262379],[164.418061,62.353483],[164.538313,62.45111],[164.98842,62.403042],[164.597937,62.673065],[164.055126,62.656096],[163.26705,62.521995],[163.231523,62.311399],[163.091487,62.226638],[163.147789,62.037638],[162.978398,61.809509],[163.326549,61.657856],[162.417247,61.675849],[161.98639,61.372619],[161.595627,61.255178],[161.183574,60.992607],[160.915149,60.899645],[160.828489,60.754661],[160.381794,60.701606],[160.170095,60.824897],[160.424876,60.983678],[160.000141,61.106118],[159.907725,61.259426],[159.965225,61.378036],[160.413958,61.764781],[160.295159,61.93993],[159.966724,61.758828],[159.577213,61.652771],[159.526067,61.796117],[159.359874,61.893012],[158.920746,61.903022],[158.853038,61.826321],[158.260227,61.825934],[158.080164,61.734],[157.464509,61.782105],[157.027599,61.65058],[156.923833,61.551813],[156.679463,61.524017],[156.648543,61.327985],[156.546888,61.209226],[156.007631,60.949572],[155.920739,60.754794],[154.952403,60.367418],[154.563698,60.093705],[154.407835,60.062928],[154.487804,59.896308],[154.22077,59.86962],[154.276159,59.650074],[154.075043,59.509182],[154.263782,59.436878],[154.428762,59.547034],[154.962901,59.49608],[155.209713,59.34388],[155.194102,59.175767],[154.501565,59.217887],[154.35771,59.110587],[154.048676,59.052802],[153.802013,59.172309],[153.369151,59.241278],[153.337275,59.089887],[153.0901,59.083094],[152.91605,58.916555],[152.55674,58.949981],[152.404796,59.023424],[152.166129,58.984063],[152.020298,58.875037],[151.359093,58.855993],[151.216528,59.091682],[151.437731,59.170317],[151.766041,59.133628],[152.109357,59.155798],[152.136729,59.29621],[151.760265,59.299262],[151.637576,59.48248],[151.3221,59.555888],[150.937106,59.555868],[150.843143,59.448377],[150.456806,59.61259],[149.597725,59.758205],[149.132907,59.640736],[148.968435,59.452216],[148.992492,59.356102],[148.787937,59.236484],[148.437466,59.262317],[148.393728,59.379299],[147.913848,59.390471],[147.591075,59.304145],[146.719574,59.381903],[146.439642,59.460409],[146.312185,59.278754],[146.050292,59.138873],[145.843909,59.292736],[145.975797,59.398749],[145.675304,59.423489],[145.000759,59.369583],[143.840505,59.402476],[143.493617,59.318518],[143.159679,59.353909],[142.581798,59.226102],[142.26238,59.124579],[141.946788,58.94302],[141.583734,58.617749],[141.185633,58.456356],[140.904307,58.382758],[140.666759,58.191107],[140.495728,57.844774],[139.98154,57.687738],[139.789678,57.482731],[139.563068,57.430056],[139.418459,57.297194],[139.196544,57.27265],[138.932957,57.135025],[138.922476,57.058116],[138.661615,56.977943],[138.267833,56.626626],[138.114838,56.528104],[138.223477,56.42416],[137.914067,56.359526],[137.834428,56.225476],[137.571951,56.116523],[136.773285,55.660549],[136.565515,55.623199],[136.319021,55.486558],[136.219779,55.354589],[135.868943,55.173886],[135.534255,55.086565],[135.219571,54.894121],[135.265147,54.721666],[135.654145,54.665961],[135.750173,54.57095],[136.249278,54.620429],[136.534923,54.595526],[136.761241,54.644924],[136.883311,54.591376],[136.738617,54.413804],[136.820649,54.316107],[136.780284,54.063788],[136.689138,54.012274],[136.684744,53.808498],[137.18572,53.85106],[137.290863,54.035712],[137.061371,54.145697],[137.451427,54.317613],[137.684581,54.276597],[137.485362,54.112128],[137.596934,53.824164],[137.335134,53.529364],[137.918224,53.586615],[138.298188,53.756171],[138.536632,53.786078],[138.246837,53.532782],[138.502126,53.543524],[138.655772,53.731757],[138.76059,53.975246],[138.738536,54.315985],[139.161876,54.204739],[139.371837,54.195868],[139.797048,54.297431],[139.815929,54.215155],[140.240571,54.056952],[140.251964,53.89057],[140.539806,53.671698],[140.949718,53.488959],[141.251231,53.310981],[141.377696,53.309638],[141.432953,53.148871],[141.188813,52.987494],[141.259288,52.846625],[141.28061,52.578762],[141.117686,52.448961],[141.167166,52.364895],[141.514822,52.171942],[141.30893,52.037095],[141.429535,51.941962],[141.200206,51.823676],[141.109223,51.678778],[140.90561,51.615424],[140.896007,51.428778],[140.70574,51.334784],[140.656749,50.937812],[140.542247,50.877143],[140.442882,50.544379],[140.545421,50.344062],[140.52296,50.151068],[140.660655,50.05801],[140.49464,49.983547],[140.415782,49.862698],[140.542247,49.756781],[140.560802,49.575385],[140.343761,49.218411],[140.376801,49.143541],[140.185802,48.650092],[140.16505,48.449408],[140.043468,48.336249],[139.733897,48.163479],[139.390473,47.904242],[138.958995,47.313422],[138.890717,47.305162],[138.53476,46.98664],[138.349132,46.664252],[138.344574,46.548733],[138.202403,46.454332],[138.100352,46.227973],[137.782074,45.94599],[137.671479,45.794623],[137.396739,45.623928],[137.144542,45.374661],[136.825531,45.204088],[136.553477,44.894965],[136.364757,44.792548],[136.122569,44.475531],[135.888682,44.401516],[135.655854,44.168687],[135.54127,44.003974],[135.487885,43.832709],[135.226817,43.682196],[135.139903,43.508368],[134.974701,43.45954],[134.587169,43.22899],[134.193696,43.079779],[133.926768,42.882717],[133.604991,42.846259],[133.298595,42.763495],[133.157725,42.688422],[132.996349,42.804429],[132.815929,42.756415],[132.773692,42.875067],[132.577891,42.840399],[132.404389,42.942288],[132.289317,42.882717],[132.356212,43.285956],[132.095958,43.180976],[131.95224,43.071967],[131.750499,43.225287],[131.51767,43.009345],[131.47169,42.873236],[131.273127,42.777331],[131.127415,42.64681],[130.65667,42.66408],[130.85849,42.524563],[130.695557,42.289001],[130.480684,42.339752],[130.073041,42.078459],[129.964692,41.898749],[129.690823,41.649716],[129.659403,41.464647],[129.799897,41.368598],[129.711925,41.122626],[129.752997,40.90994],[129.206426,40.675546],[129.077564,40.472565],[128.65534,40.320177],[128.664561,40.201239],[128.364765,40.09689],[128.302094,40.033433],[128.006847,40.045152],[127.874604,39.892808],[127.623749,39.830935],[127.520844,39.746975],[127.574555,39.595038],[127.482921,39.436998],[127.378429,39.371487],[127.37203,39.240426],[127.45224,39.165961],[127.769623,39.109198],[128.014659,38.85814],[128.210216,38.727729],[128.282807,38.755072],[128.631602,38.144965],[128.923839,37.802314],[129.06422,37.67886],[129.148204,37.505113],[129.331065,37.282172],[129.471202,36.771877],[129.422618,36.616645],[129.440929,36.407945],[129.382335,36.20185],[129.433051,35.996108],[129.542572,36.065904],[129.4546,35.513251],[129.357758,35.451809],[129.194347,35.155504],[128.997026,35.075728],[128.526378,35.103461],[128.44044,34.965155],[128.435313,34.843166],[128.019298,34.998684],[127.641124,34.899115],[127.774506,34.829332],[127.63795,34.698228],[127.510997,34.884711],[127.385265,34.760199],[127.500759,34.612164],[127.315926,34.444901],[127.223481,34.54682],[127.290782,34.721381],[127.010265,34.612494],[126.88502,34.421088],[126.809825,34.451239],[126.479584,34.348822],[126.490245,34.508612],[126.271088,34.642483],[126.409272,34.844468],[126.374115,35.016832],[126.450287,35.066596],[126.361583,35.269029],[126.513158,35.576897],[126.733165,35.885565],[126.534923,36.219631],[126.571544,36.305609],[126.424238,36.606581],[126.130951,36.768052],[126.229991,36.873033],[126.336029,36.824652],[126.566173,36.99079],[126.755219,37.048814],[126.658458,37.254299],[126.73331,37.30617],[126.595985,37.439657],[126.531016,37.754706],[126.397716,37.89175],[126.062836,37.802232],[125.895518,37.864814],[125.803966,37.988959],[125.609223,37.806301],[125.348643,37.737982],[125.300629,37.895209],[125.013194,37.905992],[125.01352,38.062405],[124.904877,38.124823],[124.883881,38.355292],[125.058241,38.568468],[125.259614,38.669739],[125.137218,38.803534],[125.287364,39.15233],[125.431895,39.300727],[125.22519,39.591213],[125.047699,39.604193],[124.866303,39.713853],[124.674929,39.622069],[124.554942,39.817084],[124.321544,39.912665],[123.985688,39.810248],[123.622569,39.871731],[123.591401,39.784329],[123.410411,39.796617],[123.174327,39.665758],[123.009125,39.680487],[122.396332,39.411038],[122.115001,39.200751],[122.127452,39.141995],[121.811534,38.972846],[121.649262,38.994452],[121.654796,38.857856],[121.344737,38.814643],[121.153087,38.727607],[121.090424,38.899075],[121.674083,39.088039],[121.54892,39.361884],[121.436046,39.508612],[121.457286,39.748481],[121.535899,39.861762],[121.774425,39.920844],[122.091646,40.227207],[122.106116,40.310123],[122.30185,40.502346],[122.049083,40.74608],[121.851085,40.832261],[121.575043,40.841498],[121.361339,40.939643],[121.175792,40.922309],[120.990977,40.831285],[120.940195,40.691246],[120.620942,40.474433],[120.436046,40.194485],[119.950277,40.056502],[119.911998,39.998088],[119.535592,39.890826],[119.33961,39.715562],[119.261981,39.535084],[119.305075,39.432978],[118.940196,39.138861],[118.61936,39.161042],[118.34427,39.030709],[118.235285,39.053098],[118.04538,39.218972],[117.88559,39.201117],[117.718272,39.093004],[117.708751,38.981024],[117.583995,38.811591],[117.565971,38.612507],[117.716082,38.378511],[117.837169,38.270901],[118.084809,38.138739],[118.215831,38.144965],[118.542979,38.068345],[118.654871,38.145695],[118.840099,38.152574],[118.996593,37.963121],[119.243083,37.769482],[119.037128,37.722089],[118.976654,37.610907],[118.972423,37.280666],[119.145518,37.17886],[119.441173,37.120551],[119.7706,37.151842],[119.897309,37.249416],[119.858897,37.360175],[120.059825,37.440416],[120.297618,37.597886],[120.46339,37.747748],[120.738048,37.83397],[120.925792,37.819281],[121.13795,37.701158],[121.191498,37.575181],[121.381684,37.566107],[121.476899,37.468004],[122.129893,37.483466],[122.549083,37.310858],[122.602875,37.209906],[122.447602,37.147447],[122.525401,36.944485],[122.319835,36.822943],[122.039643,36.984605],[121.785981,36.891181],[121.560069,36.767646],[121.408946,36.753974],[120.920258,36.55329],[120.75058,36.459174],[120.647716,36.330878],[120.696788,36.143988],[120.353526,36.040839],[120.361583,36.191636],[120.105317,36.200873],[120.10019,36.096096],[120.242768,35.973578],[120.038829,35.842841],[119.811615,35.647895],[119.64796,35.58393],[119.551524,35.380032],[119.42392,35.313463],[119.358002,35.097113],[119.207286,35.048407],[119.201915,34.78498],[119.34669,34.780829],[119.640961,34.550523],[119.939952,34.457913],[120.257091,34.311835],[120.371349,34.036038],[120.407074,33.859768],[120.627778,33.478013],[120.730235,33.204901],[120.895763,33.013577],[120.907807,32.843899],[120.86142,32.719672],[120.911199,32.630121],[121.120209,32.507392],[121.35414,32.414823],[121.44337,32.114325],[121.655365,32.062934],[121.821945,31.952486],[121.922057,31.754378],[121.817306,31.690949],[121.675554,31.723573],[121.286418,31.890589],[121.115087,31.796334],[120.977817,31.814365],[120.810802,32.02261],[120.750354,31.978336],[120.895363,31.76332],[121.144402,31.684658],[121.320323,31.504828],[121.725164,31.281567],[121.877025,31.099136],[121.977383,30.914923],[121.907399,30.857086],[121.631132,30.836556],[121.410598,30.767388],[120.977759,30.543318],[120.939545,30.421942],[120.734401,30.232213],[120.892812,30.169796],[121.149697,30.325753],[121.377384,30.325064],[121.506847,30.220026],[121.677756,30.000641],[121.914876,29.918696],[121.983039,29.823176],[121.704112,29.572008],[121.458344,29.525214],[121.465074,29.420886],[121.915782,29.640855],[121.966319,29.602484],[121.905854,29.284613],[121.840587,29.161119],[121.614757,29.206],[121.681733,29.02676],[121.669932,28.825344],[121.510128,28.657059],[121.656342,28.339301],[121.236827,28.306098],[121.009378,28.103133],[120.965228,27.987145],[120.835297,27.955959],[120.807486,27.834827],[120.666484,27.625358],[120.67685,27.494615],[120.545909,27.403266],[120.517833,27.201606],[120.357921,27.098375],[120.282725,27.112291],[120.237397,26.927232],[120.125743,26.927314],[120.079682,26.646064],[119.9463,26.796942],[119.888031,26.687242],[119.584565,26.794623],[119.55421,26.61518],[119.675059,26.618801],[119.673595,26.280504],[119.566417,26.050238],[119.698985,25.972561],[119.616466,25.892646],[119.558442,25.563788],[119.504893,25.474921],[119.365977,25.520697],[119.10963,25.406806],[119.288666,25.325426],[119.288829,25.189114],[118.987315,25.222235],[118.87794,25.040717],[118.997325,24.953437],[118.716075,24.843573],[118.746837,24.720689],[118.571137,24.568996],[118.428071,24.631334],[118.351654,24.582343],[118.130951,24.620063],[118.04477,24.575995],[117.98935,24.394761],[118.126475,24.26203],[117.989268,24.193101],[117.893647,24.028022],[117.582367,23.889309],[117.463477,23.788287],[117.292328,23.762152],[117.263649,23.655425],[117.078407,23.564611],[116.917572,23.637926],[116.866628,23.450233],[116.731293,23.257717],[116.533648,23.109135],[116.494688,22.939352],[116.298487,22.963247],[116.170989,22.864465],[115.958014,22.804743],[115.809906,22.808336],[115.583995,22.880316],[115.523936,22.741767],[115.373508,22.694177],[115.245616,22.835354],[115.065475,22.795985],[114.865816,22.601745],[114.743776,22.609404],[114.716732,22.790803],[114.3956,22.613511],[114.249685,22.570502],[114.278331,22.270453],[114.111013,22.365953],[113.914399,22.376125],[113.744395,22.761176],[113.662608,22.798082],[113.612071,22.994696],[113.367931,22.880683],[113.439545,22.739447],[113.59917,22.57518],[113.546355,22.437585],[113.587655,22.237882],[113.483745,22.155142],[113.302745,22.183295],[113.230561,22.043158],[113.028618,21.961148],[112.957081,21.875653],[112.82602,21.966132],[112.645112,21.849351],[112.608002,21.775092],[112.443207,21.828437],[112.363292,21.733344],[112.244884,21.706529],[112.172699,21.814439],[111.991954,21.763821],[111.69044,21.603827],[111.630463,21.529853],[111.30128,21.499335],[111.206309,21.53205],[110.869395,21.384711],[110.790538,21.403754],[110.636485,21.23017],[110.481456,21.21719],[110.156749,20.986029],[110.156749,20.848863],[110.386241,20.825995],[110.337494,20.725816],[110.408539,20.585924],[110.53419,20.478258],[110.399994,20.300767],[110.127533,20.247992],[110.02711,20.300767],[110.015473,20.418402],[109.822113,20.516547],[109.74586,20.629788],[109.773204,20.821519],[109.661225,20.927558],[109.670177,21.123236],[109.773204,21.215399],[109.807384,21.355943],[109.917979,21.489407],[109.530772,21.491645],[109.21461,21.417426],[109.135753,21.602973],[108.970225,21.60635],[108.855235,21.684963],[108.751557,21.650133],[108.571381,21.812812],[108.44809,21.658108],[108.135265,21.581855],[107.929698,21.442613],[107.881928,21.534084],[107.599213,21.298774],[107.391612,21.280422],[107.333832,21.005845],[107.160899,20.93244],[106.946951,20.954291],[106.867931,20.882717],[106.755138,20.938544],[106.704112,20.691148],[106.567719,20.524888],[106.569615,20.231994],[106.39503,20.204576],[106.259288,20.061265],[106.107107,19.964993],[105.955577,19.925482],[105.92335,19.766791],[105.810557,19.599595],[105.737071,19.108466],[105.643809,19.065375],[105.648285,18.892727],[105.783458,18.74726],[105.825938,18.593899],[106.098155,18.290025],[106.403494,18.106187],[106.52475,17.949612],[106.447032,17.872138],[106.470063,17.748196],[106.634613,17.470404],[106.763927,17.335517],[107.111827,17.088284],[107.216482,16.907945],[107.7588,16.46308],[107.812266,16.313178],[107.94516,16.356838],[108.151215,16.216986],[108.305919,15.955227],[108.414806,15.867418],[108.455333,15.747016],[108.703949,15.445136],[108.882823,15.336168],[108.942638,14.97956],[109.080821,14.729478],[109.074474,14.578599],[109.181407,14.304755],[109.303966,13.759263],[109.295746,13.577704],[109.232188,13.393134],[109.308849,13.341457],[109.307384,13.133043],[109.465017,12.913316],[109.204926,12.64643],[109.204926,12.550238],[109.336681,12.410142],[109.206554,12.387152],[109.198741,11.948147],[109.125824,11.863593],[109.242931,11.735663],[109.135997,11.570217],[109.027843,11.517483],[109.018077,11.355902],[108.8213,11.323717],[108.72934,11.181545],[108.577403,11.179145],[108.344981,10.953803],[108.106456,10.918158],[107.998302,10.699368],[107.882335,10.716986],[107.580577,10.570258],[107.530528,10.512926],[107.32602,10.44245],[106.963634,10.50137],[106.881602,10.652167],[106.733409,10.522447],[106.788097,10.393134],[106.720876,10.199693],[106.79127,10.110175],[106.668712,10.032416],[106.611339,9.817043],[106.39503,9.974351],[106.575531,9.648627],[106.398204,9.54206],[106.073497,9.747952],[106.197032,9.541164],[106.19337,9.36933],[105.538748,9.12934],[105.443614,9.04149],[105.333976,8.839699],[105.184031,8.740882],[105.101472,8.634275],[104.856212,8.565579],[104.852794,8.729193],[104.774595,8.817867],[104.807073,9.045571],[104.835623,9.55622],[104.892789,9.851095],[104.969981,9.853664],[105.087657,9.996731],[105.003266,10.092108],[104.901052,10.097317],[104.804861,10.207099],[104.588878,10.260891],[104.449229,10.425605],[104.286306,10.540473],[103.854259,10.586493],[103.747081,10.508979],[103.623871,10.500922],[103.506847,10.635443],[103.672211,10.75788],[103.722423,10.894843],[103.659516,11.029771],[103.53297,11.162746],[103.474457,11.133694],[103.40211,10.884345],[103.277354,10.932685],[103.181163,10.864447],[103.095551,10.933987],[103.113617,11.161078],[103.078868,11.273505],[103.114513,11.458238],[102.975108,11.529242],[102.906749,11.741441],[102.777029,11.902533],[102.749685,12.040269],[102.631847,12.152045],[102.571625,12.090969],[102.295909,12.190009],[102.228282,12.323676],[102.071951,12.488511],[101.960785,12.537258],[101.830251,12.672797],[101.442882,12.624823],[101.087738,12.680609],[100.926117,12.619127],[100.837413,12.707913],[100.918468,12.826321],[100.868663,12.906236],[100.933116,13.026435],[100.878266,13.098334],[100.981293,13.359036],[100.950694,13.468248],[100.649669,13.52025],[100.337169,13.481879],[100.289887,13.505032],[100.038829,13.402737],[99.967133,13.259019],[100.10434,13.057318],[99.987641,12.790473],[99.960948,12.625393],[100.02003,12.192694],[99.855317,11.968411],[99.817068,11.741441],[99.751801,11.709866],[99.569347,11.33397],[99.586192,11.195136],[99.494151,11.114569],[99.511567,10.902411],[99.24464,10.535142],[99.151622,10.357367],[99.201345,10.210639],[99.159923,10.128323],[99.181407,9.643256],[99.323578,9.391547],[99.255056,9.232489],[99.474783,9.200995],[99.521495,9.269924],[99.689464,9.315863],[99.853526,9.294664],[99.91627,9.101996],[99.959239,8.637641],[100.10434,8.41767],[100.22047,8.448717],[100.302908,8.118557],[100.440196,7.476996],[100.323497,7.6164],[100.306977,7.75788],[100.142914,7.700019],[100.185395,7.514228],[100.395518,7.21133],[100.486031,7.139901],[100.611095,7.192613],[100.765147,6.98314],[100.997573,6.856675],[101.38521,6.90522],[101.566254,6.832221],[101.771658,6.500718],[102.163585,6.197496],[102.379893,6.132961],[102.499848,5.897406],[102.875662,5.571438],[102.959483,5.54206],[103.120291,5.381334],[103.448578,4.795071],[103.494151,4.336615],[103.395193,4.116278],[103.437999,3.975043],[103.338715,3.758205],[103.482188,3.511786],[103.428071,3.367174],[103.456065,3.203762],[103.434581,2.961819],[103.473643,2.85102],[103.638438,2.672105],[103.7671,2.623847],[103.837657,2.463813],[103.948985,2.339911],[103.97641,2.192369],[104.12086,1.954047],[104.255219,1.637763],[104.294688,1.446519],[104.219249,1.346177],[103.839692,1.476549],[103.681407,1.441799],[103.50408,1.289944],[103.367361,1.538398],[102.804454,1.860093],[102.721853,1.847073],[102.489024,2.092922],[102.187999,2.216376],[101.98878,2.394517],[101.858165,2.41942],[101.783051,2.575873],[101.542328,2.661282],[101.283051,2.9112],[101.372813,3.002346],[101.297618,3.274604],[101.108409,3.473944],[101.040538,3.621975],[100.720714,3.868069],[100.776052,4.086493],[100.632579,4.155463],[100.56544,4.319159],[100.632579,4.532904],[100.577403,4.854315],[100.453868,4.908922],[100.364513,5.084296],[100.430024,5.302883],[100.385265,5.376939],[100.344005,5.669257],[100.375743,5.81094],[100.349132,6.012681],[100.247895,6.220771],[100.174571,6.290961],[100.102306,6.517076],[99.797211,6.821682],[99.685802,6.877346],[99.692882,7.116116],[99.583995,7.15644],[99.524669,7.311347],[99.365896,7.336371],[99.292735,7.620673],[99.137543,7.74433],[98.917979,8.051337],[98.747406,8.068264],[98.744151,8.214911],[98.598888,8.374905],[98.445649,8.3251],[98.424978,8.148424],[98.277599,8.240709],[98.199474,8.534369],[98.224132,8.735338],[98.382009,9.071926],[98.326915,9.203681],[98.47169,9.621161],[98.543956,9.706488],[98.512706,9.836859],[98.599864,9.948147],[98.521007,10.028998],[98.490733,10.204332],[98.528494,10.364203],[98.459321,10.715399],[98.577403,10.770413],[98.634044,10.913723],[98.712413,10.924384],[98.706554,11.097846],[98.759288,11.268948],[98.698009,11.388007],[98.684337,11.682807],[98.610362,11.731269],[98.720225,11.964301],[98.703136,12.048082],[98.552013,12.279608],[98.676768,12.315253],[98.605154,12.428941],[98.691173,12.710435],[98.583832,13.026597],[98.578461,13.186754],[98.479991,13.283881],[98.431651,13.478746],[98.244802,13.714057],[98.103282,13.700995],[98.061697,14.010077],[98.108572,14.132636],[97.9935,14.330512],[97.97641,14.443752],[97.79477,14.880316],[97.80714,15.174954],[97.72641,15.339586],[97.79477,15.407904],[97.742931,15.604478],[97.727061,15.843207],[97.582286,16.009101],[97.649913,16.28384],[97.626638,16.437567],[97.54835,16.538153],[97.402599,16.516913],[97.255445,16.697869],[97.183279,16.921536],[97.198985,16.997463],[97.068614,17.25137],[96.910899,17.284857],[96.849376,17.212958],[96.910899,17.024807],[96.801036,16.737372],[96.615943,16.518005],[96.336436,16.439439],[96.285336,16.365993],[96.067556,16.310248],[95.979991,16.223131],[95.755544,16.14525],[95.664724,15.949205],[95.396495,15.716376],[95.173595,15.777818],[95.115245,15.893948],[94.975597,15.764146],[94.858653,15.78262],[94.83961,15.962063],[94.658702,15.854478],[94.562348,15.961859],[94.642345,16.044664],[94.683849,16.209174],[94.643728,16.283515],[94.515636,16.287258],[94.507009,16.189602],[94.340017,15.996243],[94.239513,15.976304],[94.215099,16.15766],[94.273123,16.538153],[94.331065,16.528632],[94.40268,16.788275],[94.378917,16.886949],[94.57252,17.311103],[94.553884,17.543606],[94.595225,17.615465],[94.50172,17.786607],[94.447439,17.973334],[94.480968,18.094224],[94.389659,18.362698],[94.279633,18.480211],[94.212413,18.741848],[94.133556,18.846503],[93.930431,18.858629],[93.750255,18.970404],[93.497813,19.31391],[93.665294,19.305609],[93.796886,19.235175],[93.929942,19.29975],[93.987315,19.386705],[93.984386,19.464057],[93.914561,19.472805],[93.739594,19.617499],[93.60141,19.783433],[93.565929,19.916571],[93.413585,19.977525],[93.374848,20.088528],[93.148123,19.99433],[92.772146,20.201483],[92.901215,20.308051],[92.831554,20.478949],[92.653168,20.41828],[92.453624,20.668524],[92.301036,20.762274],[92.192882,20.995673],[92.052501,21.154771],[92.045258,21.299547],[91.959727,21.423977],[92.022146,21.599351],[91.908702,21.781155],[91.855235,22.109198],[91.771658,22.260321],[91.676036,22.534613],[91.456309,22.784817],[91.243419,22.702216],[91.202743,22.54322],[90.954926,22.575832],[90.774181,22.778062],[90.627208,23.086656],[90.466075,23.07685],[90.507009,22.942084],[90.406423,22.763088],[90.489919,22.720201],[90.606619,22.465766],[90.613455,22.314887],[90.459646,22.091946],[90.332205,22.038072],[90.272716,21.857408],[90.184825,21.800971],[90.024425,21.862454],[90.052419,21.989],[89.934418,21.997707],[89.81422,21.840806],[89.465831,21.781317],[89.365896,21.828925],[89.189708,21.791246],[88.993012,21.912665],[89.082693,21.617336],[88.881602,21.672024],[88.762462,21.555854],[88.684906,21.697211],[88.689952,21.94599],[88.567068,21.850816],[88.623383,21.710273],[88.578136,21.571682],[88.393077,21.600246],[88.249278,21.558295],[88.180919,21.684963],[88.203787,21.805406],[88.050792,21.985012],[87.97047,21.836493],[87.703787,21.655504],[87.200938,21.551988],[87.063731,21.475002],[86.917654,21.327379],[86.844005,21.082221],[86.952159,20.849107],[87.003591,20.65705],[86.733897,20.462226],[86.701671,20.284654],[86.495128,20.184068],[86.372406,19.964993],[86.268565,19.910346],[85.744395,19.765692],[85.549164,19.690619],[85.570323,19.875637],[85.463552,19.902899],[85.220958,19.736029],[85.104503,19.514879],[85.180431,19.475002],[84.872081,19.219875],[84.423676,18.636461],[84.281749,18.52558],[84.077403,18.271552],[83.613943,18.045152],[83.431163,17.854234],[83.238943,17.592963],[82.896821,17.409329],[82.718516,17.348619],[82.474864,17.205959],[82.299327,17.030341],[82.267914,16.867499],[82.365571,16.811591],[82.307384,16.579779],[81.992686,16.408433],[81.76295,16.322577],[81.317393,16.367499],[81.248546,16.320136],[81.155447,15.9855],[80.998871,15.846747],[80.69044,15.900702],[80.469086,15.834662],[80.263194,15.674547],[80.090587,15.304877],[80.054535,15.014146],[80.110688,14.704779],[80.196951,14.565009],[80.174978,14.34455],[80.121104,14.242011],[80.16391,13.987982],[80.237153,13.839667],[80.197276,13.643622],[80.056488,13.59516],[80.119395,13.500678],[80.326996,13.430365],[80.332774,13.198147],[80.285818,13.067572],[80.228689,12.674994],[80.156016,12.474514],[79.861827,12.02204],[79.751964,11.576972],[79.821951,11.391059],[79.855317,11.159857],[79.840668,10.950141],[79.86378,10.37873],[79.759776,10.258246],[79.532237,10.323188],[79.398123,10.324652],[79.236339,10.166571],[79.279063,10.035834],[79.200369,9.970282],[78.980805,9.667182],[78.913259,9.47427],[78.956798,9.274848],[78.618826,9.14053],[78.44988,9.116604],[78.239757,8.965562],[78.177908,8.86107],[78.128266,8.488023],[78.062755,8.373196],[77.510916,8.075995],[77.315603,8.127753],[76.99586,8.368109],[76.543956,8.912502],[76.362966,9.325181],[76.311778,9.492987],[76.359223,9.915432],[76.278168,9.977932],[76.177501,10.17064],[76.052419,10.513983],[75.922048,10.76557],[75.832774,11.097846],[75.69516,11.419989],[75.616547,11.473619],[75.530772,11.693671],[75.290375,11.981106],[75.193696,12.022284],[75.13087,12.207831],[74.955251,12.537258],[74.817556,12.861762],[74.614594,13.835517],[74.504731,14.01024],[74.394216,14.410793],[74.309825,14.519436],[74.263194,14.701606],[74.111339,14.780341],[74.031261,14.995307],[73.913097,15.078925],[73.947276,15.160834],[73.885916,15.435207],[73.766287,15.49726],[73.587576,15.902899],[73.447032,16.068915],[73.319184,16.509752],[73.321625,16.69245],[73.274669,16.848822],[73.289399,16.983832],[73.234711,17.302314],[73.131684,17.539374],[73.12322,17.723334],[72.980968,18.080552],[72.977387,18.295071],[72.889659,18.441311],[72.921153,18.554877],[72.852387,18.769924],[72.926931,18.826646],[72.891449,18.991767],[72.824229,19.053534],[72.718028,19.606676],[72.714041,19.745836],[72.650076,19.841986],[72.707774,20.012763],[72.74822,20.280341],[72.879161,20.512437],[72.944998,20.770006],[72.783946,21.040432],[72.799571,21.128811],[72.60613,21.266588],[72.61964,21.487372],[72.75115,21.565131],[72.798106,21.673529],[72.532074,21.713853],[72.562755,21.839423],[72.507091,21.962307],[72.553071,22.282457],[72.317231,22.184882],[72.25766,22.012152],[72.128103,21.983547],[72.166026,21.793931],[72.295665,21.653876],[72.242198,21.48078],[72.104503,21.315009],[72.104747,21.205064],[71.717621,21.03205],[71.46225,20.885321],[70.982432,20.71015],[70.84018,20.70189],[70.541515,20.807847],[70.336681,20.927069],[70.054445,21.153155],[69.814708,21.433661],[69.478526,21.752631],[69.198416,21.979722],[68.994151,22.203925],[68.974376,22.404731],[69.20574,22.398668],[69.212087,22.273912],[69.359874,22.329169],[69.616059,22.355902],[69.962087,22.535346],[70.178477,22.561957],[70.398774,22.945502],[70.269298,22.958564],[69.833181,22.858466],[69.715831,22.746894],[69.23878,22.841946],[68.866222,23.019965],[68.552257,23.259711],[68.561046,23.363918],[68.423676,23.445787],[68.327322,23.5869],[68.181407,23.594062],[68.178233,23.754299],[68.062755,23.723131],[67.864513,23.86579],[67.631602,23.803453],[67.520518,23.90705],[67.440684,24.070258],[67.300304,24.186265],[67.246837,24.467963],[67.149587,24.635077],[67.176036,24.757717],[66.965099,24.843573],[66.679698,24.830552],[66.71754,25.231187],[66.547862,25.365627],[66.587087,25.426215],[66.437022,25.597724],[66.251801,25.472886],[65.858409,25.417548],[65.671641,25.347398],[65.395356,25.392279],[65.23227,25.370673],[65.155284,25.296088],[64.807302,25.328518],[64.662771,25.229071],[64.066742,25.346259],[63.804942,25.374986],[63.57252,25.364976],[63.500499,25.193671],[63.178477,25.258043],[63.027843,25.220364],[62.770518,25.261908],[62.477179,25.259064],[62.365896,25.179389],[62.080031,25.197152],[62.075551,25.100749],[61.881114,25.103013],[61.682791,25.201646],[61.504242,25.208808],[61.411717,25.059408],[61.185068,25.123249],[61.03061,25.209784],[60.633474,25.27497],[60.549653,25.446926],[60.362559,25.330552],[60.082038,25.36595],[59.903806,25.329863],[59.774873,25.389869],[59.53799,25.39975],[59.453902,25.461607],[59.117198,25.394192],[58.994314,25.419623],[58.813731,25.563625],[58.546397,25.593655],[58.07309,25.563625],[57.963227,25.693183],[57.787446,25.635443],[57.771251,25.730455],[57.326182,25.777004],[57.164561,26.094916],[57.076345,26.447455],[57.090017,26.618801],[56.973318,26.968817],[56.808849,27.139553],[56.353038,27.201606],[56.123709,27.160631],[55.939301,27.026679],[55.684825,27.002997],[55.554454,26.810533],[55.397309,26.762152],[55.270844,26.792548],[54.801524,26.498236],[54.619965,26.508246],[54.56129,26.584662],[54.389415,26.605129],[54.308116,26.714993],[53.995128,26.745592],[53.716075,26.708564],[53.491547,26.854315],[53.41212,26.993557],[53.072032,27.096869],[52.601329,27.352932],[52.567638,27.540717],[52.423106,27.646633],[52.244884,27.681383],[52.011241,27.832709],[51.585134,27.849311],[51.380271,27.991418],[51.264822,28.160549],[51.264822,28.270453],[51.141856,28.400784],[51.07252,28.565253],[51.058849,28.735907],[50.87615,28.832017],[50.812999,28.9147],[50.920177,29.069037],[50.840343,29.140611],[50.643809,29.143459],[50.655284,29.449123],[50.396983,29.654731],[50.243826,29.866848],[50.144867,29.938056],[50.073416,30.195746],[49.914561,30.203925],[49.600759,30.030097],[49.479828,30.156073],[49.245128,30.15648],[49.003673,30.309394],[49.166759,30.508775],[48.981456,30.515611],[48.862315,30.345608],[48.934825,30.079739],[48.87672,30.024482],[48.661632,29.993476],[48.520518,29.9289],[48.209239,30.024482],[47.948009,29.994045],[48.021739,29.779731],[48.180917,29.562217],[47.965531,29.576298],[47.726999,29.361926],[47.899185,29.335249],[47.98574,29.393761],[48.092073,29.287233],[48.158458,29.017279],[48.328787,28.759955],[48.405284,28.569892],[48.49464,28.500149],[48.606456,28.126451],[48.87794,27.836819],[48.785167,27.744696],[48.873302,27.612494],[49.088878,27.551093],[49.161388,27.426907],[49.304861,27.325507],[49.407074,27.132717],[49.516449,27.188381],[49.699474,26.958238],[49.942149,26.858344],[50.03061,26.494615],[50.19158,26.403551],[50.215994,26.215074],[50.101329,25.989488],[50.118337,25.867865],[50.23406,25.61518],[50.347992,25.482123],[50.462901,25.446926],[50.525076,25.29267],[50.562185,25.054836],[50.72641,24.881659],[50.85963,24.7956],[50.775727,25.091864],[50.750987,25.419623],[50.87615,25.631781],[50.901703,25.789537],[51.047374,26.053046],[51.251231,26.160102],[51.346853,26.104885],[51.388438,25.967027],[51.577485,25.880845],[51.552908,25.652981],[51.471934,25.521389],[51.513194,25.308254],[51.616547,25.137193],[51.586925,24.953437],[51.500255,24.855373],[51.443614,24.679755],[51.268809,24.624498],[51.395274,24.487942],[51.282237,24.302965],[51.479015,24.310858],[51.634451,24.226874],[51.782237,24.240383],[51.809418,24.000678],[52.224376,23.974026],[52.341075,24.007514],[52.634125,24.189887],[52.670095,24.144721],[53.253754,24.098782],[53.437022,24.119818],[53.581309,24.048529],[53.85377,24.061998],[54.122569,24.144721],[54.445974,24.316148],[54.558604,24.457709],[54.707042,24.8039],[55.082286,25.016832],[55.359386,25.348578],[55.472504,25.412787],[55.524669,25.542629],[55.842459,25.713813],[56.014415,25.878852],[56.091482,26.106513],[56.181814,26.245998],[56.301931,26.205308],[56.400401,25.990465],[56.36378,25.806871],[56.279063,25.627427],[56.369965,25.525702],[56.36199,25.057278],[56.405447,24.897284],[56.611176,24.496324],[56.801443,24.302965],[56.939464,24.115912],[57.151541,23.953559],[57.645193,23.790432],[57.795746,23.782213],[57.912771,23.717841],[58.043142,23.724555],[58.411957,23.616197],[58.490896,23.656562],[58.786143,23.512112],[59.083669,23.055365],[59.20753,22.970364],[59.297537,22.792711],[59.535492,22.583075],[59.776378,22.541449],[59.844574,22.445258],[59.791759,22.198065],[59.688162,22.082709],[59.645274,21.925849],[59.497895,21.756334],[59.336192,21.43773],[59.16627,21.362779],[58.9192,21.143704],[58.792979,20.927395],[58.680349,20.828355],[58.518565,20.416815],[58.467459,20.369534],[58.224294,20.396389],[58.264171,20.587633],[58.103526,20.575141],[58.075857,20.480048],[57.955821,20.399563],[57.85613,20.260647],[57.847992,20.111762],[57.762055,19.842963],[57.698904,19.754381],[57.704438,19.548733],[57.773936,19.409654],[57.750662,19.268052],[57.840099,19.015326],[57.709727,18.943996],[57.501475,18.953681],[57.20753,18.90998],[56.91505,18.810289],[56.659679,18.595364],[56.56129,18.149237],[56.3449,17.937812],[56.188487,17.957099],[55.909434,17.906643],[55.653494,17.895331],[55.44516,17.84101],[55.225434,17.515448],[55.300792,17.416815],[55.254731,17.228705],[55.026866,17.011135],[54.808442,16.951483],[54.592052,17.038479],[54.389985,17.039455],[54.023448,16.985338],[53.98113,16.908759],[53.753184,16.867743],[53.582693,16.749945],[53.338634,16.734809],[52.597667,16.476711],[52.292735,16.263821],[52.155528,15.983873],[52.224376,15.846747],[52.228363,15.616116],[52.04713,15.570014],[51.679942,15.403469],[51.367849,15.229722],[51.069835,15.149644],[50.554047,15.04857],[50.179535,14.843329],[49.942149,14.838772],[49.578136,14.737291],[49.077973,14.50609],[49.003673,14.324774],[48.85255,14.166978],[48.681488,14.043606],[48.338227,14.016303],[48.188731,13.969143],[48.016856,14.057278],[47.866547,13.961656],[47.667247,13.887193],[47.398204,13.654853],[46.911876,13.533271],[46.700694,13.430325],[46.312999,13.41356],[46.234548,13.436347],[45.665782,13.341986],[45.494151,13.194648],[45.403005,13.070136],[45.193533,13.012681],[45.023285,12.841051],[44.868337,12.732123],[44.693614,12.803453],[44.542817,12.797309],[44.432953,12.69359],[44.191173,12.619127],[43.9463,12.598049],[43.909434,12.645331],[43.587738,12.75137],[43.473155,12.846625],[43.248871,13.212714],[43.280935,13.722113],[43.233165,13.87637],[43.09552,14.083956],[42.9935,14.44831],[43.028656,14.537991],[42.942231,14.788886],[42.937266,14.948472],[42.803071,15.245185],[42.774262,15.491034],[42.699229,15.717434],[42.819998,15.874945],[42.843272,16.052191],[42.788259,16.471869],[42.737315,16.671129],[42.541759,16.877997],[42.5442,17.00434],[42.339122,17.17357],[42.301524,17.453599],[42.093516,17.652086],[41.719249,17.909247],[41.450857,18.356024],[41.438162,18.464179],[41.210216,18.697943],[41.249034,18.834174],[41.137218,18.957709],[41.176524,19.067369],[41.068614,19.125393],[40.955903,19.343329],[40.944672,19.505683],[40.784679,19.59634],[40.790863,19.714057],[40.628673,19.792141],[40.522634,19.97248],[40.267833,20.125312],[40.067638,20.286526],[39.923188,20.263577],[39.646495,20.461575],[39.492931,20.706244],[39.506033,20.746405],[39.296886,20.927965],[39.08074,21.315009],[39.171072,21.40412],[39.079356,21.706366],[38.978554,21.862074],[39.040375,22.235785],[39.142751,22.390611],[38.957714,22.774961],[38.964692,22.870429],[38.81422,22.982733],[38.806407,23.093248],[38.711436,23.235745],[38.600175,23.568249],[38.494849,23.644635],[38.452647,23.784003],[38.079135,24.070388],[37.865634,24.149888],[37.676091,24.291236],[37.52272,24.267732],[37.456669,24.441249],[37.148611,24.85102],[37.279959,24.964097],[37.230479,25.193671],[37.105317,25.32217],[36.93629,25.646145],[36.663422,25.855658],[36.696056,26.022284],[36.536632,26.082424],[36.229828,26.625556],[36.097667,26.753974],[35.976736,26.94774],[35.831716,27.092719],[35.812836,27.191067],[35.559581,27.455634],[35.491954,27.632392],[35.322765,27.876288],[35.051931,28.119574],[34.90089,28.082261],[34.62672,28.160549],[34.803775,28.527133],[34.77847,28.6645],[34.836111,28.816474],[34.85255,29.045071],[34.997813,29.517971],[34.85255,29.462795],[34.736583,29.305121],[34.674571,29.106513],[34.633474,28.770697],[34.406912,28.30801],[34.455251,28.167467],[34.427419,27.983059],[34.239513,27.794135],[34.078461,27.800686],[33.763357,28.023993],[33.564708,28.297105],[33.43393,28.3664],[33.228689,28.569403],[33.14503,29.031724],[32.88559,29.243069],[32.817231,29.414049],[32.680837,29.599921],[32.690684,29.733629],[32.563487,29.972398],[32.392833,29.734361],[32.337657,29.599921],[32.591482,29.349514],[32.659679,29.089097],[32.625499,28.972724],[32.820649,28.74787],[32.868907,28.578925],[33.00294,28.489488],[33.126475,28.287502],[33.338145,28.085435],[33.512543,27.959052],[33.576182,27.850491],[33.522716,27.751899],[33.557872,27.53677],[33.691661,27.341864],[33.825369,27.259711],[33.836762,27.120754],[34.003591,26.848944],[33.941417,26.65351],[34.014008,26.61164],[34.338715,26.001776],[34.54656,25.725043],[34.681895,25.428697],[34.989757,24.905015],[35.235455,24.400126],[35.391856,24.282782],[35.493828,24.1089],[35.513927,23.977118],[35.489431,23.497016],[35.57468,23.212565],[35.695305,22.932126],[35.885964,22.735695],[36.197765,22.651679],[36.439823,22.356443],[36.895383,22.066133],[36.874197,21.815253],[36.98406,21.465806],[37.148611,21.170966],[37.086681,21.057115],[37.147309,20.940863],[37.228038,20.565009],[37.175141,20.349189],[37.224892,20.119532],[37.196137,19.979153],[37.259451,19.820705],[37.238292,19.65526],[37.333507,19.159654],[37.434337,18.861721],[37.551036,18.709947],[37.674725,18.740953],[37.812755,18.615627],[37.925505,18.585044],[38.038198,18.461086],[38.151674,18.249331],[38.245434,18.243906],[38.584483,18.077135],[38.620372,17.952582],[38.929047,17.397121],[39.055919,17.034125],[39.163341,16.62816],[39.235606,16.10871],[39.313487,15.893948],[39.427013,15.82038],[39.482758,15.614936],[39.587169,15.531399],[39.718272,15.263902],[39.698253,15.123603],[39.854666,15.173489],[39.773448,15.39053],[39.875255,15.504096],[40.072439,15.350735],[40.026622,15.237209],[40.159434,14.982245],[40.301768,14.916897],[40.375743,14.986721],[40.55421,14.99018],[40.808116,14.702826],[41.156098,14.641588],[41.306814,14.488918],[41.335948,14.402004],[41.620942,14.063625],[41.676524,13.940253],[41.806,13.929674],[41.980968,13.837795],[42.09962,13.654364],[42.288422,13.574612],[42.379405,13.222642],[42.520681,13.2355],[42.737641,13.017727],[42.773936,12.862128],[42.963227,12.810452],[43.086436,12.820868],[43.161794,12.642727],[43.312999,12.477688],[43.411388,12.241767],[43.377126,12.004828],[43.206554,11.957831],[43.041515,11.798529],[42.896495,11.780585],[42.75408,11.707953],[42.684093,11.582261],[43.123057,11.581488],[43.459727,11.35106],[43.488129,11.238918],[43.658946,10.987982],[43.8296,10.802965],[44.274262,10.456732],[44.3892,10.397207],[44.586149,10.383585],[44.750662,10.427865],[44.962009,10.415799],[45.33725,10.670844],[45.487071,10.684719],[45.802745,10.875312],[46.102224,10.770657],[46.207367,10.79621],[46.447765,10.693101],[46.659679,10.75434],[47.008067,10.938951],[47.180675,11.080471],[47.366873,11.172797],[47.522716,11.186957],[47.677745,11.107978],[48.160818,11.145657],[48.342784,11.275458],[48.654796,11.330634],[48.904063,11.247748],[49.239594,11.300279],[49.521739,11.393785],[49.576834,11.460028],[49.851248,11.464911],[50.07252,11.508734],[50.268321,11.589301],[50.512706,11.771226],[50.575938,11.920966],[50.797864,11.989119],[51.029307,11.885077],[51.292698,11.833108],[51.247801,11.652391],[51.12086,11.505316],[51.085948,11.187974],[51.17444,11.158764],[51.115082,10.993354],[51.138194,10.676744],[51.240977,10.425605],[51.090099,10.407313],[50.927389,10.327844],[50.900401,10.024075],[50.806163,9.624457],[50.840343,9.456122],[50.768321,9.319281],[50.676768,9.259182],[50.648448,9.110419],[50.422048,8.857123],[50.290212,8.486762],[50.156423,8.320624],[50.058279,8.130316],[49.842052,7.962714],[49.819347,7.739936],[49.586599,7.314765],[49.367035,7.025702],[49.247325,6.810614],[49.074718,6.415269],[49.036143,6.144232],[48.646739,5.480048],[48.202403,4.908922],[48.055675,4.612942],[47.948497,4.457099],[47.577973,4.059882],[47.489268,3.936347],[47.01295,3.441067],[46.625743,3.023912],[46.236501,2.667629],[46.027029,2.438137],[45.826345,2.308824],[45.232188,1.967678],[45.001475,1.86636],[44.550059,1.559068],[44.145518,1.22956],[43.932628,1.009833],[43.781912,0.921617],[43.467621,0.620551],[42.770274,-0.129327],[42.647797,-0.228936],[42.080903,-0.862888],[41.84197,-1.224867],[41.65211,-1.565118],[41.303477,-1.95615],[41.198985,-1.943129],[40.904307,-2.080336],[40.924815,-2.217218],[40.838064,-2.24505],[40.828624,-2.37477],[40.615896,-2.552504],[40.389822,-2.560317],[40.243907,-2.656671],[40.174978,-2.762628],[40.162608,-2.934259],[40.225108,-2.993748],[40.119151,-3.183526],[40.12908,-3.251886],[39.96518,-3.399184],[39.848969,-3.625177],[39.867035,-3.69492],[39.786388,-3.917169],[39.669688,-4.087986],[39.551117,-4.402114],[39.362478,-4.633966],[39.264334,-4.606622],[39.207042,-4.872328],[39.130382,-4.918145],[39.138682,-5.103204],[39.074229,-5.186293],[38.99879,-5.465265],[38.83253,-5.815606],[38.778005,-6.030694],[38.856781,-6.16367],[38.852224,-6.348728],[38.964692,-6.47324],[39.040863,-6.470147],[39.212738,-6.641778],[39.293712,-6.815199],[39.464529,-6.85768],[39.550548,-6.993829],[39.547537,-7.118259],[39.426768,-7.192315],[39.303966,-7.4485],[39.296235,-7.688409],[39.443533,-7.832615],[39.454356,-8.010431],[39.345551,-8.25742],[39.28004,-8.309259],[39.360037,-8.694431],[39.439138,-8.755466],[39.408946,-8.870212],[39.491873,-8.938409],[39.493337,-9.079522],[39.643809,-9.18906],[39.650727,-9.444757],[39.752289,-9.74863],[39.77947,-9.930108],[39.986583,-10.139744],[40.232107,-10.200453],[40.424571,-10.437188],[40.510509,-10.477716],[40.602061,-10.820489],[40.496104,-10.955743],[40.552013,-11.074314],[40.506521,-11.187433],[40.348806,-11.317071],[40.471365,-11.416762],[40.429454,-11.641534],[40.536876,-11.99684],[40.492198,-12.250095],[40.532074,-12.39072],[40.480317,-12.484308],[40.646821,-12.755304],[40.560069,-12.813897],[40.589203,-12.95794],[40.561046,-13.099054],[40.567882,-13.366632],[40.527029,-13.510512],[40.542654,-13.658868],[40.650564,-14.031915],[40.60963,-14.138604],[40.746104,-14.270929],[40.760753,-14.403741],[40.84254,-14.464451],[40.811371,-14.61297],[40.83546,-14.802341],[40.670909,-14.976658],[40.711925,-15.072931],[40.533214,-15.120701],[40.681651,-15.233005],[40.573253,-15.504978],[40.425792,-15.615004],[40.164561,-15.915623],[39.992361,-16.222426],[39.813324,-16.276951],[39.698253,-16.532159],[39.204356,-16.81699],[39.090505,-16.983819],[38.59547,-17.094415],[38.039887,-17.327813],[37.908865,-17.355157],[37.36085,-17.649998],[37.086436,-17.869073],[36.88738,-18.18906],[36.552013,-18.486017],[36.417491,-18.688735],[36.244314,-18.883233],[36.108572,-18.805922],[35.976736,-18.9249],[35.662283,-19.132989],[35.577322,-19.266371],[35.339854,-19.520685],[35.126801,-19.705011],[34.880056,-19.863377],[34.757579,-19.869073],[34.776866,-20.135024],[34.679942,-20.346938],[34.742442,-20.550226],[34.851817,-20.670831],[34.993337,-20.730157],[35.003429,-20.825453],[35.120128,-20.966404],[35.057953,-21.137628],[35.151622,-21.453871],[35.271007,-21.644138],[35.335785,-22.089125],[35.496837,-22.141534],[35.542247,-22.409926],[35.492686,-22.564874],[35.520763,-22.907647],[35.600922,-22.943617],[35.478526,-23.176853],[35.482188,-23.317315],[35.424083,-23.480645],[35.394786,-23.841892],[35.543224,-23.863214],[35.4935,-24.110528],[35.304373,-24.375746],[35.106456,-24.597914],[34.648936,-24.812758],[34.482677,-24.851251],[33.729177,-25.105076],[33.153087,-25.365818],[32.872732,-25.543878],[32.769542,-25.681736],[32.687022,-25.885919],[32.591482,-25.969008],[32.680837,-26.188165],[32.929454,-26.266046],[32.893077,-26.846124],[32.839366,-27.12363],[32.676524,-27.520685],[32.591482,-27.880792],[32.543956,-28.190118],[32.422048,-28.381931],[32.379405,-28.55283],[32.012055,-28.866469],[31.752126,-28.966241],[31.488455,-29.209649],[31.18686,-29.560317],[31.015798,-29.868097],[30.392345,-30.847101],[30.009939,-31.29225],[29.784516,-31.434747],[29.391856,-31.735528],[29.147634,-31.969822],[28.870372,-32.287042],[28.548595,-32.562433],[28.210785,-32.774672],[27.897146,-33.039972],[27.732677,-33.108819],[27.380219,-33.357354],[27.143077,-33.479425],[26.515147,-33.755304],[26.286632,-33.766371],[25.955251,-33.71087],[25.679047,-33.79518],[25.598155,-34.048517],[25.101085,-33.960545],[24.952891,-33.985121],[24.841075,-34.132501],[24.583995,-34.178318],[24.163097,-34.054783],[23.635509,-33.979669],[23.427582,-34.012384],[23.408376,-34.11004],[22.936046,-34.082696],[22.629893,-33.995782],[22.410492,-34.065606],[22.275157,-34.057712],[22.114106,-34.193943],[21.921723,-34.246677],[21.894542,-34.336033],[21.702647,-34.390558],[21.51588,-34.352227],[21.262462,-34.421563],[20.961274,-34.356052],[20.524425,-34.454278],[20.211681,-34.672052],[19.953461,-34.808689],[19.858409,-34.749688],[19.642426,-34.772068],[19.398692,-34.601821],[19.304373,-34.417901],[19.08839,-34.342706],[18.808279,-34.364679],[18.858165,-34.150323],[18.740733,-34.077407],[18.555024,-34.073826],[18.441661,-34.14422],[18.314789,-34.029067],[18.475352,-33.899835],[18.431814,-33.69671],[18.307384,-33.479262],[18.146169,-33.35589],[18.075206,-33.202244],[17.912771,-33.047459],[17.852387,-32.829685],[17.967459,-32.703546],[18.080577,-32.781345],[18.273123,-32.647556],[18.334158,-32.491306],[18.349376,-32.260349],[18.276866,-31.892673],[18.172862,-31.663263],[17.893728,-31.344822],[17.561697,-30.838067],[17.535981,-30.75213],[17.281993,-30.347752],[17.103689,-29.884942],[17.056326,-29.676446],[16.808767,-29.078302],[16.600352,-28.857517],[16.55893,-28.707615],[16.346853,-28.556085],[16.04363,-28.257094],[15.911143,-28.171319],[15.684255,-27.949884],[15.546235,-27.747817],[15.520681,-27.633722],[15.295258,-27.322442],[15.234223,-26.965427],[15.083018,-26.695245],[15.168142,-26.602797],[15.128754,-26.457615],[14.966319,-26.335219],[14.979015,-26.05877],[14.842784,-25.763604],[14.876964,-25.578058],[14.80128,-25.262791],[14.853282,-25.064223],[14.780772,-24.803399],[14.601899,-24.562433],[14.612315,-24.445733],[14.473643,-24.159112],[14.496593,-23.925958],[14.495291,-23.578546],[14.434337,-23.415216],[14.491954,-23.309177],[14.410167,-22.970798],[14.521983,-22.923435],[14.508556,-22.548028],[14.386485,-22.276462],[14.137218,-21.946384],[13.952322,-21.783949],[13.958263,-21.704848],[13.831716,-21.456476],[13.602712,-21.158136],[13.387218,-20.816095],[13.349457,-20.644464],[13.262706,-20.485121],[13.154633,-20.154229],[13.07088,-20.114229],[13.005382,-19.935479],[12.7046,-19.410821],[12.567393,-19.102309],[12.450043,-18.904555],[12.286876,-18.697686],[12.031889,-18.50535],[11.937348,-18.23211],[11.849082,-18.143183],[11.717621,-17.546319],[11.759288,-17.032973],[11.820474,-16.781472],[11.821951,-16.479099],[11.736618,-15.900203],[11.992035,-15.617283],[12.056407,-15.233087],[12.104991,-15.172784],[12.207774,-14.833266],[12.272716,-14.750584],[12.331309,-14.433526],[12.328787,-14.092218],[12.415538,-13.878595],[12.502452,-13.855239],[12.512706,-13.442071],[12.634451,-13.343357],[12.944835,-12.982354],[12.939464,-12.816664],[13.178559,-12.601739],[13.364024,-12.592706],[13.459727,-12.507257],[13.505626,-12.371352],[13.639822,-12.248712],[13.766449,-11.920505],[13.794607,-11.770196],[13.7942,-11.341485],[13.846528,-11.113702],[13.828624,-10.91367],[13.739268,-10.78338],[13.75294,-10.646173],[13.522634,-10.387791],[13.508962,-10.277032],[13.317393,-9.976332],[13.327159,-9.886],[13.198578,-9.708673],[13.223888,-9.61419],[13.170665,-9.40252],[12.996349,-9.093845],[13.212169,-8.814874],[13.380138,-8.75506],[13.406098,-8.63714],[13.342052,-8.467462],[13.369395,-8.3235],[13.276866,-8.178888],[12.939283,-7.435969],[12.849963,-7.265919],[12.815196,-6.946954],[12.620425,-6.734823],[12.279447,-6.147705],[12.645518,-6.028985],[12.742538,-6.049356],[12.927569,-5.981218],[12.924327,-5.81463],[12.822439,-5.829767],[12.722607,-5.979263],[12.449498,-6.051928],[12.249278,-5.82879],[12.147227,-5.617934],[12.232188,-5.479587],[12.124612,-5.184828],[12.132476,-5.005899],[12.009608,-5.019631],[11.781633,-4.680409],[11.806409,-4.577118],[11.401403,-4.221366],[11.358246,-4.111912],[11.021289,-3.857816],[10.98463,-3.714614],[10.646434,-3.451914],[10.635427,-3.313653],[10.452594,-3.133279],[9.902438,-2.700431],[9.84254,-2.500584],[10.039561,-2.613214],[10.137462,-2.527439],[9.908946,-2.470392],[9.597016,-2.352227],[9.565766,-2.19256],[9.368012,-1.995212],[9.359711,-1.914727],[9.244314,-1.785821],[9.299815,-1.577407],[9.28533,-1.415785],[9.15797,-1.395196],[9.03004,-1.299086],[9.015798,-1.169854],[8.877452,-0.973728],[8.800304,-0.733657],[8.929047,-0.68727],[9.004649,-0.805108],[9.100841,-0.599705],[9.267426,-0.412367],[9.355317,0.016181],[9.30714,0.318996],[9.424327,0.208197],[9.712413,0.134833],[9.679698,0.222154],[9.498057,0.290961],[9.308849,0.614],[9.52003,0.683539],[9.618175,0.806789],[9.506521,1.1376],[9.360199,1.146959],[9.407563,1.28384],[9.56422,1.503404],[9.617524,1.671454],[9.799083,1.901109],[9.765473,2.085395],[9.819184,2.376939],[9.822927,2.562934],[9.877778,2.881415],[9.958018,3.082221],[9.903087,3.272895],[9.780935,3.436754],[9.6421,3.539049],[9.589203,3.809638],[9.664806,3.940375],[9.579356,4.013007],[9.41212,3.902167],[8.971202,4.100775],[8.990977,4.217475],[8.918956,4.318061],[8.871918,4.602484],[8.701671,4.501288],[8.576671,4.491889],[8.469005,4.711656],[8.29835,4.55329],[8.031993,4.558783],[7.764496,4.519192],[7.558442,4.525336],[7.169688,4.605943],[7.178233,4.501451],[6.969493,4.374579],[6.845958,4.347235],[6.461762,4.328681],[6.09669,4.278144],[5.9463,4.335191],[5.5949,4.636461],[5.486339,4.835028],[5.363617,5.171576],[5.34018,5.34394],[5.198009,5.501451],[5.007335,5.849189],[4.717052,6.163642],[4.405528,6.358873],[4.125824,6.410346],[3.541352,6.45482],[3.402354,6.552151],[3.384532,6.397691],[2.927745,6.389106],[2.306977,6.331488],[1.884532,6.274807],[1.429535,6.181952],[1.133067,6.073635],[1.048025,5.992662],[0.995291,5.839342],[0.914399,5.777086],[0.723481,5.755439],[0.321951,5.779202],[0.1574,5.724555],[0.034516,5.628363],[-0.371571,5.492743],[-0.507436,5.368842],[-0.637766,5.340888],[-0.79955,5.21483],[-1.049794,5.198676],[-1.233632,5.100735],[-1.569488,5.018785],[-1.748606,4.877183],[-2.090566,4.737128],[-2.356597,4.919623],[-2.690419,5.010199],[-2.964996,5.045315],[-2.977773,5.114976],[-3.13915,5.14232],[-3.205068,5.218655],[-3.312164,5.11994],[-3.840891,5.201158],[-4.125478,5.30744],[-4.477691,5.291327],[-4.44164,5.225043],[-4.183827,5.280178],[-3.995758,5.231676],[-4.620513,5.180732],[-4.784657,5.143948],[-5.52481,5.099799],[-5.851308,5.029975],[-6.583852,4.760403],[-6.914174,4.655707],[-7.058217,4.539008],[-7.173451,4.518785],[-7.456776,4.344062],[-7.712717,4.361518],[-7.832875,4.452216],[-8.100331,4.55329],[-8.257314,4.579983],[-8.607533,4.786933],[-9.014801,4.978461],[-9.278717,5.145738],[-9.470815,5.320461],[-9.497467,5.38939],[-9.696767,5.546373],[-10.039947,5.854315],[-10.046213,5.89643],[-10.395619,6.176988],[-10.659413,6.227484],[-10.788319,6.292955],[-10.82433,6.43773],[-11.053619,6.584174],[-11.353179,6.701158],[-11.368276,6.811347],[-11.492787,6.932766],[-11.839589,7.148993],[-12.506581,7.389838],[-12.428334,7.533596],[-12.531402,7.687079],[-12.711415,7.711982],[-12.875885,7.828681],[-12.895172,8.079576],[-12.978749,8.242011],[-13.161733,8.187161],[-13.144399,8.43122],[-13.2412,8.672187],[-13.240224,8.825832],[-13.322174,9.083075],[-13.322174,9.345404],[-13.431996,9.37108],[-13.561391,9.508979],[-13.624379,9.720282],[-13.747182,9.767768],[-13.945383,9.966946],[-14.153188,10.05565],[-14.463043,10.330024],[-14.582834,10.480862],[-14.628651,10.617255],[-14.792836,10.745022],[-14.749257,10.816107],[-14.898793,10.993232],[-14.973215,10.820054],[-15.069447,10.837144],[-15.154775,11.086982],[-15.409535,11.189602],[-15.41393,11.336412],[-15.507069,11.357896],[-15.396067,11.532131],[-15.551381,11.73314],[-15.58495,11.851264],[-15.830393,11.748358],[-15.969553,11.768256],[-15.981597,11.921291],[-16.134267,11.888861],[-16.331776,12.004625],[-16.365346,12.192328],[-16.471913,12.186265],[-16.798736,12.430894],[-16.76122,12.713202],[-16.794545,12.838772],[-16.747792,13.040269],[-16.829701,13.338528],[-16.575754,13.640326],[-16.710194,13.773627],[-16.802561,14.107856],[-16.883901,14.188951],[-16.939565,14.355862],[-17.059478,14.453925],[-17.178212,14.653144],[-17.370961,14.800279],[-17.138661,14.92772],[-16.878245,15.2331],[-16.53893,15.774359],[-16.539215,16.267239],[-16.467152,16.492865],[-16.459218,16.643948],[-16.343088,16.942288],[-16.172597,17.262356],[-16.04898,17.667182],[-16.024159,17.96015],[-16.069407,18.484036],[-16.131988,18.628648],[-16.204579,18.982733],[-16.282786,19.130439],[-16.474599,19.270819],[-16.463735,19.381537],[-16.359202,19.415839],[-16.384633,19.57392],[-16.233795,19.793647],[-16.297963,19.922512],[-16.213979,20.033271],[-16.199696,20.215155],[-16.295074,20.330552],[-16.391184,20.569485],[-16.55248,20.576402],[-16.665028,20.670559],[-16.745432,20.868598],[-16.931223,21.151516],[-17.015859,21.031236],[-17.004384,20.93244],[-17.100209,20.837592],[-16.966908,21.781155],[-16.81664,22.130561],[-16.706776,22.275458],[-16.52184,22.314887],[-16.357289,22.583075],[-16.289622,22.899807],[-16.172963,22.973456],[-16.135121,23.185126],[-15.967193,23.512926],[-15.772613,23.787828],[-15.768137,23.959866],[-15.620107,24.026272],[-15.171864,24.494127],[-15.014801,24.562445],[-14.907826,24.685492],[-14.836049,24.918687],[-14.849721,25.214179],[-14.782053,25.446926],[-14.714915,25.52558],[-14.620961,25.783596],[-14.519521,25.923774],[-14.492828,26.132717],[-14.410146,26.260077],[-14.157053,26.433783],[-13.923736,26.500881],[-13.619985,26.68891],[-13.500885,26.858303],[-13.402455,27.177191],[-13.301096,27.324449],[-13.171254,27.685004],[-13.061431,27.742906],[-12.968088,27.914618],[-12.838938,27.970404],[-12.513539,27.995429],[-12.061431,28.089016],[-11.485585,28.325629],[-11.325917,28.515204],[-11.047597,28.761705],[-10.573801,28.990424],[-10.141754,29.428616],[-10.052968,29.599921],[-9.820221,29.838935],[-9.655141,30.126899],[-9.611643,30.404364],[-9.700063,30.542711],[-9.886708,30.686672],[-9.820221,30.792304],[-9.847524,31.402411],[-9.68928,31.635199],[-9.667307,31.731147],[-9.366119,32.026313],[-9.270009,32.227484],[-9.259918,32.57689],[-8.867787,32.881903],[-8.62914,33.127631],[-8.243153,33.404527],[-8.106557,33.430854],[-7.49706,33.64997],[-7.099477,33.840277],[-6.822092,34.039618],[-6.557932,34.417711],[-6.292104,34.880805],[-6.205393,35.124579],[-6.023915,35.501166],[-5.927235,35.780748],[-5.598988,35.822333],[-5.44811,35.918524],[-5.345693,35.832587],[-5.24942,35.584621],[-5.066274,35.417467],[-4.770497,35.241034],[-4.376047,35.151842],[-3.961293,35.250434],[-3.764801,35.218451],[-3.673573,35.287909],[-3.412913,35.197943],[-3.195139,35.238227],[-2.963043,35.373481],[-2.881988,35.146715],[-2.563222,35.096137],[-2.416737,35.149156],[-2.052358,35.075019],[-1.761138,35.129625],[-1.510365,35.295478],[-1.26773,35.390326],[-1.190338,35.566148],[-1.032948,35.682603],[-0.825022,35.768541],[-0.682607,35.717353],[-0.348541,35.90705],[-0.123891,35.786933],[0.034516,35.863267],[0.127289,36.050767],[0.663259,36.332587],[0.864757,36.377387],[1.04477,36.486884],[1.913829,36.570217],[2.309825,36.63052],[2.632986,36.605129],[2.933116,36.80858],[3.179373,36.742825],[3.237804,36.813056],[3.460704,36.775092],[3.827485,36.912909],[4.104828,36.883734],[4.440684,36.911607],[4.78712,36.895413],[5.104828,36.781317],[5.118419,36.699368],[5.304373,36.643012],[5.464854,36.665229],[5.576182,36.761379],[6.197032,36.90233],[6.338715,37.069281],[6.462413,37.09394],[6.583263,36.989814],[6.822032,36.952623],[6.909434,36.893052],[7.239024,36.971503],[7.383474,37.082994],[7.712738,36.963202],[7.908458,36.849555],[8.233165,36.958075],[8.497569,36.904202],[8.903656,37.021674],[8.987641,37.116848],[9.210704,37.233832],[9.34254,37.235338],[9.66627,37.335435],[9.858897,37.328803],[9.815929,37.151842],[10.05128,37.266588],[10.146251,37.236518],[10.220063,36.97663],[10.347179,36.880276],[10.320079,36.748765],[10.538233,36.772026],[10.566905,36.863227],[10.733466,36.895812],[11.012706,37.084784],[11.116767,36.838412],[11.02214,36.788276],[10.799929,36.451885],[10.519085,36.337472],[10.479528,36.079327],[10.608572,35.855862],[10.841156,35.698798],[11.011974,35.657904],[11.05769,35.486733],[11.042233,35.334435],[11.111578,35.205595],[10.917654,34.957424],[10.916336,34.873569],[10.597023,34.544713],[10.378724,34.42308],[10.12672,34.325629],[10.005219,34.17064],[10.048839,33.983466],[10.163097,33.836249],[10.330251,33.702826],[10.489268,33.647121],[10.716645,33.706936],[10.717133,33.483547],[10.909434,33.539618],[10.977875,33.643134],[11.108165,33.549628],[11.089929,33.454149],[11.179535,33.211086],[11.442393,33.204657],[11.635753,33.10871],[11.847016,33.082831],[12.122406,32.921332],[12.348318,32.832668],[12.729828,32.79857],[13.351736,32.904242],[13.571462,32.802802],[13.78712,32.799628],[14.175548,32.717678],[14.469493,32.519029],[14.726817,32.450751],[15.195974,32.389797],[15.370453,32.159084],[15.370453,31.929389],[15.490408,31.664862],[15.761485,31.388129],[16.044607,31.275539],[16.358653,31.227118],[16.728038,31.223822],[17.365896,31.086615],[17.466807,31.029975],[17.848643,30.923651],[17.926768,30.85517],[18.175304,30.786078],[18.653168,30.422309],[18.925955,30.293362],[19.056814,30.266181],[19.338552,30.298814],[19.748871,30.510932],[20.036469,30.819078],[20.146658,31.045559],[20.146658,31.216783],[20.022227,31.396796],[19.920665,31.717719],[19.940115,31.95775],[20.071544,32.176418],[20.562673,32.557847],[21.09669,32.781073],[21.286794,32.771145],[21.4546,32.812567],[21.608653,32.930732],[21.877452,32.903225],[22.096202,32.923082],[22.379161,32.870347],[22.513845,32.790961],[23.086436,32.64647],[23.148936,32.478095],[23.095551,32.323554],[23.2435,32.220608],[23.669688,32.183254],[23.998709,32.093899],[24.090668,32.005764],[24.546072,31.991441],[24.670258,32.032416],[24.9817,31.967922],[25.156261,31.663072],[25.190929,31.53148],[25.401866,31.50316],[25.824067,31.614936],[25.966807,31.616604],[26.362153,31.521918],[26.965505,31.449652],[27.117361,31.390448],[27.320649,31.381008],[27.383474,31.2685],[27.66033,31.180243],[27.863292,31.233547],[27.897146,31.114407],[28.31837,31.059801],[28.404959,31.086493],[28.818044,30.951158],[29.028087,30.827053],[29.218923,30.838039],[29.503266,30.956692],[29.83839,31.15412],[30.042247,31.320502],[30.165212,31.216783],[30.267751,31.25731],[30.362153,31.508734],[30.740733,31.405504],[30.909434,31.423814],[31.034923,31.51968],[31.220958,31.579901],[31.523692,31.449652],[31.837901,31.525336],[31.790212,31.343451],[32.056977,31.079657],[32.24822,31.10692],[32.300466,31.28144],[32.509532,31.10692],[32.731293,31.038764],[32.968761,31.086493],[33.098643,31.189521],[33.187673,31.061672],[33.499522,31.128079],[33.64796,31.117255],[34.047048,31.229193],[34.222667,31.326646],[34.44337,31.534573],[34.711925,31.951606],[34.837657,32.280707],[34.94752,32.814154],[35.0796,32.905829],[35.09962,33.101264],[35.174653,33.170152],[35.271007,33.457506],[35.349132,33.513861],[35.477306,33.8039],[35.57838,33.916693],[35.647716,34.119127],[35.627208,34.201117],[35.805431,34.458686],[35.983165,34.538642],[35.980642,34.638495],[35.866873,34.924221],[35.887869,35.109198],[35.962413,35.197943],[35.908865,35.425727],[35.778087,35.541164],[35.776622,35.675116],[35.975434,36.0185],[35.788748,36.320258],[36.037446,36.527045],[36.189138,36.60399],[36.188975,36.801744],[36.020274,36.926337],[35.805431,36.775092],[35.6067,36.740383],[35.513357,36.612982],[35.347992,36.544379],[34.770763,36.816067],[34.554698,36.767646],[34.276215,36.586982],[34.077322,36.413886],[34.077891,36.328843],[33.5442,36.144477],[32.940929,36.103502],[32.803722,36.027167],[32.670665,36.046698],[32.365489,36.177965],[32.026052,36.543443],[31.407563,36.763414],[31.340831,36.80858],[30.686534,36.891181],[30.569835,36.781317],[30.569835,36.528022],[30.47462,36.401597],[30.440766,36.239325],[30.254568,36.308295],[29.911632,36.217027],[29.795258,36.145209],[29.602224,36.207017],[29.322276,36.246894],[29.124278,36.418158],[29.096365,36.665229],[28.603526,36.733547],[28.424815,36.829088],[28.111501,36.604193],[28.04184,36.719875],[28.04184,36.93891],[27.986583,37.035142],[27.780447,36.993598],[27.263194,36.963365],[27.302989,37.119574],[27.554535,37.130113],[27.553233,37.272935],[27.190766,37.357327],[27.249522,37.74433],[27.239106,37.987942],[26.949229,38.067369],[26.864919,38.040351],[26.760265,38.216742],[26.607107,38.108303],[26.265391,38.286689],[26.475922,38.366889],[26.348643,38.621324],[26.505626,38.652655],[26.630382,38.519232],[26.611827,38.416246],[26.766856,38.364081],[26.93865,38.434231],[26.848888,38.597398],[26.719086,38.720933],[27.013357,38.871161],[26.806488,38.950141],[26.883149,39.071601],[26.670258,39.305976],[26.925955,39.485826],[26.893403,39.584377],[26.152843,39.459215],[26.152599,39.942613],[26.311046,40.019477],[26.40797,40.193671],[26.500743,40.212958],[26.735606,40.403551],[27.013357,40.392483],[27.096365,40.452297],[27.303396,40.458441],[27.452322,40.322008],[27.789806,40.320461],[27.867361,40.368883],[27.76002,40.537055],[27.9699,40.502997],[28.11199,40.396064],[28.347992,40.404039],[28.637706,40.36518],[28.771983,40.402533],[29.065684,40.375718],[28.792654,40.55329],[28.986339,40.644761],[29.281586,40.66592],[29.356944,40.762397],[29.263927,40.869778],[29.028087,40.982123],[29.130056,41.2119],[29.231781,41.240709],[29.884613,41.148993],[30.136892,41.143785],[30.271251,41.211168],[30.833263,41.079901],[31.248871,41.105658],[31.401052,41.202094],[31.403575,41.316474],[31.658946,41.397935],[32.134125,41.599433],[32.263357,41.72016],[32.612559,41.839545],[32.926117,41.881822],[33.324474,42.019029],[34.331309,41.947943],[34.694184,41.94595],[34.889008,42.007799],[35.104503,42.021877],[35.098643,41.912665],[35.224783,41.761868],[35.530121,41.634263],[35.893809,41.707465],[36.120453,41.627753],[36.134451,41.4619],[36.45102,41.240424],[36.619884,41.375067],[36.984874,41.294501],[37.039724,41.181545],[37.263438,41.147854],[37.504731,41.042914],[37.65504,41.117621],[37.895763,40.982123],[38.330903,40.917873],[38.717621,40.954779],[38.927501,41.042629],[39.273204,41.050442],[39.430186,41.112494],[39.592052,41.025092],[40.142751,40.922797],[40.464854,41.050442],[40.698253,41.098131],[40.827485,41.197943],[41.020274,41.2237],[41.390391,41.37934],[41.773936,41.821601],[41.755707,42.006415],[41.664073,42.113959],[41.554861,42.389838],[41.500173,42.64057],[41.383474,42.75727],[41.150238,42.79564],[41.023123,42.989976],[40.855968,43.063056],[40.335134,43.140855],[40.219086,43.319037],[39.962576,43.392646],[39.718272,43.567776],[39.329356,43.896226],[38.978282,44.148261],[38.595063,44.331936],[38.177745,44.405992],[37.922618,44.613756],[37.478282,44.677191],[37.351248,44.778632],[37.191905,44.991034],[36.840099,45.109361],[36.781586,45.387641],[36.833263,45.44302],[37.158946,45.326077],[37.635102,45.333808],[37.737559,45.374742],[37.595063,45.635321],[37.829438,45.75316],[37.940115,46.020331],[38.24879,46.141547],[38.445811,46.034247],[38.556814,46.11518],[38.300059,46.218655],[38.122895,46.377509],[37.827322,46.476508],[37.852224,46.622504],[38.036794,46.629462],[38.279959,46.725775],[38.403005,46.82095],[38.803722,46.893541],[39.075206,47.03266],[39.261892,47.008612],[39.264008,47.26081],[39.088145,47.286444],[38.937755,47.189765],[38.427908,47.133531],[38.130056,47.074652],[37.58074,47.090399],[37.335216,46.882473],[37.208181,46.93358],[36.886241,46.804023],[36.189464,46.669013],[35.901622,46.652737],[35.510509,46.457221],[35.291352,46.293362],[35.075043,46.271064],[34.81129,46.166246],[34.87436,45.926093],[35.044444,45.670071],[35.332205,45.371243],[35.480724,45.297797],[35.694998,45.33039],[35.791759,45.412299],[36.022309,45.368109],[36.137462,45.462063],[36.299978,45.473334],[36.613536,45.408881],[36.417979,45.229926],[36.440115,45.06745],[36.22462,45.007514],[36.047862,45.048774],[35.847992,44.992418],[35.771169,45.065619],[35.547374,45.119696],[35.389415,45.001939],[35.005707,44.835191],[34.757009,44.820502],[34.469005,44.729804],[34.341156,44.558498],[33.957856,44.383002],[33.720958,44.399644],[33.477387,44.606635],[33.61964,44.931464],[33.562511,45.09394],[33.413422,45.184516],[33.259613,45.156073],[32.899262,45.354234],[32.512869,45.340562],[32.525157,45.458157],[32.936778,45.662502],[33.265391,45.753811],[33.708669,45.909735],[33.613455,46.145209],[33.423839,46.05329],[33.293468,46.135688],[32.789806,46.134345],[32.503429,46.076117],[32.262462,46.128241],[31.968272,46.35106],[32.111664,46.512437],[32.335785,46.562161],[31.908539,46.662746],[31.858409,46.629136],[31.480968,46.64643],[31.337657,46.601264],[30.991384,46.601264],[30.754893,46.515855],[30.772472,46.39643],[30.494151,46.080471],[30.138438,45.81977],[29.968516,45.838935],[29.865001,45.672349],[29.589692,45.559068],[29.747406,45.463446],[29.756196,45.321234],[29.676524,45.144599],[29.611176,44.849311],[29.098155,44.775377],[29.045177,45.004828],[28.880056,44.954779],[28.923839,44.757799],[28.788829,44.706244],[28.844005,44.49372],[28.64088,44.328559],[28.671235,44.003323],[28.584483,43.800849],[28.560313,43.453843],[28.459483,43.380683],[28.321625,43.42829],[28.091563,43.363959],[27.885427,43.008612],[27.892263,42.710517],[27.743175,42.716051],[27.511485,42.553046],[27.472667,42.461859],[27.691661,42.42829],[27.75115,42.277045],[27.986583,42.072089],[28.035818,41.885891],[27.972016,41.822252],[28.113292,41.611558],[28.384288,41.447455],[28.908458,41.266547],[29.109223,41.235297],[28.981944,41.001654],[28.625255,40.968411],[28.236664,41.08515],[28.013031,41.040717],[27.941254,40.971096],[27.737804,41.012641],[27.524181,40.989203],[27.424815,40.831285],[27.177745,40.632636],[27.047537,40.612209],[26.68336,40.455471],[26.61671,40.359524],[26.444672,40.241645],[26.375824,40.15351],[26.219086,40.331448],[26.828949,40.601996],[26.790375,40.66059],[26.302582,40.601142],[26.076915,40.611802],[26.012218,40.824449],[25.537771,40.870429],[25.299653,40.95185],[24.989757,40.942125],[24.802013,40.853461],[24.628673,40.858588],[24.566661,40.951728],[24.415538,40.945543],[24.340668,40.831285],[24.110118,40.727851],[23.809255,40.780422],[23.691742,40.69538],[23.877615,40.560248],[23.868175,40.41352],[24.18686,40.346625],[24.383311,40.179145],[24.299978,40.128079],[24.168956,40.275295],[23.922618,40.36933],[23.699718,40.326361],[23.778575,40.202704],[23.991222,40.11872],[23.97283,39.961859],[23.824067,40.021918],[23.675466,40.217922],[23.398285,40.277737],[23.299083,40.235419],[23.029145,40.325751],[22.830903,40.485785],[22.983165,40.55268],[22.910492,40.644599],[22.710948,40.511623],[22.552501,40.166571],[22.5713,40.054267],[22.710134,39.957343],[22.858653,39.773261],[22.925141,39.599514],[23.101817,39.497382],[23.342296,39.192613],[23.213552,39.168118],[23.151378,39.284857],[23.020518,39.317532],[22.826182,39.221259],[23.023285,39.00845],[22.846528,38.926418],[22.769542,38.784817],[23.204926,38.682685],[23.418468,38.50434],[23.601329,38.473944],[23.594005,38.426093],[23.709972,38.336737],[23.95102,38.29092],[24.069021,38.204739],[23.989024,38.122626],[24.066905,37.864407],[24.072113,37.689521],[23.764496,37.815985],[23.680186,37.945868],[23.449962,38.02143],[23.094086,37.911038],[23.182384,37.809149],[23.16863,37.614163],[23.374278,37.555894],[23.446544,37.414618],[23.07309,37.355211],[23.132009,37.448635],[22.963878,37.521796],[22.723155,37.541653],[22.757986,37.398261],[22.999848,37.033271],[23.095551,36.807034],[23.025645,36.715644],[23.080577,36.579291],[22.972423,36.520209],[22.765147,36.804185],[22.622569,36.803453],[22.533458,36.707221],[22.4699,36.452338],[22.354503,36.511908],[22.370616,36.67357],[22.153168,37.021186],[21.937348,36.979967],[21.945079,36.789944],[21.707367,36.81802],[21.702647,36.957261],[21.567556,37.156317],[21.682302,37.283922],[21.674815,37.395982],[21.549978,37.561469],[21.298676,37.672593],[21.295258,37.771674],[21.122081,37.837388],[21.325938,38.02143],[21.375743,38.204291],[21.603038,38.151801],[21.764171,38.295803],[21.955903,38.336737],[22.226573,38.18594],[22.680431,38.066596],[22.867198,37.939521],[22.942882,38.083482],[23.216645,38.103339],[23.10963,38.21011],[22.89503,38.241156],[22.691417,38.32217],[22.545665,38.302639],[21.987641,38.41059],[21.762543,38.328355],[21.535411,38.313951],[21.369884,38.408189],[21.15561,38.3039],[21.024669,38.608466],[20.764496,38.891791],[21.159923,38.997748],[20.893891,39.077216],[20.686534,39.072455],[20.292817,39.333441],[20.141287,39.537828],[20.181814,39.624457],[19.983572,39.701361],[20.016287,39.845038],[19.906423,39.912665],[19.855235,40.049872],[19.476248,40.21369],[19.47877,40.453925],[19.309825,40.644355],[19.414236,40.868842],[19.516612,41.256415],[19.414236,41.382799],[19.565196,41.58511],[19.585216,41.818549],[19.170258,41.937974],[19.139171,42.042426],[18.913341,42.222235],[18.238943,42.559068],[18.21754,42.620103],[17.806651,42.811916],[17.44044,42.873358],[17.440684,43.032294],[17.073497,43.238959],[16.880626,43.405951],[16.625824,43.449042],[16.433849,43.54975],[16.098481,43.480048],[15.917979,43.593329],[15.931163,43.6765],[15.466075,43.921698],[15.144542,44.195461],[15.307953,44.354397],[14.901378,44.690172],[14.921641,44.958808],[14.827403,45.113959],[14.510509,45.29975],[14.329763,45.35399],[14.232595,45.149359],[13.972667,44.826646],[13.860037,44.82567],[13.643809,45.070502],[13.507091,45.511908],[13.75294,45.552883],[13.726248,45.703762],[13.131358,45.768866],[13.084972,45.641913],[12.943858,45.628567],[12.487804,45.456732],[12.272716,45.463609],[12.168793,45.262152],[12.296072,45.22663],[12.376231,45.038967],[12.527029,44.943345],[12.444591,44.820502],[12.253591,44.751288],[12.283702,44.487616],[12.368826,44.250678],[12.710297,43.982896],[12.947276,43.89761],[13.253266,43.703192],[13.616954,43.531317],[13.834809,43.127265],[13.944672,42.798285],[14.075369,42.598822],[14.740733,42.084621],[15.123383,41.934272],[15.446056,41.906928],[16.02711,41.944078],[16.140473,41.919908],[16.192882,41.79092],[15.925304,41.640041],[15.911794,41.502875],[16.021658,41.427802],[16.593923,41.206977],[17.05714,41.081855],[17.276378,40.980211],[17.476085,40.830146],[18.007009,40.650702],[18.037446,40.556952],[18.238292,40.457668],[18.437266,40.26789],[18.517426,40.114163],[18.434093,40.022528],[18.383962,39.81391],[18.211274,39.839342],[18.007335,39.98607],[17.997244,40.120429],[17.847667,40.290025],[17.512055,40.303697],[17.212901,40.406195],[17.247406,40.502834],[17.049571,40.51911],[16.91212,40.445217],[16.604747,40.084459],[16.631602,39.966213],[16.49171,39.805487],[16.515636,39.689602],[16.749766,39.620022],[17.158702,39.406195],[17.122244,39.338324],[17.127696,38.928778],[16.838552,38.918199],[16.610606,38.816555],[16.538829,38.723334],[16.569591,38.429511],[16.339854,38.300849],[16.169444,38.143215],[16.090017,37.949205],[15.761485,37.925238],[15.665782,37.966864],[15.650564,38.241034],[15.786469,38.278022],[15.904796,38.473944],[15.844493,38.660386],[16.12086,38.720933],[16.220063,38.899075],[16.083018,39.075263],[15.995396,39.438768],[15.867524,39.56391],[15.781912,39.868598],[15.610199,40.073188],[15.4101,39.99397],[15.283051,40.029853],[15.127208,40.169623],[14.911143,40.241645],[14.998267,40.397559],[14.888845,40.573065],[14.752208,40.676703],[14.5442,40.613593],[14.474132,40.729682],[14.2942,40.838772],[14.052257,40.837592],[13.851725,41.147316],[13.721853,41.252387],[13.514415,41.229682],[13.324392,41.294827],[13.044607,41.227525],[12.893565,41.399319],[12.619395,41.459133],[12.448009,41.630764],[12.239024,41.736274],[12.147472,41.903469],[11.91684,42.037909],[11.827485,42.034166],[11.658214,42.279364],[11.376638,42.406887],[11.164191,42.439828],[11.18686,42.520819],[10.990001,42.710273],[10.731293,42.804429],[10.681407,42.949042],[10.499522,42.940497],[10.54656,43.147121],[10.437022,43.388577],[10.326345,43.476874],[10.264008,43.809394],[10.105805,44.01675],[9.844737,44.108629],[9.771821,44.079413],[9.230642,44.353705],[8.76238,44.432115],[8.466075,44.304267],[8.408214,44.193508],[8.233165,44.103583],[8.144705,43.952582],[7.959727,43.852851],[7.694998,43.791205],[7.502289,43.792222],[7.330533,43.686424],[7.151622,43.654771],[6.9756,43.546946],[6.894028,43.427628],[6.731146,43.407847],[6.679801,43.201553],[6.027008,43.078195],[5.537836,43.20739],[5.34698,43.215899],[5.338883,43.334289],[5.064795,43.328019],[5.022309,43.552191],[4.820279,43.346356],[4.566289,43.371094],[4.513031,43.455797],[4.205903,43.459906],[4.105317,43.551866],[3.939301,43.532538],[3.622162,43.374905],[3.513357,43.281073],[3.385427,43.283922],[3.114024,43.106309],[3.038992,42.942776],[3.05185,42.554877],[3.13738,42.524929],[3.17449,42.363796],[3.122488,42.140489],[3.235688,41.965522],[3.150165,41.845351],[2.778497,41.645582],[2.296723,41.465318],[2.060313,41.274604],[1.539236,41.187445],[0.990408,41.0397],[0.714203,40.815212],[0.872406,40.707099],[0.548513,40.572333],[0.350597,40.284898],[0.205251,40.171536],[-0.194488,39.71544],[-0.323354,39.516221],[-0.30134,39.322008],[-0.210027,39.07869],[-0.009755,38.869696],[0.23406,38.75788],[-0.01476,38.624416],[-0.090199,38.535346],[-0.329416,38.470038],[-0.609486,38.178046],[-0.65453,37.989325],[-0.85261,37.723782],[-0.705312,37.619534],[-0.92516,37.555894],[-1.323735,37.561991],[-1.488352,37.433214],[-1.670888,37.363308],[-1.812734,37.207058],[-1.898671,36.950059],[-2.071156,36.775336],[-2.203643,36.737128],[-2.361684,36.836778],[-2.576894,36.811306],[-2.756663,36.680365],[-2.933258,36.751654],[-3.227895,36.754828],[-3.415155,36.695516],[-3.6011,36.74255],[-4.056711,36.747992],[-4.433258,36.710679],[-4.524826,36.580715],[-4.722768,36.492987],[-4.902659,36.506537],[-5.186554,36.4112],[-5.445505,36.05744],[-5.611765,36.006456],[-5.917185,36.184068],[-6.036773,36.189521],[-6.218373,36.402452],[-6.234893,36.575751],[-6.394683,36.636908],[-6.358876,36.785834],[-6.499582,36.959662],[-6.744862,37.101386],[-7.029368,37.205512],[-7.51179,37.17178],[-7.78661,37.022691],[-7.981353,37.001695],[-8.179152,37.088099],[-8.438834,37.082734],[-8.62678,37.121161],[-8.878919,37.047209],[-8.881365,37.23248],[-8.797861,37.4896],[-8.826527,37.600572],[-8.797182,37.844873],[-8.867502,37.973619],[-8.774396,38.186949],[-8.795071,38.359227],[-8.905832,38.512397],[-9.200357,38.412481],[-9.183793,38.551537],[-9.252675,38.665484],[-9.491689,38.707587],[-9.436635,39.029486],[-9.35086,39.197309],[-9.352922,39.367934],[-9.240315,39.419997],[-9.090434,39.579275],[-9.071692,39.680437],[-8.868153,40.124823],[-8.865387,40.275458],[-8.765788,40.582541],[-8.641591,40.694159],[-8.700551,40.777981],[-8.6551,40.993801],[-8.774849,41.468338],[-8.880306,41.736862],[-8.89859,42.101752],[-8.795766,42.258246],[-8.867502,42.4147],[-8.822987,42.569525],[-9.070872,42.596137],[-9.141428,42.921413],[-9.250966,43.016791],[-9.2176,43.155341],[-9.052398,43.196357],[-8.841176,43.338935],[-8.693105,43.293402],[-8.505971,43.331529],[-8.308217,43.546332],[-8.059316,43.709418],[-7.773793,43.74258],[-7.367055,43.68008],[-7.230092,43.56863],[-6.648671,43.579047],[-6.510121,43.547471],[-6.222768,43.595893],[-5.424224,43.561143],[-5.177887,43.489366],[-4.734934,43.4171],[-4.188588,43.405382],[-3.826731,43.497016],[-3.554351,43.516913],[-3.470041,43.454169],[-3.112375,43.354071],[-2.930084,43.437934],[-2.755849,43.450263],[-2.367421,43.315701],[-2.098866,43.304145],[-1.811269,43.395087],[-1.661,43.399685],[-1.476877,43.580064],[-1.346099,44.019192],[-1.247304,44.504543],[-1.199452,45.120836],[-1.139963,45.490058],[-0.915273,45.450426],[-0.841786,45.514553],[-1.194203,45.710191],[-1.230295,45.792426],[-1.073354,45.904364],[-1.048695,46.038804],[-1.179596,46.229478],[-1.504465,46.419338],[-1.804799,46.503607],[-1.857411,46.635321],[-2.118764,46.819973],[-1.992584,47.052314],[-2.278391,47.246405],[-2.404897,47.286444],[-2.501698,47.526679],[-2.741444,47.551337],[-2.758209,47.639065],[-3.073842,47.576483],[-3.345123,47.721259],[-3.524485,47.772447],[-3.851715,47.801011],[-4.09439,47.875474],[-4.225168,47.802436],[-4.434641,47.975653],[-4.683705,48.067328],[-4.361928,48.115709],[-4.457631,48.248969],[-4.783355,48.37641],[-4.764556,48.520209],[-4.563629,48.629625],[-3.973988,48.732815],[-3.614003,48.682685],[-3.515289,48.841946],[-3.077056,48.828274],[-2.636342,48.538804],[-2.312489,48.686957],[-2.219228,48.603664],[-1.976959,48.691107],[-1.838206,48.623765],[-1.579701,48.643256],[-1.553619,48.747138],[-1.610422,49.215888],[-1.819569,49.396796],[-1.884674,49.530911],[-1.811838,49.690741],[-1.59732,49.652289],[-1.391265,49.712714],[-1.306264,49.558092],[-1.072255,49.396796],[-0.411122,49.34276],[-0.219472,49.280097],[0.071951,49.35928],[0.256847,49.464057],[0.079682,49.542182],[0.23585,49.729315],[0.674815,49.8758],[1.172618,49.961005],[1.391287,50.075181],[1.521007,50.214667],[1.573497,50.44538],[1.580577,50.868801],[1.973481,51.007148],[2.466075,51.068793],[3.124848,51.329657],[3.541352,51.416734],[3.45753,51.55508],[3.828868,51.612738],[4.05714,51.508368],[4.118012,51.630683],[4.033946,51.784247],[4.01002,51.980129],[4.141856,52.005601],[4.508149,52.336371],[4.596934,52.506578],[4.745453,52.967597],[4.913097,52.905585],[5.379242,53.097357],[5.591563,53.302802],[5.980805,53.406073],[6.345551,53.412665],[6.730235,53.460639],[7.023285,53.450507],[7.086762,53.586859],[7.226085,53.66649],[7.951427,53.72191],[8.167979,53.553209],[8.483897,53.68358],[8.573253,53.857652],[8.860688,53.831],[9.018321,54.097886],[8.651866,54.274848],[8.629161,54.387681],[8.860688,54.413804],[9.011567,54.506334],[8.688731,54.735297],[8.640961,55.023383],[8.689464,55.141588],[8.617686,55.437934],[8.441905,55.463935],[8.290212,55.583808],[8.094005,55.56391],[8.193614,55.811835],[8.386892,55.9265],[8.2824,56.075873],[8.106456,56.119452],[8.122406,56.551663],[8.436534,56.580227],[8.601085,56.501125],[8.876638,56.764309],[9.105968,56.800116],[9.288748,56.997138],[9.112804,57.038642],[8.679535,56.952541],[8.491466,56.731391],[8.270356,56.843248],[8.586274,57.106391],[8.980479,57.161038],[9.41212,57.165432],[9.573253,57.242906],[9.96697,57.591376],[10.430431,57.570543],[10.54656,57.435289],[10.539073,57.236721],[10.446788,57.184882],[10.26588,56.907701],[10.36085,56.561713],[10.551524,56.51557],[10.789073,56.536363],[10.964122,56.448432],[10.750011,56.216051],[10.376964,56.203315],[10.259044,56.099026],[10.245372,55.914618],[10.035655,55.818427],[9.9817,55.709418],[9.586762,55.427436],[9.710297,55.248684],[9.494395,55.160549],[9.738617,54.980862],[9.801768,54.783393],[9.97047,54.762641],[10.02003,54.545844],[10.203868,54.461005],[10.77711,54.315131],[11.077403,54.342231],[11.06658,54.183905],[10.752615,54.043891],[10.88738,53.963935],[11.175059,54.018012],[11.458995,53.916693],[11.657888,54.142239],[12.108897,54.18301],[12.342133,54.303941],[12.501964,54.473578],[12.875987,54.365424],[13.479259,54.12519],[13.683442,54.168036],[13.758149,54.030992],[13.890147,53.912909],[13.818533,53.877997],[13.984223,53.773993],[14.544932,53.704047],[14.575857,53.854804],[14.274669,53.830797],[14.203136,53.878323],[13.875255,53.844062],[13.931651,53.899319],[13.901866,53.969794],[14.05128,54.005072],[14.367035,53.916978],[14.781912,54.034613],[15.859711,54.249986],[16.220063,54.276597],[16.323985,54.401313],[16.569591,54.557196],[16.939952,54.606024],[17.337413,54.74901],[17.885427,54.824123],[18.316905,54.838324],[18.42921,54.781684],[18.588064,54.433661],[19.00208,54.344924],[19.531016,54.414944],[19.831879,54.598131],[20.033702,54.948188],[20.763682,54.947699],[21.078949,54.899807],[21.230154,54.93891],[21.181326,55.193345],[21.289236,55.305243],[21.222911,55.520209],[21.074392,55.74494],[21.05836,56.037543],[20.969086,56.253485],[21.065196,56.84634],[21.401622,57.037502],[21.421397,57.288723],[21.699229,57.555325],[21.999278,57.600328],[22.483735,57.742499],[22.656098,57.585761],[23.130219,57.370795],[23.250499,57.114447],[23.69516,56.967271],[23.952891,57.013251],[24.379161,57.230211],[24.405528,57.344468],[24.357677,57.685492],[24.285981,57.832587],[24.464122,58.07217],[24.528819,58.350653],[24.361827,58.397284],[24.111664,58.241034],[23.740977,58.343085],[23.684337,58.499661],[23.493175,58.673407],[23.580333,58.792182],[23.422374,58.908677],[23.519379,59.124986],[23.470876,59.212144],[23.756847,59.283637],[24.092052,59.312567],[24.080577,59.395453],[24.399669,59.478827],[25.194102,59.52265],[25.407725,59.491034],[25.684825,59.628648],[26.66505,59.551947],[26.826915,59.476955],[27.873302,59.40762],[28.072602,59.57803],[27.993419,59.703315],[28.375255,59.666327],[28.427501,59.813422],[28.845958,59.790229],[29.161388,60.002631],[29.80421,59.94009],[30.115001,59.870551],[30.209972,60.001125],[29.948253,60.02969],[29.70102,60.200507],[29.092296,60.177965],[28.6067,60.389472],[28.721934,60.721177],[28.400564,60.665269],[28.215831,60.547553],[27.733409,60.544257],[27.456798,60.46369],[27.054373,60.54682],[26.687348,60.418158],[26.323985,60.383002],[26.094574,60.423326],[25.735525,60.24726],[25.19752,60.245185],[25.177013,60.183295],[24.608165,60.101223],[24.46811,59.996405],[24.295909,60.072211],[23.771251,59.967963],[23.56186,59.977607],[23.237153,59.898017],[23.205089,60.049709],[23.059418,60.03974],[22.867198,60.183743],[23.007579,60.277004],[22.941173,60.316474],[22.736176,60.238186],[22.627615,60.375393],[22.291515,60.382636],[22.064464,60.436347],[21.773936,60.603949],[21.469981,60.608303],[21.325938,60.834866],[21.335704,61.004584],[21.543468,61.225084],[21.510265,61.519477],[21.623383,61.545885],[21.37143,61.939114],[21.236583,61.985012],[21.339041,62.355536],[21.115571,62.495795],[21.193533,62.600898],[21.113536,62.781195],[21.382823,62.874579],[21.440766,63.037787],[21.615408,63.203925],[21.905528,63.175442],[22.373709,63.321357],[22.195567,63.43122],[22.428396,63.488756],[22.497244,63.622992],[22.922374,63.801703],[23.604503,64.027655],[23.724376,64.20893],[23.996104,64.379869],[24.344086,64.530748],[24.422862,64.675605],[24.773123,64.86579],[25.073741,64.916083],[25.259532,64.816474],[25.443533,64.966783],[25.282481,65.191392],[25.351817,65.484117],[25.08546,65.60517],[24.671072,65.644965],[24.518809,65.796047],[24.028819,65.790107],[23.374278,65.822699],[23.086762,65.727729],[22.837169,65.807685],[22.360606,65.761217],[22.170095,65.553046],[21.942231,65.411811],[21.489106,65.393378],[21.701671,65.285875],[21.618826,65.148017],[21.181326,64.835842],[21.489757,64.487006],[20.966563,64.1494],[20.896983,63.98371],[20.687511,63.798733],[20.503429,63.822008],[19.753184,63.524319],[19.276134,63.442694],[19.032481,63.182034],[18.611339,63.1789],[18.467947,63.023668],[18.512543,62.90412],[18.146169,62.822252],[17.926443,62.822252],[18.042491,62.592108],[17.861664,62.5008],[17.347016,62.403306],[17.569509,62.204739],[17.344249,61.92414],[17.399181,61.722357],[17.097179,61.636135],[17.177013,61.486884],[17.104015,61.399359],[17.212738,61.235297],[17.158214,60.948432],[17.283051,60.781155],[17.238048,60.697699],[17.574962,60.647895],[17.638194,60.515448],[17.967459,60.518948],[18.277517,60.349351],[18.419932,60.193508],[18.824474,60.068305],[18.903087,59.947211],[18.861583,59.803046],[18.686534,59.60578],[18.276866,59.422553],[18.042491,59.397366],[18.392589,59.175767],[18.043224,59.059719],[17.930675,58.910061],[17.749278,58.923814],[17.093028,58.660834],[16.635916,58.626776],[16.865896,58.483059],[16.72047,58.43651],[16.8213,58.207099],[16.679047,58.005113],[16.460297,57.89468],[16.675466,57.764472],[16.610606,57.682359],[16.688975,57.471747],[16.534841,57.360256],[16.465017,57.177314],[16.552501,57.110093],[16.356619,56.75845],[16.095225,56.419379],[16.038259,56.255072],[15.851736,56.086371],[15.492931,56.176337],[14.685802,56.147406],[14.346446,55.953315],[14.195811,55.725653],[14.363048,55.523627],[14.181163,55.390815],[13.882335,55.433051],[13.629568,55.41828],[13.381358,55.346015],[13.000011,55.400092],[12.929373,55.578925],[13.061371,55.674465],[12.922618,55.749457],[12.609548,56.116523],[12.833507,56.265692],[12.621593,56.419338],[12.833263,56.442572],[12.934418,56.547065],[12.731781,56.64704],[12.598318,56.82099],[12.375011,56.912055],[12.204356,57.147935],[12.059255,57.458808],[11.903331,57.524115],[11.693614,57.881171],[11.875743,58.199164],[11.806977,58.326606],[11.567068,58.249213],[11.224864,58.370673],[11.2317,58.799628],[11.108165,58.953559],[11.220063,59.090155],[10.733165,59.240912],[10.642751,59.374945],[10.444509,59.348944],[10.281993,59.099677],[9.846202,58.955634],[9.428071,58.893134],[9.340505,58.751166],[8.513438,58.293362],[8.122895,58.102037],[7.390636,58.017524],[6.99936,58.030707],[6.87379,58.134833],[6.542003,58.107652],[6.626231,58.244696],[6.14031,58.339667],[5.928477,58.483588],[5.704171,58.520767],[5.477951,58.754747],[5.626231,58.925605],[5.882498,58.959296],[5.872732,59.086982],[6.112315,59.274563],[5.85963,59.350775],[5.475434,59.278754],[5.201671,59.429633],[5.182302,59.511217],[5.437185,59.708197],[5.746104,59.675523],[5.831716,59.772203],[5.772227,59.930732],[6.097992,60.091864],[5.304047,60.190619],[5.170665,60.278713],[5.238292,60.489203],[5.617686,60.417182],[5.708263,60.471137],[5.738617,60.705146],[5.300059,60.560777],[5.03297,60.741685],[5.003917,61.016059],[5.125173,61.145087],[4.964122,61.265692],[5.05714,61.444322],[5.290294,61.479641],[5.229259,61.62873],[4.992686,61.630439],[4.974457,61.738593],[5.244477,61.817288],[5.297862,62.068183],[5.181814,62.212714],[5.622081,62.164862],[5.928722,62.19892],[6.02768,62.305732],[6.500255,62.399319],[6.304698,62.459174],[6.319591,62.608547],[6.622244,62.588813],[6.970388,62.725572],[6.910167,62.929389],[7.271169,63.014106],[7.50115,62.910834],[7.748302,62.942084],[7.997325,63.092271],[8.236176,63.150702],[8.624522,63.128119],[8.514659,63.305894],[8.791759,63.43122],[9.167735,63.402004],[9.699067,63.644477],[9.960623,63.42772],[10.300466,63.466539],[10.576915,63.430732],[10.77768,63.487494],[10.755707,63.625067],[11.463878,63.801703],[11.096446,63.889635],[10.910004,63.731024],[10.415782,63.579413],[9.918224,63.514716],[9.799083,63.69184],[9.545909,63.7744],[9.993907,63.929389],[10.013682,64.118801],[10.462576,64.294135],[10.615245,64.4501],[11.076182,64.523627],[11.362071,64.411282],[11.521332,64.518215],[11.402029,64.663153],[11.776378,64.976711],[11.978526,65.068834],[12.471528,65.089301],[12.342133,65.302558],[12.602224,65.432318],[12.348888,65.638373],[12.66033,65.809719],[12.682302,65.926663],[12.917491,65.95303],[12.868988,66.134345],[13.225352,66.185777],[13.081798,66.497992],[13.283946,66.660712],[13.480154,66.675279],[13.688324,66.835028],[14.22283,66.981513],[14.406912,67.278062],[14.799978,67.42182],[14.726817,67.488674],[15.040701,67.677558],[15.063243,67.838772],[15.788748,67.951361],[15.710134,68.084621],[16.104015,68.160224],[16.172374,68.317857],[16.534841,68.4383],[16.629242,68.641669],[17.234386,68.756049],[17.679373,69.091864],[18.081309,69.169135],[18.003103,69.285712],[18.300955,69.486762],[18.852712,69.552314],[19.098318,69.736151],[19.78419,69.804389],[20.007009,69.7685],[20.314952,69.963813],[20.511974,69.769477],[21.170421,69.875637],[21.253103,70.002997],[21.904552,69.825426],[21.940115,69.985745],[21.209239,70.208482],[21.986827,70.323432],[22.603689,70.218492],[22.967052,70.207465],[22.998057,70.08218],[23.357758,70.115302],[23.513194,70.365546],[24.264334,70.606269],[24.860199,70.928371],[25.341807,70.952704],[25.825206,70.82746],[25.245942,70.527899],[25.201345,70.307074],[24.979828,70.229438],[25.252696,70.101304],[25.5171,70.277899],[25.441091,70.342231],[26.012218,70.626207],[26.070811,70.71247],[26.613617,70.949123],[26.744314,70.823472],[26.513031,70.431586],[26.976085,70.527411],[27.391287,70.87637],[27.253184,71.026313],[27.568696,71.097235],[28.546072,70.979926],[28.130544,70.736029],[28.233165,70.61518],[28.794688,70.873236],[29.221365,70.855414],[29.380544,70.769436],[30.206798,70.681464],[30.456309,70.561225],[31.063324,70.366767],[30.933604,70.263739],[30.548839,70.248684],[30.133149,70.073188],[29.226736,70.120347],[29.685883,69.96955],[29.775401,69.838568],[30.165212,69.879543],[30.450694,69.810289],[30.840994,69.805854],[31.409028,69.715806],[31.699067,69.744289],[31.753673,69.854071],[32.054454,69.963772],[32.523204,69.803168],[32.919607,69.780015],[33.118988,69.661078],[32.687022,69.502753],[33.523692,69.42829],[33.852061,69.338935],[34.420584,69.310981],[34.661794,69.249498],[35.264171,69.215399],[35.330333,69.276068],[36.249522,69.110989],[37.463878,68.742418],[37.680512,68.713446],[38.434581,68.355862],[38.662934,68.379299],[39.520763,68.075995],[39.859386,68.057563],[40.800629,67.728217],[41.016612,67.697903],[40.999278,67.467475],[41.145356,67.424384],[41.108897,67.253811],[41.33839,67.171129],[41.360037,67.013617],[41.178071,66.809556],[40.444347,66.405504],[40.084972,66.288764],[39.343598,66.134711],[38.554373,66.054999],[37.927094,66.088772],[36.88738,66.285224],[36.406261,66.294745],[35.380626,66.417873],[34.887706,66.599758],[34.434337,66.547268],[34.284028,66.672431],[33.483246,66.730414],[32.843272,66.976264],[32.853852,67.07453],[32.382579,67.159654],[32.314138,67.060248],[32.478282,66.90998],[32.890961,66.781562],[33.034841,66.59162],[33.354828,66.480211],[33.7046,66.443834],[33.619884,66.309312],[34.496837,66.116156],[34.866222,65.877916],[34.776622,65.596584],[34.368988,65.391791],[34.816091,65.043402],[34.942068,64.857571],[34.798025,64.756334],[34.977592,64.611917],[34.955577,64.452216],[35.28004,64.376614],[35.410504,64.286755],[35.810802,64.342027],[35.976736,64.198961],[36.23525,64.124823],[36.292166,64.009711],[36.703461,63.924628],[37.169444,63.895087],[37.291026,63.818183],[38.001801,63.955512],[38.085785,64.059027],[37.914236,64.220404],[38.00294,64.316962],[37.687061,64.430867],[37.339434,64.340442],[37.121501,64.39474],[36.744116,64.681046],[36.559761,64.717423],[36.568604,64.902452],[36.807444,64.959052],[37.007677,65.172977],[37.705972,65.017382],[38.046434,64.853672],[39.303071,64.646226],[39.566524,64.545268],[40.062755,64.621894],[40.181651,64.558661],[40.528494,64.577948],[40.378103,64.922512],[40.114024,65.074693],[39.712087,65.401842],[39.826915,65.607001],[40.279796,65.729967],[40.795909,65.991685],[41.34254,66.062893],[41.857595,66.296332],[42.200938,66.532172],[42.749197,66.395087],[43.252208,66.436754],[43.654796,66.284857],[44.045665,66.081041],[44.123871,66.315131],[44.487804,66.676174],[44.364024,66.782294],[44.499278,66.921454],[44.206309,67.124701],[43.761404,67.221137],[44.003015,67.576027],[44.244395,68.255683],[44.160167,68.336249],[43.325694,68.613674],[43.477293,68.669066],[43.984548,68.551337],[45.306373,68.545291],[45.943858,68.446234],[46.029307,68.324042],[46.534923,68.132554],[46.722016,67.844916],[46.004117,67.767746],[45.350434,67.730414],[45.314626,67.592108],[45.028168,67.531928],[44.951687,67.320717],[45.593893,67.15824],[45.853201,66.88703],[46.041515,66.830919],[46.489024,66.878485],[46.926931,66.844957],[47.725597,67.000922],[47.695079,67.204739],[47.947927,67.444322],[47.824718,67.560289],[48.255707,67.682685],[48.924978,67.68769],[48.842784,67.865058],[49.133311,67.862616],[49.654633,67.981024],[50.434744,68.220526],[50.795584,68.376899],[50.951834,68.340725],[51.560557,68.483059],[52.060069,68.543769],[52.158865,68.398627],[52.402029,68.337714],[52.731293,68.474189],[52.49879,68.619534],[52.806488,68.768012],[53.437022,68.918158],[54.10377,69.000678],[53.72047,68.656928],[53.931895,68.391018],[53.319102,68.348049],[53.238943,68.253485],[54.239757,68.21133],[54.465099,68.304185],[54.864024,68.185126],[54.936697,68.398424],[55.392914,68.564276],[56.629649,68.642035],[56.848399,68.571601],[57.329845,68.564765],[57.604015,68.742418],[57.929535,68.751044],[57.977875,68.852973],[58.878754,69.003119],[59.415538,68.766669],[59.056407,68.619534],[59.109548,68.404731],[59.674815,68.336168],[59.963878,68.46601],[59.773611,68.668199],[60.466645,68.722317],[60.938324,68.963284],[60.843761,69.157538],[60.582286,69.149644],[60.519216,69.332099],[60.138845,69.577867],[60.232595,69.664781],[60.653575,69.672756],[60.770274,69.849107],[62.161143,69.746161],[62.631196,69.742133],[63.410492,69.671291],[64.548025,69.451728],[64.855805,69.295396],[65.419444,69.177069],[65.817231,69.142646],[66.678477,68.895941],[66.990571,68.876288],[67.055512,68.78144],[67.904633,68.470364],[68.134939,68.423407],[68.382823,68.228461],[68.923513,68.637274],[69.10906,68.878974],[68.487153,68.97016],[68.125336,69.222357],[67.969086,69.491278],[67.62908,69.590766],[66.771007,69.740668],[66.874197,69.995917],[67.25172,70.021226],[67.327647,70.106024],[67.094249,70.220893],[67.276541,70.481187],[67.317882,70.784084],[67.138438,70.841783],[66.688731,70.769843],[66.608246,70.880683],[66.823416,71.000637],[66.645518,71.079779],[66.927013,71.298407],[67.309255,71.351223],[67.947276,71.527574],[68.478852,71.836168],[68.643728,72.033189],[68.989106,72.705878],[69.276622,72.840766],[70.17213,72.900133],[71.563243,72.915961],[72.496104,72.787665],[72.730724,72.617377],[72.864919,72.271674],[72.350841,71.864203],[72.209321,71.614732],[71.838145,71.532416],[71.839122,71.43122],[72.105724,71.290351],[72.670746,71.108954],[72.827403,70.887641],[72.688243,70.634426],[72.771332,70.425238],[72.459483,70.304429],[72.621593,70.161689],[72.491954,70.041205],[72.691661,69.836859],[72.50172,69.646715],[72.627289,69.511298],[72.647716,69.292222],[72.489268,69.199164],[72.577403,68.940375],[72.851817,68.797756],[73.539073,68.581],[73.644379,68.501899],[73.090831,68.21426],[73.2046,67.865871],[72.790863,67.625678],[72.611664,67.625881],[72.405935,67.479967],[72.402599,67.32807],[72.060069,67.308743],[72.231293,67.169176],[71.722016,66.915269],[71.495616,66.926825],[71.576915,66.658759],[71.083507,66.632066],[70.980317,66.535875],[70.413259,66.563178],[69.936209,66.863023],[69.597992,66.789049],[69.130707,66.830715],[69.112641,66.618842],[69.386485,66.513373],[70.362641,66.334418],[71.145518,66.365627],[71.678722,66.323635],[71.990082,66.23078],[72.347341,66.306383],[72.493663,66.618801],[72.942393,66.656684],[73.003103,66.739447],[73.492361,66.823432],[73.871349,67.006334],[73.899587,67.29621],[74.098318,67.431871],[74.730317,67.686265],[74.824962,67.940497],[74.701427,68.180732],[74.331554,68.385565],[74.468272,68.535386],[74.454356,68.693996],[74.62794,68.774604],[75.190684,68.874823],[76.375743,68.993964],[76.60906,68.96601],[76.662608,68.762641],[77.315929,68.530585],[77.167003,68.281806],[77.356619,68.232896],[77.192556,67.985175],[77.305186,67.910102],[77.120291,67.768541],[78.047048,67.543524],[78.113455,67.656968],[77.459483,67.786282],[77.536957,68.128607],[77.750824,68.228461],[78.103282,68.248358],[77.956309,68.495429],[77.715099,68.621039],[77.682628,68.88581],[77.232921,68.989936],[76.929047,69.009345],[76.754893,69.124701],[76.427582,69.144273],[76.042003,69.239081],[75.508556,69.26142],[75.09197,69.132799],[74.715099,69.085028],[74.247406,69.141913],[73.961274,69.083808],[73.751801,69.183539],[73.899587,69.414008],[73.515961,69.746405],[73.659923,69.859687],[73.734548,70.180894],[74.316173,70.520331],[74.317882,70.667792],[73.952159,70.836819],[73.556163,71.255113],[73.037446,71.440985],[73.481781,71.652737],[73.52589,71.822211],[74.331554,71.955715],[74.928396,72.098131],[75.111095,72.346422],[74.999522,72.673896],[74.747569,72.808295],[75.318858,72.819159],[75.701996,72.547024],[75.572032,72.466742],[75.721202,72.249579],[75.286794,71.959906],[75.263194,71.743476],[75.532888,71.542304],[75.228363,71.404527],[75.342621,71.334947],[76.017345,71.237006],[77.782725,71.142483],[78.00172,70.963609],[78.455251,70.89468],[78.61378,70.962592],[78.278982,71.258938],[77.87379,71.339342],[77.670909,71.286119],[77.073253,71.42886],[76.32545,71.559516],[76.026703,71.923814],[76.35377,71.999091],[76.946137,72.044257],[77.584646,71.831122],[78.109548,71.880439],[78.203624,72.001044],[77.741384,72.216213],[78.087576,72.358791],[78.497569,72.408189],[79.391449,72.385565],[80.010102,72.20775],[80.834646,72.083319],[80.647227,72.034125],[81.249766,71.859198],[81.342296,71.764228],[81.736664,71.699897],[82.194347,71.70775],[82.867361,71.786444],[83.320486,71.683295],[82.820079,71.391303],[82.29656,71.287299],[82.352794,71.096259],[82.203136,71.016262],[82.408376,70.790188],[82.688162,70.9619],[83.1338,70.882392],[82.993175,70.571601],[83.010509,70.426581],[82.664073,70.260159],[82.883067,70.089016],[83.182953,70.138861],[82.951671,70.325141],[83.483897,70.335028],[83.774669,70.47663],[83.381847,71.03266],[83.147634,71.244818],[83.628184,71.610907],[83.360525,71.840644],[82.786957,71.905463],[82.185069,72.093492],[82.19809,72.281562],[81.208181,72.354926],[80.704112,72.545356],[80.632091,72.733791],[80.84197,72.922105],[80.506196,73.078355],[80.528331,73.28148],[80.272716,73.30976],[80.832205,73.571763],[81.956879,73.662665],[83.483653,73.655463],[84.793224,73.764716],[85.427013,73.7119],[85.604259,73.821926],[86.783214,73.902248],[87.010753,73.778713],[86.203624,73.557847],[87.164806,73.611396],[87.430186,73.820258],[87.240082,73.860826],[86.802989,74.184027],[86.505626,74.255276],[86.02003,74.262519],[86.475271,74.458197],[86.639171,74.697333],[87.081716,74.773017],[87.385753,74.944322],[87.354259,75.043891],[88.314464,75.180854],[88.611664,75.344224],[89.132335,75.452826],[89.722667,75.451483],[89.954112,75.577623],[90.863536,75.66828],[91.29127,75.628974],[92.007823,75.725775],[93.549815,75.853013],[93.785004,76.041449],[93.685802,76.13227],[94.738536,76.115627],[95.389822,76.164008],[96.110525,76.110663],[96.830577,75.915432],[97.199229,75.993109],[97.84254,75.992377],[97.798595,76.09455],[98.576182,76.231635],[99.17213,76.212388],[99.261485,76.129218],[99.877778,76.095689],[99.555837,76.278998],[99.066173,76.353095],[98.874766,76.520941],[99.508556,76.468736],[101.035981,76.520209],[101.23463,76.767279],[100.864106,76.838039],[100.919281,76.975898],[102.157725,77.402289],[102.889008,77.546332],[103.196625,77.658922],[103.59254,77.631578],[104.023285,77.7331],[104.678233,77.70954],[105.334239,77.541002],[105.873709,77.56859],[105.983572,77.4383],[105.455821,77.240465],[104.878673,77.167426],[104.872569,77.090725],[105.797048,77.112616],[106.500011,77.021633],[107.250499,77.007025],[107.469574,76.90644],[107.080333,76.808295],[106.612315,76.559638],[107.591563,76.505032],[107.98463,76.622707],[107.946056,76.737291],[108.684825,76.716457],[109.33253,76.75849],[110.061371,76.691596],[110.358572,76.755683],[111.555431,76.684149],[112.199067,76.471869],[112.670909,76.363105],[112.740408,76.267035],[113.259288,76.266425],[113.459727,76.148383],[113.521169,75.930609],[113.890147,75.85399],[113.336762,75.535102],[113.708181,75.463446],[113.605235,75.28498],[112.879649,74.992906],[112.146821,74.878363],[111.743826,74.663153],[111.465831,74.697333],[110.960216,74.548489],[109.999522,74.373725],[109.890147,74.197008],[109.481456,74.077216],[108.996104,74.01557],[108.49171,73.772528],[107.776866,73.616645],[107.146821,73.617662],[107.133556,73.530178],[106.64796,73.306708],[106.232432,73.322821],[105.482595,72.768134],[106.25464,72.9672],[106.175629,73.094387],[106.359874,73.194281],[107.722341,73.168524],[108.393321,73.317328],[109.713878,73.452582],[110.898611,73.685858],[110.663748,73.787258],[110.286876,73.705756],[109.799571,73.705064],[109.531098,73.775295],[110.021495,74.014472],[110.580821,73.9914],[111.803722,73.744208],[112.371837,73.705308],[112.821462,73.746812],[113.111501,73.892157],[113.395518,73.685777],[113.131358,73.449693],[113.91505,73.535834],[114.109141,73.599555],[114.674653,73.592597],[115.413097,73.710395],[116.602875,73.674791],[117.443858,73.588772],[118.450206,73.588772],[118.353282,73.282416],[118.917654,73.119534],[119.783376,73.018012],[121.054698,72.931789],[121.388194,72.97606],[121.963715,72.96369],[122.61378,73.030951],[123.13795,72.918036],[123.338145,72.981106],[123.375824,73.155504],[123.553477,73.217597],[123.331798,73.350735],[123.246104,73.545885],[124.336192,73.804836],[125.212413,73.648912],[125.651866,73.525458],[126.226573,73.554592],[126.388845,73.411811],[126.90504,73.45718],[126.896658,73.539293],[127.987559,73.470852],[128.439301,73.236274],[128.892589,73.216986],[129.443508,73.028944],[128.290782,72.908637],[128.228038,72.819485],[128.355642,72.793931],[129.307872,72.717475],[129.198416,72.655178],[128.662608,72.709906],[127.960623,72.662055],[128.611339,72.482733],[129.117361,72.481513],[129.489024,72.354193],[129.521658,72.249416],[129.145763,72.100328],[128.192149,72.228339],[128.926606,71.738756],[128.875255,71.596747],[129.248709,71.549872],[129.3921,71.346829],[129.762706,71.14761],[130.160492,71.051988],[130.300629,70.940131],[130.879405,70.773912],[131.226329,70.75023],[131.546153,70.887112],[131.949229,71.292955],[132.264171,71.682034],[132.539317,71.883612],[132.813128,71.83147],[133.151622,71.579169],[133.650076,71.43651],[134.167654,71.370795],[134.778494,71.428778],[135.03297,71.53913],[135.985118,71.634833],[136.774587,71.523424],[137.355642,71.374172],[137.43336,71.274644],[137.766449,71.168036],[138.009532,71.339342],[137.828624,71.393988],[138.038585,71.558743],[138.756033,71.643012],[139.717784,71.457343],[140.000987,71.52497],[139.734548,71.672187],[139.573904,71.932929],[139.874197,72.178168],[139.135753,72.304104],[139.541759,72.497626],[140.072765,72.479234],[140.877778,72.537746],[141.01295,72.690823],[140.664236,72.809027],[140.725841,72.898627],[141.389903,72.843329],[141.550629,72.774319],[142.2317,72.701565],[142.542817,72.717841],[143.707205,72.666653],[145.409516,72.555894],[146.124685,72.469875],[146.792003,72.330715],[145.332042,72.354193],[144.943207,72.438178],[144.708263,72.374091],[144.415538,72.175035],[145.068696,72.26435],[146.92921,72.312649],[146.495372,72.065985],[146.324392,72.141303],[145.849376,72.162177],[145.747569,71.909898],[145.215994,71.843329],[144.906261,71.698879],[145.343761,71.663275],[146.156505,71.820705],[147.195567,72.329901],[148.402029,72.31094],[149.611339,72.148383],[150.066905,71.921942],[149.709483,71.772895],[149.40797,71.896715],[149.039399,71.764594],[149.182872,71.688788],[149.772472,71.647895],[149.968028,71.534735],[150.670177,71.466376],[150.858735,71.374172],[151.492442,71.333157],[152.103526,71.050116],[151.969086,70.94481],[152.613048,70.834621],[152.990245,70.834621],[153.930431,70.89411],[154.23878,70.964993],[155.936371,71.099351],[157.585785,71.074856],[158.523611,70.968817],[159.237804,70.829291],[159.689464,70.670966],[160.024913,70.41942],[160.106293,70.263739],[159.688975,69.890774],[159.801117,69.807034],[160.383962,69.674872],[160.925548,69.642076],[161.024913,69.283677],[160.962901,69.105536],[161.565684,69.014879],[161.399262,69.221259],[161.435802,69.379869],[161.702647,69.495917],[162.025564,69.551174],[162.209727,69.655911],[162.768809,69.654202],[163.16505,69.720893],[163.77303,69.694402],[164.027029,69.77383],[164.439138,69.620754],[164.834258,69.567404],[165.674729,69.595978],[166.075206,69.523261],[166.938731,69.502102],[167.674083,69.771877],[168.240977,69.558295],[168.192068,69.379869],[168.288259,69.242662],[168.850597,69.188056],[169.41977,69.023627],[169.453868,68.845445],[169.625499,68.777248],[170.351085,68.82807],[171.027599,69.054755],[170.913097,69.304145],[170.584158,69.599555],[170.231553,69.688589],[170.591776,69.764725],[170.522716,69.938463],[170.61085,70.116278],[171.316254,70.073188],[171.994477,69.993069],[172.790782,69.962714],[173.368419,69.789984],[173.460785,69.948554],[173.928477,69.845404],[174.070811,69.886908],[175.088384,69.845749],[175.500115,69.8735],[175.926201,69.775692],[176.503917,69.754096],[176.734548,69.67475],[177.357921,69.617174],[178.212169,69.443427],[178.364919,69.486802],[178.772634,69.415229],[180,68.98105],[180,69.058172],[180,69.556787],[180,70.055402],[180,70.554017],[180,70.992423],[179.666993,70.874779],[179.131033,70.87873],[178.832042,70.808539],[178.622732,71.037746],[178.854666,71.212551]],[[73.735118,-53.1124],[73.473399,-53.189223],[73.328868,-53.025079],[73.56422,-53.016778],[73.735118,-53.1124]],[[70.548839,-49.183201],[70.463878,-49.356622],[70.139903,-49.3388],[69.813813,-49.532485],[70.065278,-49.5735],[70.12322,-49.713556],[69.469737,-49.631443],[69.373383,-49.566095],[69.114513,-49.603123],[69.06658,-49.691013],[68.831716,-49.717218],[68.778168,-49.592462],[68.901703,-49.431085],[68.792817,-49.248142],[68.85434,-49.149021],[68.755544,-49.047621],[68.878673,-48.944594],[68.956798,-48.671482],[69.116466,-48.726658],[69.163748,-48.846124],[69.083751,-48.973403],[69.214529,-49.12127],[69.437999,-49.014581],[69.495942,-49.239679],[69.71225,-49.306817],[69.85377,-49.20908],[70.27296,-49.07643],[70.521983,-49.09588],[70.548839,-49.183201]],[[3.2199,-70.392348],[3.252615,-70.486749],[2.957856,-70.613458],[2.580821,-70.524347],[3.049815,-70.385431],[3.2199,-70.392348]],[[72.200369,-70.607029],[71.826915,-70.624933],[71.673595,-70.517185],[71.885997,-70.412286],[72.200369,-70.607029]],[[4.048839,-70.302992],[4.574392,-70.276137],[4.604747,-70.420587],[4.204845,-70.469496],[4.048839,-70.302992]],[[26.765636,-70.224298],[26.839854,-70.412042],[26.457774,-70.450128],[26.057302,-70.391046],[25.987315,-70.195001],[26.327403,-70.066583],[26.589692,-70.074802],[26.765636,-70.224298]],[[1.410981,-70.040216],[1.465017,-70.150486],[1.275727,-70.273858],[0.956798,-70.191664],[1.042491,-70.045994],[1.410981,-70.040216]],[[16.246837,-69.705987],[16.330414,-69.828871],[16.17156,-70.072931],[15.589122,-69.932061],[15.721853,-69.76393],[16.246837,-69.705987]],[[85.659272,-66.743666],[85.941173,-66.889907],[85.787364,-66.968927],[85.374766,-66.877211],[85.345388,-66.719171],[85.659272,-66.743666]],[[-73.166516,-36.969903],[-73.159657,-36.734959],[-73.002024,-36.7138],[-72.832346,-36.308038],[-72.780141,-35.952569],[-72.597971,-35.810154],[-72.646596,-35.566583],[-72.529652,-35.490411],[-72.364003,-35.207778],[-72.23058,-35.116143],[-72.187815,-34.885512],[-72.05724,-34.658787],[-72.048085,-34.403904],[-71.995229,-34.37005],[-72.026845,-34.162693],[-71.86026,-33.911879],[-71.808095,-33.776951],[-71.687652,-33.72088],[-71.640777,-33.500584],[-71.720326,-33.167576],[-71.568227,-33.001886],[-71.445912,-32.642755],[-71.476715,-32.535252],[-71.412465,-32.369561],[-71.543853,-32.193292],[-71.514963,-31.775486],[-71.667836,-31.150486],[-71.654937,-30.976007],[-71.71345,-30.614923],[-71.639231,-30.252211],[-71.517568,-30.278578],[-71.382558,-30.147719],[-71.412465,-29.991795],[-71.28661,-29.910252],[-71.336049,-29.524998],[-71.30724,-29.421157],[-71.376088,-29.282403],[-71.494293,-29.192641],[-71.521962,-28.940118],[-71.301869,-28.6749],[-71.312611,-28.583429],[-71.17394,-28.36061],[-71.138092,-27.945977],[-71.038686,-27.666436],[-70.912424,-27.62184],[-70.891672,-27.493097],[-70.94579,-27.37184],[-70.95995,-27.161391],[-70.788645,-26.99627],[-70.822743,-26.886977],[-70.732467,-26.749281],[-70.706654,-26.492852],[-70.642413,-26.315331],[-70.671946,-26.160821],[-70.630727,-26.009535],[-70.710357,-25.835382],[-70.651438,-25.540785],[-70.444814,-25.344903],[-70.437001,-25.193455],[-70.497182,-25.104262],[-70.472727,-24.975274],[-70.576405,-24.731703],[-70.582834,-24.524835],[-70.500315,-24.097426],[-70.498525,-23.784601],[-70.405263,-23.650811],[-70.413085,-23.511253],[-70.585072,-23.423598],[-70.600123,-23.244225],[-70.562245,-23.059828],[-70.450751,-23.097075],[-70.297027,-22.917739],[-70.200103,-22.005548],[-70.150054,-21.861993],[-70.151967,-21.664809],[-70.058695,-21.433377],[-70.080094,-21.233325],[-70.164422,-21.040498],[-70.127462,-20.935275],[-70.205637,-20.739353],[-70.192128,-20.366795],[-70.12328,-20.072198],[-70.151194,-19.719415],[-70.21442,-19.596359],[-70.226308,-19.410821],[-70.28775,-19.300958],[-70.277415,-19.108982],[-70.356597,-18.77337],[-70.303561,-18.445439],[-70.419739,-18.316416],[-70.683256,-18.161698],[-70.914622,-17.946547],[-71.086578,-17.869073],[-71.359609,-17.633071],[-71.400258,-17.400323],[-71.514516,-17.284601],[-71.807607,-17.191339],[-71.948598,-17.0735],[-72.293365,-16.880629],[-72.362213,-16.761326],[-72.587758,-16.659356],[-72.692353,-16.660654],[-72.888336,-16.55462],[-73.280141,-16.38836],[-73.420318,-16.293145],[-73.700278,-16.220696],[-74.032826,-16.012302],[-74.04662,-15.960138],[-74.441721,-15.798028],[-74.463068,-15.726724],[-74.84756,-15.566294],[-75.160797,-15.393324],[-75.241119,-15.205336],[-75.361806,-15.144789],[-75.550649,-14.884942],[-75.930653,-14.649347],[-75.980636,-14.461099],[-76.092152,-14.373142],[-76.149159,-14.223891],[-76.282056,-14.140924],[-76.277429,-13.945103],[-76.181264,-13.539483],[-76.221102,-13.357556],[-76.483347,-13.036296],[-76.516233,-12.869919],[-76.630035,-12.750665],[-76.681467,-12.619317],[-76.811757,-12.48268],[-76.853646,-12.302644],[-77.038319,-12.20436],[-77.053944,-12.11419],[-77.174916,-12.071873],[-77.145904,-11.932061],[-77.225453,-11.627211],[-77.320465,-11.493748],[-77.647257,-11.292316],[-77.594684,-11.165117],[-77.670539,-10.92752],[-78.055804,-10.347524],[-78.23463,-9.952549],[-78.229422,-9.793784],[-78.369904,-9.615432],[-78.483957,-9.330255],[-78.497411,-9.189538],[-78.7643,-8.775112],[-78.759328,-8.608327],[-78.940262,-8.435526],[-78.902125,-8.376761],[-78.98574,-8.217421],[-79.124656,-8.065073],[-79.299713,-7.938653],[-79.465942,-7.715929],[-79.435287,-7.674387],[-79.582509,-7.463637],[-79.61276,-7.266392],[-79.70824,-7.106777],[-79.931549,-6.883477],[-79.96468,-6.787355],[-80.118916,-6.650611],[-80.298096,-6.544448],[-80.790528,-6.299692],[-81.101457,-6.072068],[-81.150216,-5.883073],[-81.038279,-5.818103],[-80.939931,-5.850844],[-80.856212,-5.650462],[-80.931824,-5.463815],[-81.198476,-5.208103],[-81.1714,-5.087299],[-81.063355,-5.022043],[-81.337558,-4.678304],[-81.328928,-4.476658],[-81.252797,-4.238702],[-81.073313,-4.096775],[-80.867787,-3.872735],[-80.771718,-3.710138],[-80.613108,-3.615655],[-80.536244,-3.505304],[-80.368235,-3.465509],[-80.341054,-3.368585],[-80.135569,-3.327569],[-80.070465,-3.218194],[-79.953196,-3.197442],[-79.834584,-2.806817],[-79.725087,-2.569757],[-79.839467,-2.377048],[-79.923492,-2.573907],[-80.17512,-2.586684],[-80.320546,-2.710626],[-80.467885,-2.617934],[-80.656646,-2.415785],[-80.913645,-2.31878],[-80.951161,-2.237563],[-80.744979,-2.102915],[-80.733022,-1.903985],[-80.849517,-1.615818],[-80.744256,-1.343773],[-80.91618,-1.065525],[-80.816365,-0.946344],[-80.61632,-0.941408],[-80.547212,-0.88849],[-80.515912,-0.74209],[-80.421992,-0.5996],[-80.496464,-0.381374],[-80.371232,-0.222831],[-80.231848,-0.139699],[-80.066459,0.05221],[-80.016957,0.558905],[-80.090321,0.652167],[-80.075836,0.816148],[-79.862172,0.87641],[-79.765614,0.955146],[-79.571767,0.98371],[-79.456532,1.072455],[-79.147328,1.109565],[-79.071848,1.20954],[-78.957753,1.163398],[-78.819569,1.459703],[-78.99798,1.607937],[-78.846052,1.821585],[-78.57123,1.782207],[-78.586334,2.000393],[-78.670684,2.030994],[-78.703159,2.189805],[-78.585683,2.403144],[-78.432216,2.587028],[-78.333973,2.647045],[-78.277504,2.542509],[-78.086659,2.510565],[-78.096105,2.651451],[-77.94984,2.674518],[-77.904286,2.579983],[-77.751536,2.627265],[-77.811757,2.748481],[-77.643381,2.898139],[-77.647707,3.073853],[-77.508656,3.194566],[-77.457387,3.356147],[-77.367055,3.402086],[-77.310536,3.550198],[-77.204905,3.621243],[-77.151479,3.800442],[-77.311757,3.908433],[-77.189198,4.067328],[-77.425038,4.004584],[-77.43517,4.155219],[-77.348053,4.224677],[-77.387196,4.347235],[-77.319569,4.546617],[-77.318837,4.709662],[-77.366689,4.998928],[-77.359202,5.297309],[-77.490834,5.594794],[-77.355621,5.607896],[-77.246449,5.78734],[-77.353017,6.02619],[-77.484364,6.188788],[-77.41511,6.239081],[-77.343007,6.543769],[-77.411244,6.693793],[-77.531809,6.712063],[-77.701324,6.918362],[-77.65274,6.97663],[-77.786936,7.148871],[-77.918813,7.241645],[-78.009755,7.38349],[-78.144154,7.49787],[-78.329416,7.843248],[-78.430816,8.077135],[-78.286448,8.080715],[-78.305776,8.253852],[-78.182932,8.297919],[-78.155588,8.39411],[-78.303334,8.454291],[-78.449778,8.391018],[-78.504384,8.634019],[-78.612538,8.669745],[-78.757639,8.82925],[-79.005279,8.95954],[-79.176015,9.010728],[-79.482004,8.998358],[-79.756256,8.796291],[-79.774396,8.57955],[-80.224965,8.301052],[-80.380727,8.31037],[-80.470245,8.220649],[-80.456085,8.0362],[-80.348866,7.989285],[-80.300038,7.883328],[-80.143788,7.752753],[-79.994659,7.503445],[-80.135528,7.424628],[-80.357574,7.382025],[-80.474477,7.253323],[-80.873077,7.212551],[-80.946319,7.555691],[-81.085439,7.794338],[-81.183258,7.823676],[-81.19518,7.638861],[-81.525787,7.711453],[-81.711456,8.130316],[-82.109364,8.233344],[-82.196523,8.202175],[-82.280059,8.343207],[-82.511708,8.276435],[-82.658925,8.322781],[-82.968495,8.221218],[-83.150868,8.369289],[-83.143422,8.550238],[-83.383656,8.739814],[-83.404775,8.589016],[-83.286855,8.517157],[-83.276357,8.401557],[-83.575592,8.444973],[-83.739898,8.623806],[-83.587636,8.835354],[-83.629872,9.035346],[-83.91808,9.294745],[-84.272694,9.481594],[-84.521596,9.519314],[-84.678375,9.692572],[-84.634552,9.783393],[-84.762318,9.975653],[-84.850942,9.966946],[-85.089874,10.17239],[-85.240102,10.116278],[-85.144521,9.999335],[-84.959584,9.946479],[-84.864613,9.822943],[-85.145782,9.612616],[-85.332428,9.826606],[-85.63858,9.905463],[-85.778554,10.079901],[-85.861602,10.346991],[-85.809234,10.494534],[-85.631744,10.621161],[-85.665273,10.778835],[-85.908803,10.88642],[-85.740997,10.939602],[-85.821319,11.192816],[-85.928009,11.310736],[-86.336456,11.611355],[-86.496368,11.759426],[-86.689809,12.024075],[-86.797515,12.218533],[-87.071401,12.388699],[-87.344838,12.619167],[-87.454864,12.743801],[-87.646514,12.872382],[-87.667022,12.982245],[-87.583852,13.057318],[-87.435048,12.92239],[-87.293568,13.011054],[-87.622426,13.423],[-87.928212,13.158637],[-88.208282,13.160427],[-88.469228,13.22309],[-88.527455,13.198432],[-88.785675,13.245266],[-89.251454,13.472317],[-89.808048,13.526858],[-89.951318,13.66411],[-90.401159,13.858588],[-90.707278,13.928889],[-90.910333,13.911135],[-91.316461,13.955679],[-91.762558,14.180174],[-92.246246,14.546291],[-92.699859,14.999091],[-92.824005,15.172797],[-92.983144,15.26557],[-93.228627,15.501858],[-93.656036,15.83926],[-93.943389,16.010565],[-94.127838,16.220852],[-94.224233,16.203559],[-94.363555,16.287014],[-94.439565,16.186794],[-94.654408,16.363593],[-94.763295,16.293524],[-94.852081,16.4289],[-95.233247,16.158248],[-95.434478,15.97538],[-95.959882,15.827914],[-96.236637,15.68333],[-96.431142,15.695868],[-96.556038,15.659025],[-96.845123,15.732571],[-97.266025,15.935912],[-97.772719,15.979454],[-98.123769,16.209174],[-98.568244,16.323979],[-98.776898,16.555135],[-98.85655,16.528179],[-99.37426,16.667911],[-99.605395,16.682775],[-99.741241,16.730618],[-99.991686,16.909737],[-101.00824,17.252976],[-101.182245,17.412536],[-101.455773,17.526338],[-101.496491,17.614406],[-101.644487,17.668294],[-101.811061,17.89026],[-102.036733,17.990668],[-102.190629,17.915988],[-102.597247,18.049051],[-102.742299,18.066962],[-103.024444,18.185818],[-103.36164,18.26682],[-103.4984,18.333483],[-103.700175,18.654327],[-103.979977,18.874938],[-104.331668,19.022256],[-104.451577,19.104426],[-104.806915,19.229071],[-105.01712,19.368476],[-105.08771,19.561073],[-105.250762,19.666083],[-105.525624,20.031928],[-105.553212,20.201483],[-105.698681,20.406911],[-105.575592,20.487738],[-105.328734,20.513738],[-105.234296,20.636127],[-105.361561,20.762751],[-105.514122,20.770333],[-105.309682,21.030666],[-105.234327,21.060966],[-105.243138,21.342064],[-105.184967,21.44302],[-105.414078,21.601113],[-105.632264,21.955737],[-105.655032,22.256298],[-105.80016,22.638454],[-106.031972,22.830105],[-106.220326,23.051947],[-106.429799,23.230414],[-106.522817,23.407538],[-106.793243,23.632351],[-106.902008,23.846625],[-107.035878,23.98078],[-107.377756,24.206855],[-107.624135,24.458482],[-107.820546,24.59516],[-107.995188,24.648383],[-108.036204,24.785224],[-108.155588,24.883002],[-108.186391,24.986558],[-108.106923,25.116929],[-108.333608,25.160956],[-108.450795,25.269355],[-108.729888,25.405992],[-108.793365,25.536322],[-108.887847,25.489691],[-109.116119,25.536322],[-109.171213,25.648749],[-109.440541,25.793402],[-109.433258,26.021674],[-109.268056,26.179877],[-109.225413,26.334459],[-109.255727,26.497992],[-109.428522,26.671851],[-109.549896,26.727956],[-109.694428,26.678155],[-109.856313,26.800971],[-109.917037,27.060074],[-110.287622,27.148394],[-110.554758,27.384752],[-110.626708,27.608537],[-110.586578,27.837063],[-110.808176,27.927802],[-110.862782,27.876288],[-111.059146,27.937017],[-111.250662,28.052013],[-111.4735,28.381049],[-111.708354,28.460141],[-111.76061,28.58397],[-111.9204,28.720038],[-111.894358,28.780666],[-112.150725,28.962978],[-112.263474,29.32998],[-112.419822,29.37591],[-112.377754,29.485729],[-112.505972,29.616919],[-112.68635,29.907782],[-112.751472,29.924264],[-112.753236,30.185883],[-112.848594,30.28853],[-112.870676,30.428534],[-113.079895,30.670441],[-113.128841,30.81244],[-113.048723,31.156692],[-113.116869,31.217645],[-113.548948,31.2957],[-113.659577,31.49754],[-113.875722,31.596747],[-114.028942,31.491539],[-114.159013,31.494509],[-114.494263,31.677366],[-114.584712,31.760755],[-114.827992,31.789781],[-114.780629,31.655829],[-114.85291,31.526606],[-114.888678,31.162892],[-114.832387,31.006659],[-114.720259,30.941098],[-114.698474,30.637212],[-114.62952,30.424803],[-114.660302,30.183252],[-114.533132,29.967951],[-114.427719,29.907295],[-114.39224,29.783012],[-114.271215,29.772068],[-113.770866,29.407756],[-113.478693,28.946248],[-113.260386,28.840107],[-113.10297,28.504583],[-112.902362,28.475342],[-112.872126,28.28374],[-112.793809,28.190266],[-112.773218,27.863902],[-112.598008,27.654297],[-112.373106,27.564095],[-112.287013,27.36582],[-112.154937,27.162046],[-112.011168,27.116831],[-112.017161,26.978502],[-111.870717,26.82807],[-111.818073,26.896233],[-111.560055,26.695653],[-111.56908,26.576234],[-111.442238,26.517526],[-111.46156,26.400057],[-111.318338,26.073737],[-111.36026,25.964097],[-111.307116,25.779207],[-111.191744,25.614829],[-111.026273,25.458612],[-110.904451,25.143013],[-110.757791,25.012239],[-110.656972,24.806918],[-110.738585,24.554572],[-110.681849,24.36066],[-110.562359,24.212503],[-110.402089,24.175523],[-110.17276,24.252976],[-110.018138,24.169279],[-109.987652,24.046319],[-109.828288,24.0628],[-109.839058,23.951789],[-109.698443,23.798428],[-109.679825,23.648165],[-109.476459,23.560205],[-109.425649,23.297187],[-109.531672,23.108207],[-109.713176,23.03105],[-109.895378,22.874203],[-110.09838,23.017562],[-110.16726,23.321086],[-110.307362,23.541032],[-110.577343,23.68156],[-111.039714,24.104185],[-111.444445,24.324391],[-111.619425,24.473137],[-111.67903,24.586334],[-111.812908,24.50588],[-111.848924,24.653686],[-111.966705,24.778306],[-112.088043,24.773383],[-112.142525,25.085979],[-112.077871,25.258735],[-112.075994,25.7134],[-112.198282,25.995106],[-112.292873,26.049712],[-112.343495,26.178127],[-112.728363,26.370227],[-113.060716,26.599118],[-113.143056,26.757717],[-113.503887,26.793416],[-113.637138,26.725531],[-113.816388,26.948969],[-114.005198,26.977444],[-114.114369,27.105455],[-114.487542,27.238098],[-114.506461,27.406184],[-114.734229,27.521252],[-114.886586,27.694892],[-114.923405,27.836275],[-114.499057,27.774071],[-114.325347,27.874701],[-114.173248,27.826809],[-114.039736,28.02773],[-114.124883,28.255725],[-114.042592,28.458441],[-114.165842,28.646959],[-114.271751,28.658801],[-114.402317,28.860249],[-114.529937,28.925523],[-114.631418,29.094468],[-114.72201,29.117505],[-114.972035,29.377753],[-115.187123,29.428616],[-115.285722,29.529885],[-115.498583,29.611401],[-115.697564,29.755826],[-115.837303,30.346467],[-116.049254,30.479593],[-116.068023,30.813178],[-116.249745,30.956773],[-116.335446,30.95634],[-116.309438,31.148505],[-116.5301,31.440334],[-116.675608,31.552639],[-116.6197,31.857571],[-116.842275,31.986518],[-116.948313,32.247016],[-117.024973,32.276923],[-117.118398,32.454535],[-117.137007,32.615761],[-117.257476,32.701728],[-117.253641,32.885081],[-117.322161,33.108501],[-117.508844,33.335205],[-118.090536,33.730977],[-118.391388,33.835941],[-118.544057,34.038886],[-118.936807,34.0432],[-119.217087,34.145502],[-119.2693,34.254959],[-119.61716,34.420527],[-119.878636,34.406613],[-120.133412,34.472724],[-120.472681,34.450273],[-120.647834,34.585676],[-120.603054,34.704782],[-120.672839,34.907521],[-120.644887,35.13939],[-120.897654,35.249766],[-120.871097,35.405308],[-121.005362,35.460657],[-121.169402,35.636919],[-121.269146,35.664211],[-121.463201,35.886731],[-121.48998,35.982245],[-121.895629,36.313929],[-121.946309,36.491891],[-121.814258,36.683238],[-121.789812,36.806199],[-121.937243,36.978307],[-122.153643,36.977075],[-122.404457,37.194526],[-122.400338,37.359741],[-122.520472,37.531421],[-122.515172,37.781126],[-122.418757,37.811143],[-122.35852,37.592805],[-122.14631,37.578968],[-122.395032,37.970267],[-122.22704,38.058417],[-122.39652,38.153231],[-122.487422,38.104827],[-122.528426,37.816372],[-122.921112,38.034871],[-122.974535,38.266194],[-123.128729,38.44931],[-123.252658,38.510666],[-123.648307,38.849535],[-123.689076,39.027899],[-123.824924,39.347296],[-123.769768,39.544646],[-123.854019,39.833514],[-124.115793,40.107123],[-124.36351,40.261481],[-124.409202,40.443818],[-124.273875,40.700047],[-124.213845,40.701402],[-124.110413,41.015253],[-124.124262,41.181809],[-124.062155,41.435876],[-124.218837,41.850006],[-124.216968,42.006177],[-124.359556,42.113002],[-124.432814,42.329311],[-124.41454,42.662421],[-124.547719,42.845445],[-124.444883,43.029999],[-124.376504,43.340229],[-124.277027,43.421455],[-124.151031,43.881741],[-124.063194,44.60952],[-124.065185,44.823311],[-123.971099,45.153713],[-123.971099,45.451972],[-123.920732,45.662663],[-123.981139,45.760294],[-123.936842,46.081831],[-123.866933,46.159857],[-123.614084,46.186469],[-123.692967,46.305202],[-123.925174,46.251541],[-124.06379,46.356267],[-123.898061,46.441636],[-123.913002,46.727769],[-124.093379,46.743228],[-124.012884,46.983726],[-124.171892,47.041949],[-124.211707,47.226638],[-124.317808,47.357351],[-124.42276,47.741889],[-124.63813,47.907864],[-124.734607,48.170404],[-124.574894,48.370408],[-124.050182,48.177263],[-123.700344,48.164911],[-122.791982,48.082913],[-122.468373,47.756537],[-122.628407,47.692939],[-122.507924,47.520331],[-122.585927,47.336371],[-122.798695,47.204983],[-122.722483,47.089301],[-122.323598,47.372545],[-122.413482,47.641669],[-122.320424,47.942084],[-122.207346,48.01439],[-122.362294,48.122504],[-122.391754,48.30976],[-122.533762,48.374661],[-122.440297,48.580715],[-122.529937,48.768622],[-122.649648,48.763658],[-122.772532,48.886542],[-122.781809,49.01732],[-123.211985,49.12995],[-123.248606,49.597805],[-123.489491,49.515041],[-123.554596,49.38996],[-123.963775,49.521145],[-124.170969,49.780992],[-124.403717,49.76732],[-124.732167,49.954291],[-124.605214,50.232856],[-124.705393,50.322252],[-125.061676,50.327582],[-125.127838,50.436998],[-125.391021,50.49726],[-125.703277,50.437934],[-126.242258,50.501044],[-126.221547,50.642646],[-126.018707,50.666002],[-126.178863,50.853217],[-126.488678,50.816718],[-126.858551,50.943101],[-127.021799,50.821926],[-127.429026,50.943101],[-127.777008,51.167222],[-127.664296,51.398139],[-127.873687,51.673407],[-127.849599,51.920111],[-127.684926,51.950019],[-127.638092,52.083726],[-127.283599,52.237698],[-127.159006,52.355536],[-127.224965,52.456122],[-127.800526,52.256293],[-128.01594,52.346747],[-128.092356,52.513251],[-128.242991,52.558783],[-128.1256,52.752834],[-128.477895,52.868313],[-128.546742,53.135972],[-128.875478,53.30622],[-128.880605,53.447699],[-128.775543,53.555609],[-128.788889,53.780911],[-128.861643,53.830227],[-129.228342,53.632717],[-129.242014,53.447414],[-129.33495,53.396918],[-130.104726,53.947089],[-130.112172,54.159329],[-130.277252,54.20775],[-130.272206,54.3581],[-130.458241,54.348619],[-130.372426,54.664252],[-130.201527,54.728502],[-130.063791,55.002875],[-130.228871,55.04385],[-130.365387,54.907294],[-130.580312,54.806383],[-130.934234,54.824449],[-130.949696,55.073798],[-131.057607,55.198676],[-130.873158,55.342027],[-130.889882,55.715277],[-131.165191,55.940579],[-131.414377,56.010199],[-131.735911,55.886705],[-131.827707,55.667873],[-131.961415,55.501044],[-132.17162,55.588528],[-132.261545,55.739651],[-131.943512,56.006903],[-131.963043,56.157375],[-131.813791,56.19599],[-131.971303,56.356431],[-132.476877,56.604478],[-132.479482,56.742825],[-132.860422,56.91885],[-132.76769,56.969672],[-133.093007,57.086493],[-133.551991,57.181464],[-133.391469,57.33515],[-133.497426,57.531562],[-133.658803,57.620917],[-133.572865,57.716051],[-133.861155,57.956732],[-134.059722,58.07217],[-134.067698,58.278876],[-134.241607,58.214301],[-134.497955,58.353949],[-134.767323,58.400336],[-134.826975,58.510972],[-135.143625,58.833889],[-135.229604,59.125881],[-135.385813,58.954332],[-135.231028,58.771674],[-135.226186,58.612291],[-135.052846,58.309272],[-135.30956,58.252143],[-135.415924,58.394965],[-135.841135,58.528388],[-136.060292,58.825914],[-136.269114,58.764146],[-136.026723,58.388129],[-136.598378,58.223049],[-136.97936,58.406887],[-137.131418,58.401313],[-137.518544,58.564765],[-137.930979,58.803046],[-137.984364,58.919989],[-138.184885,59.02558],[-138.981679,59.274848],[-139.205881,59.31977],[-139.857004,59.546291],[-139.657582,59.575507],[-139.473378,59.717597],[-139.621083,59.890286],[-140.322743,59.701239],[-140.863149,59.745551],[-141.274159,59.849189],[-141.385894,60.034817],[-141.732655,59.963121],[-141.969106,60.028144],[-142.798492,60.112372],[-143.609609,60.049465],[-143.918609,59.997016],[-144.347564,60.201117],[-144.571116,60.190619],[-144.91454,60.381171],[-145.019521,60.526435],[-145.235911,60.368109],[-145.572581,60.451117],[-145.938754,60.456066],[-145.691762,60.656684],[-146.222483,60.755764],[-146.482289,60.686957],[-146.511464,60.81859],[-146.683502,60.879828],[-146.815541,61.031806],[-147.100657,61.015286],[-147.364613,60.891262],[-147.9381,60.908759],[-148.172353,61.023261],[-148.306467,60.895697],[-148.264638,60.76081],[-147.941884,60.443061],[-148.276235,60.279608],[-148.141306,60.232164],[-148.401967,59.99136],[-148.561757,59.957099],[-149.341135,60.022406],[-149.576853,59.89761],[-149.738596,59.890855],[-149.916493,59.717597],[-150.326243,59.475979],[-150.553334,59.535712],[-150.653066,59.423896],[-151.092478,59.285102],[-151.39684,59.258287],[-151.741526,59.167141],[-151.977162,59.279364],[-151.894032,59.412828],[-151.273305,59.559963],[-151.746938,59.682847],[-151.882883,59.786526],[-151.706044,60.041693],[-151.465443,60.18769],[-151.282786,60.537055],[-151.417307,60.718166],[-151.071482,60.785346],[-150.452504,61.034247],[-150.043772,60.916815],[-149.617991,60.994615],[-150.067332,61.155748],[-149.983754,61.246324],[-150.450551,61.25259],[-150.633616,61.298651],[-151.060902,61.163275],[-151.154775,61.064439],[-151.566762,60.994534],[-151.746938,60.916815],[-151.840688,60.751125],[-152.051381,60.673163],[-152.340077,60.476142],[-152.415964,60.297756],[-152.698435,60.170111],[-152.590281,60.092231],[-152.737904,59.908393],[-153.021189,59.888902],[-153.055287,59.71015],[-153.317209,59.638821],[-153.573232,59.642157],[-153.724721,59.466051],[-154.076365,59.381171],[-154.198354,59.076972],[-153.711537,59.070746],[-153.331614,58.933783],[-153.438832,58.733588],[-153.690663,58.621568],[-153.899403,58.616685],[-154.000234,58.385565],[-154.30012,58.32038],[-154.16572,58.216783],[-154.443186,58.144477],[-154.583119,58.02497],[-155.023142,58.02558],[-155.068674,57.897366],[-155.334665,57.826483],[-155.394399,57.725735],[-155.816151,57.572496],[-156.338857,57.415432],[-156.346018,57.177802],[-156.574208,56.983222],[-156.767527,57.011786],[-157.189402,56.776272],[-157.404246,56.773749],[-157.913442,56.653876],[-158.067983,56.511908],[-158.355051,56.471137],[-158.318308,56.174709],[-158.483632,56.032375],[-158.859446,56.012926],[-159.099314,55.92829],[-159.625234,55.81269],[-159.830393,55.852729],[-160.164052,55.657131],[-160.43517,55.57685],[-160.477528,55.494615],[-161.024973,55.427436],[-161.279164,55.354885],[-161.518422,55.383368],[-161.388743,55.57217],[-161.620798,55.612982],[-161.71642,55.393256],[-161.956614,55.125718],[-162.27477,55.019599],[-162.416493,55.097886],[-162.583323,55.301093],[-162.645497,54.99844],[-162.877634,54.938951],[-163.041127,55.099351],[-163.217641,55.045356],[-163.334543,55.119534],[-163.051707,55.214342],[-162.962026,55.169013],[-162.65331,55.361518],[-162.226999,55.697903],[-161.826283,55.879869],[-161.457712,55.953925],[-161.124216,55.961249],[-160.820383,55.739163],[-160.520741,55.935207],[-160.568105,56.007554],[-160.368723,56.276842],[-159.745717,56.579332],[-159.45637,56.62934],[-158.945017,56.842922],[-158.681467,56.786607],[-158.682118,57.02204],[-158.312449,57.314887],[-157.940745,57.497463],[-157.709665,57.568671],[-157.708811,57.729926],[-157.502675,58.46369],[-157.061879,58.726223],[-157.084462,58.886664],[-157.568179,58.747893],[-158.153676,58.614],[-158.315867,58.646552],[-158.408315,58.770087],[-158.793894,58.816352],[-158.889396,58.706293],[-158.770009,58.518459],[-158.829661,58.404771],[-159.051259,58.424709],[-159.384954,58.755824],[-159.725177,58.910439],[-159.91148,58.775801],[-160.045815,58.88259],[-160.257192,58.911933],[-160.352169,59.070659],[-160.667156,58.947643],[-161.357469,58.726245],[-161.562373,58.602025],[-161.912845,58.631863],[-161.717376,58.754843],[-161.79955,58.983954],[-161.614003,59.080756],[-161.97411,59.131415],[-162.02953,59.230129],[-161.946604,59.387763],[-161.713938,59.50137],[-162.081776,59.877875],[-162.108754,59.965155],[-162.374949,60.176337],[-162.525828,59.997504],[-163.087636,59.859117],[-163.614939,59.800849],[-164.098337,59.833686],[-164.200551,60.034329],[-164.4853,60.183743],[-164.988962,60.341376],[-165.31428,60.580878],[-164.999216,60.711371],[-165.031361,60.787014],[-164.669138,60.825751],[-163.955637,60.779853],[-163.806874,60.734931],[-163.794382,60.584174],[-163.464304,60.676581],[-163.424306,60.764716],[-163.76594,60.889472],[-164.564443,60.854682],[-164.628041,60.932318],[-165.128977,60.923489],[-165.058705,61.062893],[-165.373728,61.071601],[-165.621693,61.1435],[-165.623728,61.280463],[-165.921254,61.399359],[-165.776967,61.515815],[-166.199941,61.59455],[-165.911204,61.704169],[-166.102773,61.821112],[-165.60908,61.851304],[-165.739084,61.965074],[-165.705556,62.116604],[-165.133046,62.515692],[-164.813222,62.620185],[-164.883168,62.841539],[-164.579091,63.14057],[-164.145375,63.262152],[-163.767323,63.224758],[-163.602528,63.105618],[-163.350535,63.030829],[-163.093984,63.057359],[-162.806345,63.21955],[-162.596506,63.276679],[-162.237253,63.546291],[-162.086985,63.452338],[-161.573435,63.45539],[-161.186269,63.505561],[-160.791575,63.746527],[-160.766957,63.824123],[-160.928782,64.048163],[-160.973459,64.250474],[-161.45698,64.521145],[-161.035024,64.507758],[-160.803171,64.643378],[-160.884714,64.810126],[-161.182566,64.939521],[-161.42219,64.774359],[-161.71642,64.794867],[-162.080881,64.721096],[-162.607167,64.506781],[-163.052968,64.509955],[-163.134999,64.412543],[-163.53657,64.564521],[-164.341868,64.590033],[-165.035512,64.44831],[-166.189687,64.585191],[-166.483469,64.729641],[-166.390207,64.898505],[-166.74951,65.06201],[-166.2516,65.258057],[-166.310131,65.312188],[-166.938303,65.385077],[-167.398555,65.401082],[-168.081003,65.591498],[-167.345937,65.898586],[-167.059885,65.877631],[-166.724965,66.061347],[-166.287465,66.179633],[-165.754994,66.105292],[-165.889963,66.241034],[-165.766428,66.323635],[-165.305735,66.436957],[-164.950551,66.46015],[-164.718088,66.556342],[-163.986399,66.61225],[-163.759104,66.504828],[-163.895619,66.399319],[-163.890492,66.167629],[-163.680491,66.078599],[-163.121653,66.07038],[-162.76476,66.103909],[-162.654734,66.03852],[-162.179433,66.075914],[-161.915639,66.042426],[-161.571238,66.258002],[-161.114329,66.206936],[-161.135732,66.343166],[-161.744618,66.405504],[-162.264516,66.722724],[-162.440541,66.73078],[-162.638743,66.899604],[-162.327138,66.960395],[-162.014963,66.772366],[-162.080759,66.666205],[-161.607167,66.453925],[-161.060984,66.486151],[-160.784779,66.374498],[-160.249094,66.402289],[-160.219187,66.53205],[-160.880971,66.672431],[-161.136057,66.651923],[-161.31371,66.535305],[-161.562611,66.566392],[-161.868276,66.706285],[-161.730662,66.953559],[-161.835154,67.054999],[-162.435496,66.991034],[-163.688303,67.103217],[-163.810048,67.33515],[-164.151479,67.619615],[-165.437205,68.060248],[-165.92809,68.136949],[-166.103464,68.239895],[-166.548166,68.358832],[-166.23998,68.564276],[-166.236765,68.874823],[-165.664744,68.861558],[-164.346425,68.929389],[-163.622548,69.119208],[-163.155751,69.359361],[-162.949778,69.790473],[-162.53779,69.956732],[-162.461497,70.059638],[-162.014963,70.27733],[-161.342152,70.258775],[-160.860666,70.347317],[-160.216176,70.579047],[-159.947865,70.63642],[-159.668162,70.804999],[-159.356801,70.760199],[-158.04304,70.836859],[-157.231191,71.071357],[-156.817209,71.306342],[-155.999338,71.194525],[-155.624745,71.183539],[-155.593739,71.069729],[-156.087229,70.926988],[-155.919789,70.825426],[-155.542429,70.8664],[-155.109324,71.150377],[-154.597117,71.000474],[-154.538808,70.826158],[-154.130971,70.791327],[-153.893544,70.898383],[-153.302439,70.928656],[-152.545847,70.887519],[-152.219228,70.81802],[-152.514109,70.68891],[-152.456166,70.555854],[-151.760365,70.566718],[-151.979685,70.448717],[-151.177724,70.448717],[-150.513132,70.503892],[-150.11913,70.442857],[-149.889719,70.512763],[-149.344472,70.510077],[-148.381418,70.312486],[-147.123687,70.167548],[-146.848785,70.193427],[-145.880198,70.174954],[-145.59968,70.080756],[-144.941558,69.977973],[-144.386138,70.044013],[-143.235666,70.118232],[-142.600819,70.013129],[-142.270904,69.856024],[-141.220611,69.674058],[-140.643544,69.61636],[-139.917958,69.621324],[-139.143788,69.513658],[-138.636708,69.283677],[-138.09553,69.140123],[-137.191151,68.947903],[-136.662994,68.8758],[-136.067616,68.885321],[-135.967763,69.222154],[-135.83788,69.309068],[-135.284332,69.414537],[-135.155385,69.479722],[-134.641347,69.482245],[-134.410064,69.656928],[-133.631907,69.399156],[-133.19579,69.414008],[-132.969838,69.517035],[-132.887278,69.661078],[-132.548411,69.742987],[-132.138905,69.687934],[-131.620107,69.87641],[-131.256744,69.942206],[-130.94286,70.078803],[-130.324452,70.140204],[-129.931711,70.076117],[-129.653472,70.222113],[-129.406484,70.121161],[-129.599762,69.991197],[-130.571156,69.759589],[-130.941151,69.565904],[-131.085764,69.633124],[-131.983551,69.536851],[-132.114329,69.361477],[-132.77123,69.256334],[-132.907948,69.130845],[-133.202748,69.037909],[-133.209381,68.947903],[-132.832631,68.921129],[-132.862172,69.07331],[-132.372792,69.149319],[-131.880442,69.284654],[-131.595204,69.474311],[-131.161122,69.495917],[-130.750234,69.454332],[-130.338246,69.702297],[-129.173695,69.832343],[-128.99413,69.679389],[-128.310374,69.989407],[-128.370229,70.097398],[-128.032379,70.293687],[-128.195912,70.446967],[-127.928293,70.567084],[-127.44518,70.405911],[-127.136464,70.252875],[-126.701772,69.767401],[-126.245229,69.525336],[-125.938629,69.414008],[-125.448842,69.319159],[-125.15099,69.454332],[-125.415883,69.603217],[-125.370107,69.694525],[-125.032297,69.74726],[-124.897125,69.942206],[-124.98766,70.045559],[-124.38386,70.140204],[-124.506744,69.736151],[-124.071848,69.665839],[-124.429107,69.473456],[-124.438466,69.369615],[-123.544749,69.377021],[-123.177561,69.495917],[-123.157338,69.77025],[-122.950999,69.838568],[-122.481109,69.802069],[-122.036041,69.818671],[-121.427846,69.766832],[-120.807362,69.623521],[-120.278635,69.407782],[-118.666371,69.225491],[-118.476918,69.129462],[-118.040883,69.024604],[-116.208119,68.831204],[-116.160471,68.984117],[-115.587758,68.975165],[-114.987782,68.867418],[-114.201039,68.571926],[-114.056793,68.304185],[-114.837026,68.262641],[-114.896067,68.151353],[-115.179514,68.141832],[-115.533803,67.934394],[-115.118235,67.8039],[-114.789215,67.816962],[-114.397857,67.741889],[-113.858754,67.696234],[-113.315826,67.710883],[-113.041982,67.67357],[-112.42101,67.68244],[-111.291982,67.826117],[-111.018951,67.768134],[-110.420806,67.948391],[-109.971181,67.967271],[-109.698354,67.810126],[-109.074574,67.721991],[-108.929433,67.531806],[-108.59911,67.625312],[-108.443959,67.434027],[-107.992543,67.282457],[-107.879709,67.053412],[-108.214955,67.027411],[-107.658681,66.707709],[-107.758656,67.008857],[-107.484364,66.91942],[-107.246449,67.084215],[-107.527008,67.212348],[-107.656728,67.372463],[-107.585846,67.501166],[-107.989613,67.693345],[-107.94164,67.854315],[-107.4287,68.04267],[-106.926096,68.126451],[-106.494374,68.245836],[-106.276031,68.386908],[-105.697581,68.488837],[-105.87914,68.63935],[-106.522043,68.526679],[-106.57315,68.420233],[-107.009023,68.371324],[-107.131093,68.300727],[-107.847279,68.333238],[-107.729563,68.207221],[-108.337636,68.155097],[-108.40217,68.268948],[-108.815053,68.274237],[-108.280832,68.621568],[-107.292592,68.701402],[-106.197499,68.944403],[-105.750803,68.865912],[-105.469594,68.721991],[-105.409169,68.530585],[-105.535959,68.449897],[-105.095123,68.269517],[-104.601959,68.235338],[-104.675689,68.139716],[-104.483876,68.033922],[-103.87857,68.023342],[-103.528432,68.133002],[-103.366078,68.0185],[-102.948354,67.926825],[-102.762563,67.815131],[-102.242055,67.725084],[-101.939076,67.785753],[-101.529449,67.680406],[-101.252431,67.769721],[-100.956858,67.749213],[-100.71703,67.846991],[-100.166412,67.844916],[-99.423695,67.794135],[-98.915435,67.711615],[-98.360951,67.811347],[-98.72704,67.957831],[-98.522328,68.0456],[-98.241078,67.913764],[-98.092112,67.760321],[-97.590321,67.602973],[-97.061147,67.680406],[-97.120107,67.779405],[-97.640859,68.009385],[-98.171539,67.875678],[-98.448964,68.070868],[-98.544423,68.339667],[-98.192372,68.307685],[-97.792958,68.409491],[-97.856272,68.543769],[-97.260365,68.468695],[-97.009918,68.350043],[-96.398101,68.171373],[-96.009389,68.252265],[-96.216379,67.780341],[-96.171051,67.700263],[-96.46524,67.549506],[-96.075103,67.225816],[-95.734975,67.376451],[-95.521881,67.219591],[-95.255605,67.262274],[-95.463246,67.63935],[-95.695709,67.711493],[-95.582021,67.899522],[-95.23351,68.069688],[-94.860992,68.03087],[-94.340932,68.24433],[-94.202992,68.373847],[-93.730458,68.611802],[-93.577219,68.862169],[-93.896718,69.017564],[-94.109853,68.759101],[-94.636098,68.756049],[-94.550526,68.890733],[-94.135162,69.132799],[-94.324045,69.155829],[-94.237904,69.336493],[-94.026601,69.366197],[-93.703359,69.225409],[-93.434397,69.356798],[-93.557973,69.530707],[-93.930409,69.435411],[-94.322174,69.452989],[-94.561025,69.64057],[-94.875111,69.571641],[-95.410512,69.685899],[-95.650299,69.783881],[-95.975901,69.7862],[-96.486318,70.096991],[-96.561513,70.315253],[-96.190338,70.624742],[-96.616444,70.825751],[-96.487538,71.02851],[-96.561513,71.127061],[-96.211741,71.386786],[-95.98587,71.415066],[-95.658315,71.29149],[-95.464711,71.483995],[-95.944488,71.552232],[-95.492055,71.722968],[-95.301991,71.720526],[-95.225168,71.94953],[-94.548695,72.002143],[-94.404368,71.945868],[-94.539906,71.771348],[-94.054067,71.789171],[-93.820546,71.655341],[-93.215566,71.469102],[-92.990631,71.357123],[-92.858713,71.149766],[-92.907704,70.902045],[-92.614491,70.68891],[-92.249908,70.625352],[-91.990712,70.325141],[-91.723215,70.35578],[-91.545237,70.144965],[-91.995473,70.123033],[-91.942942,70.024115],[-92.264719,69.87523],[-92.471425,69.697618],[-92.102651,69.558051],[-91.802724,69.513251],[-91.426015,69.668402],[-91.109975,69.513292],[-90.654408,69.536851],[-90.476226,69.448106],[-90.79776,69.366197],[-91.033599,69.21955],[-90.670644,69.088202],[-90.446523,68.886298],[-90.489898,68.591539],[-90.603505,68.440782],[-90.358306,68.372382],[-90.000152,68.379259],[-89.837636,68.536322],[-89.944936,68.61579],[-89.687978,68.817491],[-89.67219,69.044501],[-89.331695,69.249498],[-88.941965,69.233588],[-88.728586,69.08393],[-88.249745,68.931586],[-88.022613,68.808661],[-87.792226,68.331244],[-87.943756,68.200873],[-88.283315,68.126044],[-88.373647,67.975816],[-88.152984,67.680406],[-87.483795,67.363105],[-87.327789,67.173285],[-86.960683,67.255235],[-86.778961,67.418647],[-86.501943,67.379381],[-86.529286,67.687201],[-86.390736,67.80976],[-85.901723,68.054389],[-85.717152,68.398261],[-85.668121,68.726996],[-85.224762,68.7213],[-84.767201,69.087958],[-85.21996,69.132799],[-85.534047,69.463324],[-85.544097,69.65351],[-85.33316,69.791368],[-84.339833,69.859687],[-83.754058,69.711737],[-82.57551,69.674058],[-82.617991,69.570014],[-82.281565,69.41942],[-82.237294,69.235216],[-81.753041,69.26789],[-81.337229,69.187567],[-81.362864,69.101304],[-81.702504,68.907538],[-81.365224,68.86168],[-81.26651,68.638739],[-81.629547,68.512763],[-82.3697,68.356269],[-82.314849,68.146593],[-82.109364,68.111802],[-82.088246,67.899522],[-81.457183,67.628404],[-81.237945,67.460517],[-81.418446,67.094468],[-81.527415,66.996039],[-81.954905,66.976793],[-82.184438,66.768622],[-82.373158,66.727647],[-82.633453,66.5633],[-83.027415,66.495185],[-83.369374,66.350287],[-83.568593,66.371405],[-83.678131,66.525336],[-83.963246,66.477891],[-83.690785,66.199205],[-83.971181,66.204088],[-84.203847,66.324205],[-84.381744,66.19005],[-85.267812,66.286933],[-85.416073,66.566981],[-85.751564,66.517655],[-86.620473,66.506944],[-86.791005,66.428941],[-86.620595,66.314399],[-86.343739,66.289415],[-85.856662,66.16283],[-85.974355,66.03559],[-86.412465,65.904486],[-86.47468,65.733954],[-87.380767,65.329698],[-87.92748,65.333441],[-88.205474,65.405097],[-88.584584,65.64525],[-88.970123,65.696519],[-89.687978,65.946845],[-89.837473,65.830919],[-89.393788,65.501166],[-89.039866,65.328192],[-87.046946,65.237982],[-86.938222,65.141954],[-87.599965,64.558173],[-87.764272,64.522406],[-88.044301,64.184312],[-88.734609,63.972357],[-89.177398,64.03852],[-89.564443,64.025621],[-89.812734,63.96015],[-90.115712,63.963975],[-89.969146,63.822211],[-90.168365,63.657701],[-90.743235,63.575385],[-90.974517,63.578681],[-91.370961,63.701728],[-92.373769,63.77912],[-92.786244,63.900987],[-93.478912,64.033922],[-93.76594,63.993476],[-93.533111,63.849555],[-93.217193,63.910956],[-92.634918,63.783881],[-92.127512,63.711168],[-91.778432,63.714423],[-91.586741,63.582261],[-91.017405,63.471137],[-90.695383,63.274766],[-90.643625,63.068915],[-90.825673,62.938341],[-91.031117,62.951402],[-91.441965,62.786933],[-91.9794,62.847398],[-92.453928,62.793931],[-92.203603,62.666815],[-91.89745,62.639716],[-91.983469,62.531602],[-92.260894,62.562608],[-92.718332,62.464667],[-92.593414,62.239447],[-93.073557,62.178046],[-92.940663,62.10163],[-93.502065,61.855821],[-93.302887,61.751899],[-93.838043,61.561713],[-93.984975,61.457994],[-93.833567,61.328315],[-94.006825,61.237779],[-94.24234,60.903388],[-94.351552,60.8581],[-94.711822,60.265692],[-94.70287,60.105658],[-94.817006,59.962877],[-94.821889,59.650336],[-94.718414,59.366685],[-94.807444,59.018134],[-94.48526,58.820054],[-94.399485,58.71247],[-94.145579,58.769761],[-93.717437,58.792182],[-93.189524,58.759711],[-93.128489,58.528388],[-92.807769,58.075751],[-92.756988,57.865912],[-92.456858,57.448961],[-92.456776,57.222968],[-92.665761,57.000556],[-92.278717,57.065375],[-92.2235,57.02147],[-91.031117,57.264635],[-90.58552,57.229926],[-89.827016,56.97602],[-88.920766,56.853095],[-88.31135,56.538031],[-87.979563,56.442857],[-87.622304,56.095567],[-87.316274,55.962348],[-86.874908,55.911322],[-86.289346,55.72565],[-85.904273,55.662049],[-85.682613,55.586584],[-85.43916,55.42843],[-85.126617,55.302558],[-84.613149,55.245185],[-83.929067,55.326524],[-83.767568,55.281317],[-83.239491,55.223578],[-82.920318,55.220526],[-82.815094,55.146837],[-82.458485,55.141181],[-82.278635,55.045478],[-82.201405,54.83393],[-82.420969,54.383857],[-82.430898,54.228217],[-82.242584,54.06505],[-82.126047,53.812201],[-82.219228,53.604438],[-82.11852,53.277289],[-82.238149,53.221422],[-82.301178,52.967597],[-81.988149,52.798448],[-81.918202,52.680365],[-81.563832,52.456244],[-81.581451,52.316474],[-81.390614,52.127794],[-80.979115,52.001817],[-80.594879,51.711371],[-80.429799,51.357164],[-80.108266,51.296088],[-79.744537,51.123521],[-79.700754,51.385443],[-79.519114,51.483507],[-79.56017,51.555528],[-79.346018,51.661811],[-78.882151,51.403266],[-78.792388,51.610785],[-78.92927,51.660468],[-79.014963,51.796129],[-78.840566,51.842271],[-78.591298,52.106147],[-78.499582,52.355821],[-78.521474,52.480943],[-78.785553,52.659125],[-78.78307,52.871527],[-78.977366,53.070014],[-78.901682,53.200995],[-79.056304,53.620347],[-79.013499,53.845893],[-79.129384,54.107489],[-79.355946,54.198554],[-79.463979,54.310167],[-79.529408,54.577216],[-79.67634,54.693793],[-79.484486,54.756415],[-78.967437,54.851996],[-78.874867,54.90766],[-78.392242,55.027533],[-77.781606,55.273505],[-77.112904,55.67536],[-77.044545,55.783026],[-76.658681,56.072984],[-76.545155,56.29503],[-76.503733,56.783759],[-76.589345,57.271308],[-76.808705,57.675523],[-77.079335,57.961493],[-77.600697,58.271348],[-78.031484,58.388129],[-78.312611,58.573065],[-78.548818,58.608873],[-78.473704,58.72016],[-78.559967,58.944648],[-78.304677,58.959947],[-78.106557,59.209906],[-77.819203,59.293036],[-77.881174,59.484931],[-77.716176,59.621405],[-77.46288,59.676622],[-77.283111,60.026597],[-77.55602,60.052802],[-77.469716,60.217231],[-77.742258,60.425849],[-77.591705,60.502631],[-77.829254,60.643256],[-77.606842,60.759101],[-78.165517,60.868354],[-77.812367,61.08808],[-77.751536,61.232042],[-77.785268,61.454698],[-77.708363,61.616278],[-77.939849,61.69359],[-78.084828,61.888048],[-78.154897,62.297309],[-77.490834,62.588324],[-76.757721,62.51081],[-76.595693,62.458075],[-75.829742,62.313341],[-75.327748,62.31745],[-75.006093,62.268988],[-74.41686,62.252509],[-73.670725,62.482123],[-73.571441,62.394843],[-73.209543,62.312812],[-73.062164,62.187567],[-72.621449,62.101874],[-72.605214,61.943671],[-72.23233,61.881293],[-71.956776,61.711249],[-71.652008,61.649848],[-71.855295,61.423774],[-71.696441,61.277411],[-71.395009,61.149522],[-71.231516,61.167467],[-70.939443,61.073798],[-70.603668,61.032823],[-70.325103,61.100409],[-70.110219,61.060126],[-70.064849,60.8581],[-69.915883,60.810004],[-69.53661,61.079698],[-69.381337,60.799872],[-69.719797,60.684027],[-69.753285,60.332953],[-69.602447,60.224677],[-69.610992,60.10106],[-69.769765,59.971055],[-69.589833,59.876085],[-69.657704,59.703315],[-69.567983,59.602607],[-69.671457,59.456977],[-69.254791,59.324815],[-69.243398,59.228217],[-69.528066,59.185981],[-69.45165,58.895209],[-70.034495,58.812608],[-69.833974,58.604071],[-69.256337,58.899156],[-68.786936,58.922471],[-68.361562,58.783515],[-68.350209,58.621527],[-67.649037,58.251776],[-67.064198,58.39293],[-66.946645,58.498358],[-66.615102,58.497992],[-66.628774,58.592882],[-66.391225,58.851304],[-66.108632,58.77912],[-65.982249,58.917182],[-65.642486,59.07331],[-65.742665,59.26789],[-65.406728,59.417426],[-65.546254,59.731269],[-65.137807,59.900214],[-65.117665,60.008368],[-64.848785,60.365709],[-64.416615,60.259711],[-64.451527,60.066148],[-64.22053,60.046576],[-64.126373,59.907457],[-64.147857,59.682847],[-63.728139,59.509141],[-63.805898,59.374945],[-63.531565,59.347724],[-63.37328,59.216661],[-63.442209,59.120551],[-62.92691,58.823188],[-62.846506,58.669257],[-63.175649,58.503485],[-63.009674,58.428697],[-62.578603,58.504218],[-62.661366,58.175849],[-62.305043,58.031195],[-62.140533,57.833197],[-61.889882,57.624986],[-62.289215,57.523627],[-61.817047,57.377387],[-61.865102,57.17064],[-61.381907,57.12108],[-61.50178,56.978949],[-61.809193,56.78852],[-61.868886,56.637274],[-61.756581,56.485826],[-61.83023,56.376899],[-61.547027,56.200385],[-61.372792,56.228827],[-61.345448,55.969306],[-60.781606,55.859687],[-60.606557,55.733018],[-60.489613,55.810492],[-60.354848,55.575141],[-60.418935,55.42768],[-60.287099,55.233385],[-59.939198,55.235419],[-59.86205,55.140855],[-59.430043,55.142035],[-59.252268,55.215888],[-59.007965,55.153673],[-59.02595,55.019884],[-58.884104,54.897813],[-58.681467,54.818549],[-58.203521,54.797431],[-58.138499,54.739366],[-57.846995,54.738715],[-57.667551,54.63345],[-57.449818,54.649359],[-57.391021,54.501939],[-57.678334,54.377427],[-58.186147,54.358588],[-58.250966,54.25434],[-58.468088,54.233629],[-58.974517,53.971503],[-59.216542,53.930732],[-59.531646,53.821641],[-59.791331,53.847968],[-60.108266,53.757676],[-60.111643,53.546617],[-60.041737,53.48017],[-59.511098,53.555406],[-59.367828,53.652411],[-59.076812,53.686998],[-59.070668,53.796251],[-58.853139,53.941962],[-58.220326,54.063788],[-58.415517,54.140448],[-58.228505,54.235704],[-58.011586,54.239732],[-57.356923,54.139472],[-57.15274,53.739936],[-57.457102,53.648627],[-57.329661,53.584581],[-57.133127,53.621039],[-56.983469,53.727484],[-56.631337,53.741645],[-56.632721,53.660346],[-56.036244,53.58043],[-56.034901,53.433702],[-55.812082,53.330064],[-55.746897,53.145738],[-55.955719,53.022203],[-55.811635,52.83043],[-56.059397,52.765692],[-55.933258,52.637885],[-56.000396,52.515123],[-55.647572,52.443183],[-55.820058,52.308214],[-55.684804,52.11168],[-55.934193,51.925238],[-56.33788,51.782091],[-56.966542,51.425238],[-57.189809,51.418809],[-57.249989,51.508287],[-57.670644,51.434882],[-58.234039,51.276923],[-58.453684,51.316596],[-58.656484,51.210924],[-58.716379,51.106513],[-58.947743,51.041612],[-58.993276,50.790839],[-59.409901,50.666612],[-59.581532,50.484076],[-59.80309,50.445746],[-59.850657,50.313585],[-60.06371,50.253974],[-60.540435,50.22602],[-60.835561,50.256334],[-61.165883,50.185411],[-61.31135,50.199327],[-61.717885,50.100043],[-61.845774,50.219794],[-62.852447,50.294257],[-63.176666,50.290147],[-63.442209,50.222886],[-63.722157,50.304267],[-64.247467,50.270697],[-64.470041,50.322252],[-64.888336,50.274482],[-65.25829,50.322252],[-65.737172,50.257432],[-65.929189,50.292833],[-66.161855,50.195787],[-66.543121,50.216132],[-66.74592,50.053656],[-66.950917,49.986436],[-67.131459,49.831285],[-67.230865,49.611558],[-67.245107,49.458848],[-67.376332,49.339219],[-68.122385,49.271348],[-68.18106,49.124457],[-68.371897,49.140326],[-68.634592,49.017035],[-69.069569,48.756212],[-69.144439,48.600531],[-69.446645,48.29621],[-69.65453,48.162909],[-69.798329,48.156684],[-69.985097,48.278428],[-70.144358,48.273383],[-70.369211,48.374132],[-70.747182,48.427558],[-70.744496,48.355333],[-70.477528,48.356431],[-70.162953,48.245063],[-70.027659,48.252875],[-69.735951,48.122504],[-69.932037,47.773057],[-70.199574,47.595526],[-70.236887,47.495592],[-70.49706,47.429267],[-70.714955,47.11758],[-70.956858,47.020657],[-71.353993,46.739],[-71.693959,46.674384],[-71.880523,46.69066],[-72.227935,46.553371],[-72.258046,46.470852],[-72.46227,46.40233],[-72.602528,46.301337],[-72.994496,46.210801],[-73.158559,46.074856],[-73.289906,45.875067],[-73.495432,45.727891],[-73.755442,45.676378],[-73.909535,45.534735],[-74.077707,45.456692],[-73.961537,45.354234],[-73.687367,45.43122],[-73.557281,45.414293],[-73.412831,45.751532],[-73.259348,45.854112],[-73.139801,46.058336],[-72.731028,46.176622],[-72.495961,46.3605],[-72.274322,46.420559],[-72.189931,46.526231],[-71.845693,46.66828],[-71.714182,46.632188],[-71.30248,46.745185],[-71.157948,46.840806],[-70.534901,47.010565],[-70.388173,47.115871],[-70.031077,47.469591],[-69.802235,47.622382],[-69.55016,47.843858],[-69.445465,47.991889],[-69.323964,48.030585],[-69.054433,48.232367],[-68.726064,48.37641],[-68.205637,48.641913],[-67.962026,48.701646],[-67.546783,48.862372],[-67.42516,48.873603],[-66.62206,49.122626],[-66.219309,49.207872],[-65.565785,49.266466],[-64.96349,49.219306],[-64.613393,49.123033],[-64.221181,48.894355],[-64.278188,48.725816],[-64.16218,48.629625],[-64.329091,48.419623],[-64.704701,48.323717],[-64.779368,48.204047],[-65.285553,48.012641],[-65.783844,48.115587],[-65.953033,48.19538],[-66.261952,48.005845],[-65.81786,47.907416],[-65.628814,47.67064],[-65.477406,47.683702],[-65.20934,47.819688],[-65.025746,47.849595],[-64.826283,47.815497],[-64.684885,47.722724],[-64.892161,47.56151],[-64.959625,47.294298],[-65.331451,47.100572],[-64.825429,47.089097],[-64.905832,46.886868],[-64.864898,46.783189],[-64.713612,46.687161],[-64.719838,46.576321],[-64.514027,46.239407],[-64.253285,46.234442],[-63.813059,46.140286],[-63.904856,45.980333],[-63.805898,45.888658],[-63.447581,45.821357],[-63.189809,45.736396],[-63.070465,45.778428],[-62.738596,45.762519],[-62.470448,45.614488],[-61.924306,45.889146],[-61.894154,45.703721],[-61.619781,45.614325],[-61.47053,45.683092],[-61.071156,45.223944],[-61.331776,45.230699],[-61.38915,45.16356],[-61.639638,45.087307],[-62.551503,44.86758],[-63.024322,44.696845],[-63.120676,44.751573],[-63.281321,44.643459],[-63.587554,44.664171],[-63.523264,44.518134],[-63.715891,44.456122],[-63.929433,44.511339],[-63.943023,44.62051],[-64.353912,44.456122],[-64.339711,44.332587],[-64.560943,44.079983],[-64.815663,43.954088],[-65.034413,43.712307],[-65.250356,43.673407],[-65.462636,43.527574],[-65.667714,43.500108],[-65.771555,43.668809],[-66.121693,43.743557],[-66.148752,44.00255],[-66.210317,44.105699],[-66.113678,44.34337],[-65.84789,44.556505],[-65.785878,44.696357],[-64.863189,45.139553],[-64.51065,45.228583],[-64.223459,45.108385],[-64.115061,45.216051],[-63.825307,45.279608],[-63.593007,45.395168],[-64.065989,45.412991],[-64.388051,45.367296],[-64.576161,45.415635],[-64.717437,45.324612],[-64.935699,45.351223],[-64.833119,45.483995],[-64.648793,45.559068],[-64.429067,45.709866],[-64.585439,45.825914],[-64.756256,45.627794],[-65.315053,45.459215],[-65.544993,45.329576],[-65.909413,45.210273],[-66.128489,45.27912],[-66.189361,45.177802],[-66.428822,45.083726],[-66.490956,45.155626],[-66.745839,45.064521],[-67.021148,45.168362],[-67.104522,45.03795],[-66.977325,44.815538],[-67.224395,44.644232],[-67.574981,44.553494],[-67.80663,44.575385],[-67.899607,44.422105],[-68.097524,44.385728],[-68.269805,44.48607],[-68.756215,44.334459],[-68.827626,44.479112],[-68.986602,44.421169],[-68.998972,44.294786],[-69.118764,44.04088],[-69.263417,43.929918],[-69.370147,44.021511],[-69.47879,43.880316],[-69.649403,43.897569],[-69.787302,43.737535],[-69.985829,43.862779],[-70.239125,43.700059],[-70.204945,43.561143],[-70.356435,43.526964],[-70.382436,43.393744],[-70.519521,43.339545],[-70.815338,42.870266],[-70.81961,42.718736],[-70.647328,42.604519],[-70.861399,42.546942],[-71.038442,42.307929],[-70.783803,42.25967],[-70.630971,42.092515],[-70.533111,41.81623],[-70.274729,41.715155],[-70.070241,41.773458],[-69.938873,41.674221],[-70.428375,41.631903],[-70.658682,41.521349],[-70.658274,41.721991],[-71.185902,41.468736],[-71.206939,41.646226],[-71.355621,41.746283],[-71.497711,41.366278],[-71.828972,41.316984],[-71.898061,41.346503],[-72.287953,41.282945],[-72.779449,41.270168],[-73.17011,41.169571],[-73.634582,41.007055],[-73.81991,40.83913],[-73.926829,40.804796],[-74.096006,40.654758],[-74.209647,40.634231],[-74.282687,40.497319],[-74.032338,40.421617],[-73.972394,40.32765],[-74.167551,39.699368],[-74.358795,39.550198],[-74.654368,39.201361],[-74.745717,39.054511],[-75.026682,39.210679],[-75.159332,39.198635],[-75.359364,39.337877],[-75.39379,39.055551],[-75.166327,38.794382],[-75.08434,38.795967],[-75.057729,38.55272],[-75.154286,38.240912],[-75.434344,37.961833],[-75.492285,37.831084],[-75.887309,37.356967],[-75.921742,37.610541],[-75.708119,37.833157],[-75.814443,38.135199],[-75.906646,38.270982],[-76.028676,38.241767],[-76.221099,38.343899],[-76.318959,38.473944],[-76.145375,38.665025],[-76.340321,38.72842],[-76.154449,38.895331],[-76.130523,39.117825],[-76.272686,39.151552],[-76.174957,39.31623],[-76.424469,39.323676],[-76.449178,39.194957],[-76.398549,39.01439],[-76.551666,38.77558],[-76.511977,38.527734],[-76.396057,38.391275],[-76.419359,38.321706],[-76.320507,38.138776],[-76.614613,38.150377],[-76.530629,38.025133],[-76.247909,37.903471],[-76.356516,37.521796],[-76.244537,37.44953],[-76.378505,37.272332],[-76.298207,37.144599],[-76.268901,36.961415],[-75.98893,36.911959],[-75.927887,36.706204],[-75.916371,36.402655],[-75.85969,36.161566],[-76.020416,36.191474],[-76.195424,36.103502],[-76.411733,36.082953],[-76.524403,36.013495],[-76.687001,36.056098],[-76.729848,35.945258],[-76.387278,35.938422],[-76.195424,35.993638],[-75.852854,35.979967],[-75.721832,35.829169],[-75.753814,35.611802],[-75.897206,35.579047],[-76.15038,35.347154],[-76.442494,35.403998],[-76.560536,35.124416],[-76.548248,34.999335],[-76.335683,34.899482],[-76.503896,34.766547],[-76.658193,34.721869],[-76.896108,34.739203],[-77.201527,34.650702],[-77.535878,34.468573],[-77.832672,34.207017],[-77.911122,33.958157],[-78.032338,33.892279],[-78.252512,33.925116],[-78.55899,33.869045],[-78.763336,33.778551],[-78.937978,33.642076],[-79.133127,33.417426],[-79.202952,33.192939],[-79.387034,33.01732],[-79.584828,33.013821],[-79.607411,32.916246],[-79.850982,32.758612],[-80.005116,32.611558],[-80.409332,32.481106],[-80.44107,32.366116],[-80.887563,32.069403],[-80.835683,32.002916],[-81.060902,31.788153],[-81.196278,31.717597],[-81.363899,31.41583],[-81.269887,31.274848],[-81.499257,30.968207],[-81.499257,30.704332],[-81.428578,30.681708],[-81.447743,30.508002],[-81.255849,29.789455],[-81.178293,29.585517],[-80.922109,29.068305],[-80.609446,28.610175],[-80.76594,28.612291],[-80.749257,28.724107],[-80.848134,28.790595],[-80.738271,28.373481],[-80.380971,27.666083],[-80.345367,27.514594],[-80.075551,26.973212],[-80.038238,26.811184],[-80.053619,26.556708],[-80.129262,25.887885],[-80.306874,25.618232],[-80.31432,25.371161],[-80.42691,25.221747],[-80.580637,25.241441],[-80.710927,25.14525],[-80.85497,25.186225],[-81.086537,25.121405],[-81.177113,25.227769],[-81.149159,25.395413],[-81.321685,25.782701],[-81.396148,25.85163],[-81.664377,25.98135],[-81.800893,26.098619],[-81.855946,26.448879],[-82.039052,26.527899],[-82.082102,26.680243],[-82.057037,26.86579],[-82.19811,26.803127],[-82.313832,26.849351],[-82.561838,27.276272],[-82.660756,27.520331],[-82.398183,27.796047],[-82.596018,27.983059],[-82.637766,27.701117],[-82.842397,27.828518],[-82.767323,28.105902],[-82.787343,28.193752],[-82.664215,28.447943],[-82.644399,28.900377],[-82.849233,29.182196],[-83.023915,29.17475],[-83.215688,29.41059],[-83.404775,29.531684],[-83.408925,29.667304],[-83.527659,29.71601],[-83.680572,29.921291],[-84.024037,30.106594],[-84.269643,30.092678],[-84.508372,29.922065],[-84.886627,29.730048],[-85.307851,29.693427],[-85.356516,29.888739],[-85.670888,30.122952],[-85.708648,30.247016],[-85.864491,30.216254],[-86.065989,30.306057],[-86.364817,30.380764],[-86.484609,30.480048],[-86.680084,30.422309],[-86.940175,30.456488],[-87.015289,30.521064],[-87.156809,30.474514],[-87.328847,30.319729],[-87.786488,30.236762],[-87.776235,30.313137],[-87.916575,30.423326],[-87.942535,30.659735],[-88.052561,30.654364],[-88.120107,30.338324],[-88.355336,30.403754],[-88.47057,30.323879],[-88.742055,30.354071],[-88.927642,30.442206],[-89.013417,30.377427],[-89.33023,30.302883],[-89.442535,30.189765],[-89.708404,30.175279],[-89.770334,30.239691],[-89.969146,30.264716],[-90.058502,30.360297],[-90.222401,30.3876],[-90.405019,30.22016],[-90.339101,30.066067],[-90.036977,30.040269],[-89.880442,30.154853],[-89.838938,29.995347],[-89.686513,29.882554],[-89.427317,30.058661],[-89.456776,29.82925],[-89.639068,29.620266],[-89.668365,29.521796],[-89.342275,29.346096],[-89.201975,29.352932],[-89.023183,29.147406],[-89.18814,29.030463],[-89.383656,29.087836],[-89.482533,29.243069],[-89.757705,29.343163],[-89.907704,29.477037],[-90.080393,29.537258],[-90.036285,29.365871],[-90.08023,29.174709],[-90.229237,29.086656],[-90.251088,29.247382],[-90.562001,29.300727],[-90.705922,29.119534],[-91.228586,29.238593],[-91.327992,29.294867],[-91.219838,29.404446],[-91.320912,29.496649],[-91.534332,29.534003],[-91.568959,29.647121],[-91.684682,29.753119],[-91.877919,29.759345],[-91.984446,29.831977],[-92.134145,29.756822],[-92.107411,29.620429],[-92.276493,29.533836],[-92.683058,29.604133],[-93.199593,29.772811],[-93.73938,29.737248],[-93.854075,29.986558],[-93.932712,29.776194],[-94.060129,29.68183],[-94.654286,29.45189],[-94.755235,29.524271],[-94.692741,29.69634],[-94.82649,29.768144],[-94.876076,29.665842],[-95.015502,29.7203],[-95.023915,29.542182],[-94.888824,29.375963],[-95.159169,29.152411],[-95.158925,29.045722],[-95.379384,28.880561],[-95.601918,28.763861],[-95.817372,28.732489],[-96.204905,28.586656],[-96.559478,28.654283],[-96.581939,28.578925],[-96.403798,28.434882],[-96.653717,28.319485],[-97.024973,28.041449],[-97.184071,27.836615],[-97.38561,27.830064],[-97.262807,27.679267],[-97.422353,27.327786],[-97.521127,27.232191],[-97.445953,27.132717],[-97.550201,27.009182],[-97.554758,26.825141],[-97.488393,26.775092],[-97.424916,26.534898],[-97.447865,26.420152],[-97.351918,26.353827],[-97.310536,26.123277],[-97.236236,25.984198],[-97.137522,25.974514],[-97.165151,25.723334],[-97.319447,25.38996],[-97.458974,25.179389],[-97.651438,24.515855],[-97.716664,24.008124],[-97.722239,23.739325],[-97.768544,23.260077],[-97.74234,22.972073],[-97.889394,22.625434],[-97.774281,22.253485],[-97.76061,22.095852],[-97.610463,21.835761],[-97.657582,21.636542],[-97.496816,21.400621],[-97.338043,21.054999],[-97.197174,20.810207],[-97.150543,20.64704],[-96.676015,20.157864],[-96.456125,19.868801],[-96.27831,19.314602],[-96.157379,19.225165],[-96.041249,19.06566],[-95.977162,19.058254],[-95.85204,18.716783],[-95.728383,18.757229],[-95.495188,18.707343],[-95.208363,18.708645],[-95.002553,18.555406],[-94.807851,18.523627],[-94.580881,18.189846],[-94.466949,18.144232],[-94.207143,18.189643],[-93.444692,18.441799],[-92.93977,18.445741],[-92.855731,18.466047],[-92.68102,18.62287],[-92.40514,18.671063],[-91.94806,18.691225],[-91.990712,18.539252],[-91.829091,18.477281],[-91.544423,18.449164],[-91.332834,18.573432],[-91.265533,18.735663],[-91.431188,18.880117],[-91.16161,19.016262],[-90.935536,19.163072],[-90.730092,19.375922],[-90.709462,19.687486],[-90.66454,19.781928],[-90.477823,19.922101],[-90.497385,20.067369],[-90.474477,20.408515],[-90.489898,20.534125],[-90.360097,21.000393],[-90.099477,21.16413],[-89.785959,21.284573],[-89.123158,21.363471],[-88.702707,21.458564],[-88.447825,21.5751],[-88.282704,21.556708],[-88.129465,21.616034],[-87.962066,21.600084],[-87.47411,21.467108],[-87.238189,21.44302],[-86.997914,21.565904],[-86.924794,21.446112],[-86.827952,21.433295],[-86.815053,21.204779],[-86.741567,21.16413],[-86.875315,20.855048],[-87.067454,20.619208],[-87.234975,20.49258],[-87.444,20.191148],[-87.471547,19.884711],[-87.628733,19.708564],[-87.666371,19.552476],[-87.423207,19.55801],[-87.526112,19.406399],[-87.495717,19.327582],[-87.606191,19.020413],[-87.662017,18.766832],[-87.723378,18.68122],[-87.77123,18.406399],[-87.844553,18.262152],[-87.93517,18.443101],[-88.077789,18.498603],[-88.002187,18.690131],[-88.036285,18.874986],[-88.306264,18.4383],[-88.194651,18.340644],[-88.10851,18.373928],[-88.091542,18.118394],[-88.208323,17.881985],[-88.283315,17.580268],[-88.230784,17.496527],[-88.300526,17.177924],[-88.215077,16.967108],[-88.283315,16.891343],[-88.306223,16.652899],[-88.393178,16.551825],[-88.535959,16.274115],[-88.740061,16.23017],[-88.745717,16.154853],[-88.927642,15.983873],[-88.913971,15.893948],[-88.625966,15.753892],[-88.447906,15.85871],[-88.145253,15.684516],[-87.908762,15.868069],[-87.722157,15.922919],[-87.509633,15.798651],[-87.345082,15.850328],[-87.151723,15.796861],[-86.878733,15.764146],[-86.47057,15.804185],[-86.338287,15.781399],[-86.207143,15.87401],[-85.994862,15.900702],[-85.903188,15.983466],[-85.703196,15.976467],[-85.488578,15.869567],[-85.25425,15.884085],[-84.999949,15.987942],[-84.676552,15.876203],[-84.660054,15.774494],[-84.294638,15.81101],[-84.024526,15.535102],[-84.124176,15.430243],[-84.082509,15.360093],[-83.905141,15.383531],[-83.774526,15.285712],[-83.40803,15.266425],[-83.284291,15.068345],[-83.17984,14.985989],[-83.414133,14.827704],[-83.299224,14.771186],[-83.191803,14.386908],[-83.218577,14.250312],[-83.431264,13.956732],[-83.493804,13.737738],[-83.570139,13.287095],[-83.50768,12.902777],[-83.541331,12.580634],[-83.492299,12.400336],[-83.603383,12.413723],[-83.544667,12.79678],[-83.645904,12.786851],[-83.589101,12.632148],[-83.767201,12.546698],[-83.663726,12.25609],[-83.713246,12.049302],[-83.83609,11.871243],[-83.699941,11.849921],[-83.652984,11.611518],[-83.761057,11.557115],[-83.868031,11.374905],[-83.83727,11.142524],[-83.752065,10.982245],[-83.644358,10.92593],[-83.466176,10.494534],[-83.203725,10.12934],[-83.016672,9.963121],[-82.772328,9.661038],[-82.635894,9.634508],[-82.349599,9.402045],[-82.387603,9.286078],[-82.255483,9.182603],[-82.245961,9.014146],[-82.105377,8.935207],[-81.903717,8.971137],[-81.793446,8.931627],[-81.761971,9.06375],[-81.539052,8.812934],[-81.304463,8.781882],[-81.087717,8.808743],[-80.822418,8.890692],[-80.637118,9.051672],[-80.408316,9.142262],[-80.100819,9.222317],[-80.000823,9.320516],[-79.909047,9.308417],[-79.550969,9.629292],[-79.193757,9.539602],[-79.05806,9.457931],[-78.437712,9.404351],[-78.024566,9.226467],[-77.574073,8.792754],[-77.476959,8.669908],[-77.351674,8.669338],[-77.274729,8.495795],[-77.133616,8.408393],[-77.052805,8.276313],[-76.832265,8.136542],[-76.933705,7.964586],[-76.757232,7.92357],[-76.732004,8.079291],[-76.77009,8.398017],[-76.893707,8.620347],[-76.673207,8.680406],[-76.256256,9.007392],[-76.168121,9.246975],[-76.077992,9.343817],[-75.909983,9.428168],[-75.811879,9.391547],[-75.620633,9.452853],[-75.576367,9.621086],[-75.657794,9.705232],[-75.573848,10.07396],[-75.646442,10.193509],[-75.515696,10.318996],[-75.509836,10.585842],[-75.307281,10.70954],[-75.267405,10.795315],[-75.035959,10.916693],[-75.02359,10.974311],[-74.844372,11.10967],[-74.502838,10.974311],[-74.456614,10.748033],[-74.362172,10.775702],[-74.218129,11.079088],[-74.242177,11.200263],[-74.187489,11.316962],[-74.004628,11.355292],[-73.826039,11.27676],[-73.292388,11.294013],[-73.05484,11.493964],[-72.759674,11.697089],[-72.452056,11.791327],[-72.263051,11.885972],[-72.138661,12.10456],[-72.170522,12.23428],[-72.004872,12.262885],[-71.905263,12.207668],[-71.656158,12.465318],[-71.531606,12.447211],[-71.242299,12.327704],[-71.113881,12.094387],[-71.138092,12.015815],[-71.298818,11.920233],[-71.378163,11.75845],[-71.96052,11.591254],[-71.93932,11.380764],[-71.769765,11.10635],[-71.693593,10.837144],[-71.576283,10.721096],[-71.629547,10.454006],[-71.779042,10.341742],[-71.897694,10.139228],[-71.982493,10.088284],[-72.124379,9.826077],[-71.998931,9.654731],[-71.967519,9.498236],[-71.730377,9.355414],[-71.75886,9.120063],[-71.686147,9.061957],[-71.514801,9.048977],[-71.273549,9.135077],[-71.056142,9.363593],[-71.09024,9.555406],[-71.04186,9.760891],[-71.072418,9.857856],[-71.206939,9.980618],[-71.267812,10.151923],[-71.363881,10.219957],[-71.526479,10.544745],[-71.531361,10.752672],[-71.445912,10.79621],[-71.458323,10.974921],[-71.293935,10.98664],[-70.8697,11.196275],[-70.685618,11.248033],[-70.513905,11.25316],[-70.180002,11.37637],[-70.050525,11.521129],[-69.945978,11.519774],[-69.814076,11.425605],[-69.747141,11.48078],[-69.849517,11.693671],[-70.186513,11.602688],[-70.2058,11.734687],[-70.296783,11.871894],[-70.2058,12.112006],[-70.01773,12.19892],[-69.925364,12.159613],[-69.835317,12.015204],[-69.808583,11.803616],[-69.700307,11.540188],[-69.623606,11.46776],[-69.270416,11.536038],[-69.061879,11.453518],[-68.863189,11.452867],[-68.65567,11.347886],[-68.417592,11.179145],[-68.262685,10.903144],[-68.331451,10.80683],[-68.24234,10.578437],[-68.129547,10.487738],[-67.941233,10.466457],[-67.56017,10.528266],[-67.170033,10.555976],[-67.012359,10.611233],[-66.541575,10.632717],[-66.124582,10.601955],[-66.118276,10.497952],[-65.868479,10.309556],[-65.580434,10.185452],[-65.169545,10.097317],[-65.083974,10.047512],[-64.96349,10.097317],[-64.748118,10.106879],[-64.631418,10.248114],[-64.490549,10.240668],[-64.339182,10.390692],[-64.143463,10.480129],[-63.820383,10.447577],[-63.846832,10.555976],[-63.756947,10.665595],[-63.531565,10.631049],[-63.240875,10.685126],[-63.171295,10.731594],[-62.904286,10.702216],[-62.719635,10.759996],[-62.154205,10.686347],[-61.98233,10.734687],[-61.962473,10.652167],[-62.239858,10.637885],[-62.33495,10.530219],[-62.662343,10.567043],[-62.857004,10.531562],[-62.831125,10.406806],[-62.517568,10.184149],[-62.408925,9.924018],[-62.290761,9.733303],[-62.257721,9.937812],[-62.196476,10.019678],[-62.025383,9.957357],[-61.876765,9.823682],[-61.592519,9.781968],[-61.439168,9.818411],[-61.337822,9.712115],[-61.130116,9.572496],[-61.053212,9.581285],[-60.862294,9.456122],[-60.783803,9.338609],[-60.983998,9.167385],[-61.006581,9.048774],[-61.09968,8.960354],[-61.209462,8.609036],[-61.523061,8.596625],[-61.434234,8.479153],[-61.284047,8.397203],[-61.18102,8.493394],[-60.984771,8.570543],[-60.692454,8.604682],[-60.461578,8.534369],[-60.371897,8.635403],[-60.197825,8.623847],[-60.020985,8.55801],[-59.809397,8.354682],[-59.755849,8.410875],[-59.165151,8.058743],[-58.778617,7.662364],[-58.663163,7.585201],[-58.464223,7.312201],[-58.485015,7.01081],[-58.550689,6.947089],[-58.611399,6.687812],[-58.567006,6.636705],[-58.398427,6.883368],[-58.067863,6.821703],[-57.891891,6.696442],[-57.598578,6.427246],[-57.289824,6.234739],[-57.066029,5.9501],[-56.956537,6.011574],[-56.659512,5.979716],[-55.999182,5.810713],[-55.844382,5.975962],[-55.637318,5.985907],[-55.335967,5.962708],[-55.221425,5.900214],[-55.1445,5.974248],[-54.77359,5.985256],[-54.471781,5.94097],[-54.036731,5.842351],[-53.986357,5.745665],[-53.776742,5.714156],[-53.517322,5.580775],[-53.251664,5.548627],[-52.994581,5.457624],[-52.402333,4.973822],[-52.094106,4.758124],[-51.931264,4.590399],[-51.801503,4.612698],[-51.650706,4.190009],[-51.546702,4.255032],[-51.516498,4.441122],[-51.38923,4.358902],[-51.224435,4.165043],[-51.079905,3.88227],[-51.092742,3.376329],[-50.94454,2.822201],[-50.902803,2.793755],[-50.742421,2.378485],[-50.712618,2.236803],[-50.466542,1.815416],[-50.183156,1.818863],[-50.004051,1.751601],[-49.910159,1.664263],[-49.873046,1.35985],[-49.978831,1.072211],[-50.312489,0.817206],[-50.465891,0.64643],[-50.608957,0.373928],[-50.790639,0.169501],[-50.928944,0.155422],[-51.069163,-0.019342],[-51.201568,-0.049086],[-51.322499,-0.215265],[-51.44518,-0.471449],[-51.697499,-0.747166],[-51.724192,-1.039158],[-51.929351,-1.178318],[-51.921457,-1.325779],[-52.065785,-1.405043],[-52.195383,-1.344985],[-52.401967,-1.422052],[-52.423085,-1.566095],[-52.279124,-1.518243],[-52.200347,-1.684747],[-52.123769,-1.619073],[-51.914622,-1.570977],[-51.669545,-1.401625],[-51.2683,-1.220392],[-51.161488,-1.103611],[-51.032948,-1.038018],[-50.942738,-0.908787],[-50.839589,-0.912774],[-50.824452,-1.030938],[-50.901763,-1.121026],[-50.819936,-1.231703],[-50.819203,-1.436293],[-50.68928,-1.612074],[-50.565338,-1.89072],[-50.372841,-1.973728],[-50.28077,-1.893829],[-49.976918,-1.826104],[-49.810455,-1.900567],[-49.676096,-1.908624],[-49.485219,-1.76393],[-49.379221,-1.896417],[-49.445546,-2.18377],[-49.331614,-2.204767],[-49.232004,-1.948175],[-49.123006,-1.768008],[-48.965589,-1.599719],[-48.811879,-1.62127],[-48.642121,-1.385675],[-48.535024,-1.581476],[-48.482753,-1.2813],[-48.339711,-1.316013],[-48.27066,-1.134698],[-48.160797,-0.960056],[-48.154042,-0.781834],[-47.946116,-0.740492],[-47.584514,-0.578247],[-47.414703,-0.66131],[-47.294016,-0.592869],[-47.084543,-0.750584],[-46.858632,-0.76572],[-46.769887,-0.86712],[-46.613796,-0.813236],[-46.480092,-1.022231],[-46.221181,-1.011163],[-46.093902,-1.07586],[-45.955719,-1.219985],[-45.809804,-1.275079],[-45.696034,-1.160577],[-45.515452,-1.312188],[-45.496165,-1.48089],[-45.401275,-1.437921],[-45.340199,-1.583185],[-45.247467,-1.579278],[-45.091379,-1.464125],[-44.885365,-1.504571],[-44.919789,-1.580336],[-44.724965,-1.723403],[-44.707875,-1.813165],[-44.521718,-1.847263],[-44.497304,-2.147882],[-44.398793,-2.197361],[-44.362457,-2.310317],[-44.473948,-2.402114],[-44.64623,-2.768243],[-44.693593,-2.994887],[-44.613596,-3.111993],[-44.432973,-2.950291],[-44.368072,-2.549574],[-44.072987,-2.399509],[-44.01415,-2.634698],[-43.738564,-2.517207],[-43.476959,-2.537693],[-43.454401,-2.341449],[-43.311766,-2.346467],[-42.70995,-2.560317],[-42.452992,-2.752211],[-42.264272,-2.759047],[-42.222239,-2.812433],[-42.004018,-2.812595],[-41.995623,-2.721435],[-41.821265,-2.733567],[-41.675038,-2.879571],[-41.343088,-2.920343],[-40.581614,-2.827325],[-40.499623,-2.78631],[-39.985707,-2.848403],[-39.485463,-3.145766],[-39.358266,-3.183526],[-39.080556,-3.377048],[-38.985178,-3.395929],[-38.916331,-3.50506],[-38.807485,-3.547296],[-38.659657,-3.676446],[-38.457346,-3.718438],[-38.378041,-3.869724],[-38.251332,-3.961847],[-38.106679,-4.157892],[-37.854237,-4.375909],[-37.768625,-4.396417],[-37.607249,-4.608087],[-37.324818,-4.696466],[-37.182932,-4.910903],[-36.898752,-4.938246],[-36.790883,-5.051202],[-36.589996,-5.10296],[-36.422353,-5.080987],[-36.131215,-5.09588],[-35.997182,-5.04754],[-35.510569,-5.143731],[-35.420522,-5.211521],[-35.262278,-5.483331],[-35.092844,-6.185805],[-35.038197,-6.236505],[-34.958974,-6.536879],[-34.96996,-6.617283],[-34.859364,-7.071466],[-34.797353,-7.158461],[-34.805304,-7.622716],[-34.899998,-7.718045],[-34.811635,-7.905857],[-34.932118,-8.24212],[-34.939931,-8.350763],[-35.127349,-8.806248],[-35.14745,-8.911879],[-35.305084,-9.193048],[-35.482045,-9.367852],[-35.58259,-9.532892],[-35.853179,-9.731215],[-35.88268,-9.855645],[-36.036285,-10.064142],[-36.251047,-10.248224],[-36.40807,-10.50213],[-36.576568,-10.55047],[-36.903066,-10.772882],[-37.039662,-10.949151],[-37.172475,-11.203546],[-37.285756,-11.317071],[-37.434722,-11.569268],[-37.654652,-12.049737],[-38.050893,-12.641046],[-38.320424,-12.935235],[-38.509674,-13.021417],[-38.475657,-12.851658],[-38.508901,-12.722914],[-38.738149,-12.736586],[-38.736318,-12.882745],[-38.841786,-13.161228],[-39.062489,-13.399998],[-38.967844,-13.674005],[-39.01122,-13.832452],[-38.923695,-14.004083],[-39.067128,-14.674981],[-39.022694,-14.815851],[-39.00182,-15.232029],[-38.923899,-15.71559],[-38.864369,-15.843357],[-39.054067,-16.436456],[-39.135976,-16.800226],[-39.123606,-16.897882],[-39.208608,-17.162205],[-39.183746,-17.600844],[-39.137115,-17.67962],[-39.275054,-17.866876],[-39.499094,-18.005629],[-39.624989,-18.192641],[-39.72468,-18.518731],[-39.741078,-18.902114],[-39.698069,-19.239923],[-39.709788,-19.416111],[-39.834869,-19.657159],[-40.026845,-19.764418],[-40.146474,-20.023045],[-40.190989,-20.189874],[-40.28246,-20.314223],[-40.348744,-20.500095],[-40.583424,-20.801972],[-40.731725,-20.843838],[-40.814613,-21.036612],[-40.965118,-21.274021],[-40.963503,-21.364503],[-41.071868,-21.523339],[-40.967275,-21.947524],[-40.995269,-22.014255],[-41.243695,-22.145213],[-41.666493,-22.281834],[-41.966298,-22.535414],[-41.989613,-22.826349],[-42.058217,-22.95379],[-42.624257,-22.939548],[-42.695668,-22.966892],[-43.031402,-22.974298],[-43.121449,-22.929946],[-43.034535,-22.775567],[-43.075551,-22.665704],[-43.270172,-22.747003],[-43.162099,-22.895685],[-43.220123,-22.995294],[-43.542226,-23.049412],[-43.864369,-22.896173],[-44.056223,-22.939548],[-44.190989,-23.048761],[-44.435658,-22.996759],[-44.673207,-23.05934],[-44.714101,-23.186619],[-44.510569,-23.27337],[-44.583811,-23.353204],[-44.844472,-23.385186],[-44.919301,-23.34881],[-45.08019,-23.497654],[-45.433502,-23.664727],[-45.406606,-23.820408],[-45.509267,-23.837579],[-45.864369,-23.756443],[-46.079742,-23.827813],[-46.23412,-23.986017],[-46.363759,-23.89422],[-46.406728,-24.008966],[-46.593414,-24.089532],[-46.966461,-24.299086],[-47.181386,-24.53338],[-47.442047,-24.680434],[-47.540761,-24.703383],[-47.825551,-24.894138],[-47.951772,-25.201349],[-48.247304,-25.410903],[-48.407216,-25.283868],[-48.460194,-25.47088],[-48.432729,-25.622491],[-48.517568,-25.770196],[-48.61266,-26.040623],[-48.582631,-26.157159],[-48.798248,-26.304864],[-48.643625,-26.384861],[-48.6822,-26.719171],[-48.626943,-26.770929],[-48.575185,-27.016209],[-48.64745,-27.479587],[-48.64745,-27.647393],[-48.565541,-27.860284],[-48.655263,-28.212823],[-48.815338,-28.610447],[-48.940582,-28.64544],[-49.342763,-28.923517],[-49.552317,-29.127374],[-49.810658,-29.443129],[-50.045318,-29.814548],[-50.315663,-30.461521],[-50.721425,-31.044529],[-51.151845,-31.481541],[-51.563344,-31.777439],[-51.863515,-31.931736],[-52.032623,-32.108982],[-52.087961,-31.858575],[-51.92276,-31.868748],[-51.666168,-31.769708],[-51.434967,-31.496515],[-51.334543,-31.51922],[-51.179596,-31.358982],[-51.176137,-31.149347],[-50.98766,-31.045587],[-50.93932,-30.896091],[-50.731068,-30.792413],[-50.537262,-30.320408],[-50.671986,-30.288995],[-50.897532,-30.310479],[-51.122548,-30.256036],[-51.292144,-30.271661],[-51.200429,-30.399835],[-51.290191,-30.624444],[-51.38329,-30.658868],[-51.361887,-30.879164],[-51.455434,-30.889418],[-51.443023,-31.080987],[-51.623606,-31.135349],[-51.652821,-31.25921],[-51.92276,-31.306899],[-52.001617,-31.429132],[-52.000803,-31.551202],[-52.095774,-31.691095],[-52.203725,-31.727309],[-52.245595,-31.840997],[-52.169789,-31.936456],[-52.258616,-32.053643],[-52.127431,-32.177504],[-52.253407,-32.282485],[-52.375315,-32.498712],[-52.470855,-32.800958],[-52.621693,-33.101983],[-52.819488,-33.322524],[-53.473053,-33.834568],[-53.539459,-34.062433],[-53.711008,-34.198826],[-53.764882,-34.390395],[-53.972239,-34.487237],[-54.145904,-34.667576],[-54.306467,-34.707696],[-54.93932,-34.969903],[-55.082143,-34.883966],[-55.260243,-34.897638],[-55.376943,-34.801446],[-55.792051,-34.774134],[-56.069634,-34.901003],[-56.311269,-34.906183],[-56.448432,-34.758272],[-56.795289,-34.698492],[-57.120025,-34.462986],[-57.537914,-34.453614],[-57.82251,-34.475109],[-58.076975,-34.19199],[-58.196197,-34.159438],[-58.388824,-33.942071],[-58.37857,-34.188246],[-58.511465,-34.435945],[-58.474192,-34.52158],[-58.154872,-34.7504],[-57.871032,-34.829915],[-57.522032,-35.013154],[-57.248769,-35.248793],[-57.144909,-35.4842],[-57.352625,-35.727524],[-57.366444,-35.987888],[-57.248036,-36.170343],[-56.9287,-36.363702],[-56.697621,-36.396173],[-56.664866,-36.851007],[-56.686431,-36.927667],[-56.888661,-37.162042],[-57.055898,-37.412693],[-57.309153,-37.64544],[-57.511871,-37.872328],[-57.535715,-38.084242],[-57.593577,-38.152765],[-58.15567,-38.430108],[-59.063222,-38.69378],[-59.889312,-38.838474],[-60.865712,-38.975681],[-61.518056,-39.011489],[-62.026723,-38.937595],[-62.157338,-38.810479],[-62.37975,-38.798435],[-62.274037,-38.954522],[-62.357818,-39.102227],[-62.316396,-39.265232],[-62.167877,-39.28338],[-62.195424,-39.397149],[-62.055776,-39.451918],[-62.164174,-39.858819],[-62.314565,-39.869399],[-62.368723,-40.211196],[-62.484202,-40.28753],[-62.414906,-40.462091],[-62.25064,-40.622247],[-62.337799,-40.872735],[-62.7294,-41.041111],[-63.099517,-41.15488],[-63.779408,-41.158787],[-64.062123,-40.999444],[-64.174306,-41.008966],[-64.77302,-40.806085],[-64.946523,-40.711358],[-65.121938,-40.833673],[-65.17512,-41.010186],[-65.061187,-41.448419],[-64.993276,-41.552992],[-64.999908,-41.79339],[-65.069569,-41.985772],[-64.857289,-42.193617],[-64.531484,-42.244236],[-64.566274,-42.435968],[-64.127553,-42.432712],[-64.06843,-42.269627],[-64.16218,-42.209405],[-63.80996,-42.070174],[-63.709625,-42.134373],[-63.590484,-42.341241],[-63.579335,-42.59295],[-63.620269,-42.751235],[-63.736643,-42.824802],[-64.1079,-42.883722],[-64.250966,-42.75213],[-64.218617,-42.655938],[-64.322621,-42.542413],[-64.614858,-42.515313],[-64.946034,-42.654229],[-64.997141,-42.784845],[-64.513051,-42.936293],[-64.447581,-43.068617],[-64.765248,-43.147393],[-65.032338,-43.299412],[-65.032338,-43.378106],[-65.334055,-43.672621],[-65.318227,-43.832208],[-65.222374,-44.036896],[-65.308708,-44.200085],[-65.216885,-44.36641],[-65.32571,-44.508278],[-65.685539,-44.71253],[-65.715443,-44.869963],[-65.572916,-44.895829],[-65.602643,-45.027687],[-66.200367,-44.992919],[-66.46772,-45.077016],[-66.523997,-45.216097],[-66.868921,-45.235597],[-67.064795,-45.349949],[-67.331925,-45.613491],[-67.360636,-45.776662],[-67.547732,-45.933446],[-67.622467,-46.163751],[-67.540883,-46.4013],[-67.42322,-46.567419],[-67.129995,-46.706596],[-66.786448,-47.006606],[-66.628795,-47.051218],[-66.200493,-47.089587],[-65.979563,-47.066176],[-65.744902,-47.204164],[-65.735665,-47.509535],[-65.845626,-47.742206],[-65.847068,-47.944417],[-65.964131,-48.056988],[-66.300852,-48.251886],[-66.46849,-48.400275],[-66.65099,-48.431085],[-67.114348,-48.67375],[-67.198285,-48.818353],[-67.556549,-49.015817],[-67.704172,-49.303888],[-67.65331,-49.37713],[-67.732012,-49.781302],[-67.833207,-49.95454],[-68.07635,-50.087268],[-68.328277,-50.120212],[-68.4381,-50.200779],[-68.876429,-50.330572],[-69.076519,-50.560172],[-69.149973,-50.74212],[-69.167778,-50.978225],[-68.935928,-51.645516],[-68.685059,-52.005006],[-68.365611,-52.306204],[-68.565463,-52.340929],[-68.898461,-52.303537],[-69.234708,-52.203143],[-69.482493,-52.29046],[-69.496938,-52.385349],[-69.672351,-52.530857],[-69.84658,-52.486543],[-70.321793,-52.638147],[-70.583039,-52.671999],[-70.812123,-52.821384],[-70.816884,-52.992446],[-70.95759,-53.222833],[-70.992747,-53.382989],[-70.939443,-53.592218],[-70.973622,-53.756036],[-71.228749,-53.874688],[-71.644643,-53.823663],[-72.053456,-53.706964],[-72.284088,-53.581231],[-72.453277,-53.407322],[-72.282297,-53.242771],[-71.83495,-53.252048],[-71.467112,-53.132908],[-71.25414,-53.016778],[-71.169285,-52.812813],[-71.5308,-52.866656],[-71.906233,-53.010889],[-72.085601,-53.134373],[-72.286,-53.02988],[-72.327626,-53.221287],[-72.466949,-53.283136],[-72.522532,-53.544366],[-73.199086,-53.240818],[-72.980946,-53.160252],[-72.891021,-53.056817],[-72.960357,-52.824965],[-72.611562,-52.741876],[-72.562245,-52.833673],[-72.160874,-52.652118],[-71.850529,-52.69471],[-71.478103,-52.646138],[-71.571611,-52.561278],[-72.327789,-52.52516],[-72.413645,-52.648858],[-72.656117,-52.521661],[-72.798736,-52.615411],[-72.790842,-52.752699],[-73.005279,-52.833266],[-72.953603,-53.023614],[-73.116282,-53.096938],[-73.32726,-53.071466],[-73.26891,-52.673598],[-73.687856,-52.597833],[-73.530914,-52.456964],[-73.580556,-52.208429],[-73.333852,-52.218683],[-73.086903,-52.082452],[-72.894521,-52.057061],[-72.802805,-51.937433],[-72.529042,-51.954767],[-72.466949,-51.789727],[-72.919423,-51.858575],[-73.145334,-51.940037],[-73.176666,-52.081231],[-73.316233,-52.166111],[-73.540028,-52.055271],[-73.680409,-51.76922],[-73.904205,-51.611749],[-73.934316,-51.399347],[-73.719553,-51.356541],[-73.784291,-51.223565],[-74.129506,-51.187677],[-74.148061,-51.052179],[-74.256418,-50.939386],[-73.947011,-50.829767],[-74.126088,-50.762465],[-74.297353,-50.480645],[-74.493031,-50.261489],[-74.683013,-50.209405],[-74.57372,-50.099298],[-74.250722,-50.080987],[-74.322255,-49.632501],[-74.214915,-49.523126],[-74.424143,-49.371189],[-74.400543,-48.974786],[-74.453481,-48.830987],[-74.392161,-48.599054],[-74.197133,-48.473321],[-74.31786,-48.212091],[-74.442494,-48.182387],[-74.625409,-48.004227],[-74.415395,-47.983657],[-73.891103,-48.022231],[-73.591705,-48.14072],[-73.709706,-47.776056],[-73.923695,-47.842706],[-74.07372,-47.773045],[-74.628407,-47.767755],[-74.736236,-47.704522],[-74.612131,-47.568455],[-74.419911,-47.563409],[-74.528879,-47.422296],[-74.324696,-47.218927],[-74.139068,-47.222345],[-73.957631,-47.060317],[-74.118642,-46.988051],[-74.266835,-46.781671],[-74.650868,-46.788344],[-74.680979,-46.883884],[-75.016184,-46.719334],[-75.083363,-46.640883],[-75.437245,-46.649835],[-75.35261,-46.900567],[-75.551747,-46.948337],[-75.707021,-46.786554],[-75.704701,-46.639255],[-75.517079,-46.554295],[-75.390452,-46.427341],[-75.090688,-46.216078],[-74.958119,-46.215265],[-74.713368,-45.98447],[-74.690907,-45.841567],[-74.189361,-45.793634],[-73.769846,-46.234552],[-73.794179,-46.361586],[-73.989166,-46.559747],[-73.831614,-46.577895],[-73.74234,-46.420994],[-73.58019,-46.310235],[-73.648101,-46.194757],[-73.660553,-45.975681],[-73.55484,-45.877618],[-73.575185,-45.72324],[-73.517323,-45.460382],[-73.327707,-45.340916],[-73.460683,-45.26629],[-73.304433,-45.144789],[-73.406077,-45.026056],[-73.348256,-44.957778],[-73.117096,-44.948337],[-72.810048,-44.767755],[-72.727651,-44.758559],[-72.686757,-44.488458],[-73.27774,-44.11004],[-73.13915,-43.985121],[-72.97936,-43.761163],[-72.973012,-43.621352],[-73.111318,-43.461033],[-73.084584,-43.316339],[-72.91218,-43.235447],[-72.934438,-43.09824],[-72.761057,-43.009047],[-72.842193,-42.838067],[-72.864858,-42.620864],[-72.823842,-42.504164],[-72.67984,-42.504164],[-72.809722,-42.243259],[-72.619944,-42.184747],[-72.488026,-42.064711],[-72.737294,-42.01393],[-72.863596,-41.905938],[-72.645131,-41.722833],[-72.751576,-41.548435],[-72.957265,-41.483575],[-73.111887,-41.586196],[-73.059193,-41.697442],[-73.201405,-41.784763],[-73.515045,-41.803643],[-73.659983,-41.757501],[-73.694081,-41.59238],[-73.798166,-41.565688],[-73.946904,-40.972841],[-73.841495,-40.666707],[-73.728498,-40.54418],[-73.780914,-40.43727],[-73.735015,-40.174737],[-73.659983,-40.109552],[-73.683217,-39.942478],[-73.401926,-39.804132],[-73.406077,-39.69492],[-73.241567,-39.489516],[-73.221099,-39.341729],[-73.283437,-39.075291],[-73.543284,-38.420668],[-73.462799,-38.091729],[-73.503245,-37.933282],[-73.66808,-37.719415],[-73.677642,-37.57936],[-73.604115,-37.512384],[-73.671783,-37.362563],[-73.607574,-37.15545],[-73.467397,-37.234633],[-73.209055,-37.160252],[-73.166516,-36.969903]],[[-59.286773,-80.209649],[-59.757436,-80.335707],[-59.819,-80.744887],[-60.652659,-80.960382],[-62.522084,-80.864923],[-62.958485,-80.775323],[-63.141103,-80.592462],[-63.792348,-80.606134],[-64.284779,-80.751153],[-66.700917,-80.412367],[-65.918446,-80.394952],[-61.750356,-80.368341],[-61.515859,-80.241876],[-61.806142,-80.050877],[-61.238108,-79.984959],[-61.466054,-79.881606],[-60.403147,-79.757257],[-59.820627,-79.76922],[-59.77595,-80.04518],[-59.286773,-80.209649]],[[-66.149078,-79.628188],[-66.271799,-79.721449],[-65.565785,-79.812677],[-65.511586,-79.964532],[-66.222727,-80.086358],[-66.419301,-79.960382],[-66.973012,-79.921645],[-66.933339,-79.792576],[-67.832102,-79.57936],[-66.91808,-79.566095],[-66.149078,-79.628188]],[[-68.233062,-79.285903],[-67.613108,-79.211521],[-67.059071,-79.261326],[-67.511057,-79.397231],[-67.467885,-79.506036],[-68.39269,-79.470798],[-68.233062,-79.285903]],[[-33.916493,-79.312595],[-34.070872,-79.361505],[-36.726389,-79.29811],[-36.659576,-79.223077],[-35.844146,-79.168634],[-35.503407,-79.090102],[-34.020863,-79.268487],[-33.916493,-79.312595]],[[-66.734364,-78.441827],[-68.946441,-79.097263],[-69.800852,-79.468845],[-69.646555,-79.603774],[-70.341786,-79.696873],[-71.444163,-79.652927],[-71.815663,-79.479181],[-71.752919,-79.325128],[-71.395416,-79.101739],[-70.592763,-78.885919],[-69.833363,-78.799737],[-69.437245,-78.687107],[-66.992909,-78.306736],[-66.734364,-78.441827]],[[-52.518788,-80.200128],[-50.263661,-79.53574],[-50.460072,-79.312107],[-50.713124,-79.281671],[-50.214426,-78.83294],[-50.204091,-78.593032],[-49.278066,-78.20086],[-49.072336,-78.042169],[-47.222524,-77.772638],[-45.934071,-77.817071],[-44.514556,-78.042169],[-43.818837,-78.248305],[-43.718251,-78.367446],[-43.963124,-78.603285],[-45.155751,-78.661879],[-45.218984,-78.818943],[-43.739003,-78.800551],[-43.459869,-78.955499],[-43.348459,-79.23919],[-42.971547,-79.429946],[-43.015736,-79.849786],[-43.531565,-80.199965],[-45.911435,-80.386764],[-49.719228,-80.685642],[-49.798004,-80.790948],[-54.16161,-80.87713],[-54.407826,-80.740004],[-54.163808,-80.530043],[-53.457631,-80.160903],[-52.518788,-80.200128]],[[-20.366567,-74.425388],[-20.80663,-74.475193],[-20.959828,-74.238539],[-21.299469,-74.10589],[-21.336049,-74.003676],[-21.009511,-73.870538],[-20.924387,-73.70436],[-20.495839,-73.793715],[-20.69286,-74.101983],[-20.366567,-74.425388]],[[-73.88683,-73.12005],[-73.522532,-73.130141],[-73.891672,-73.365492],[-74.145619,-73.3235],[-73.88683,-73.12005]],[[-89.892445,-72.884535],[-89.330678,-72.927992],[-89.585072,-73.070408],[-90.132476,-73.094415],[-89.892445,-72.884535]],[[-74.846791,-72.866632],[-74.503977,-72.882094],[-74.218577,-72.990818],[-74.386098,-73.102716],[-74.552358,-73.387384],[-74.360911,-73.460382],[-74.593129,-73.614516],[-75.874582,-73.346612],[-76.126129,-73.158787],[-75.501088,-72.989353],[-75.761545,-72.896417],[-75.295806,-72.819513],[-74.846791,-72.866632]],[[-74.912668,-71.02337],[-76.130442,-71.137872],[-76.34557,-71.122979],[-76.542551,-70.96559],[-76.108998,-70.83766],[-75.199818,-70.776625],[-74.820872,-70.607029],[-73.883901,-70.570571],[-73.547475,-70.716241],[-73.618886,-70.774998],[-74.400502,-70.975274],[-74.912668,-71.02337]],[[-60.435292,-70.596775],[-60.857533,-70.709161],[-60.955678,-70.537774],[-60.569976,-70.507257],[-60.435292,-70.596775]],[[-3.430409,-70.538507],[-3.260487,-70.331231],[-2.833811,-70.281427],[-2.685048,-70.472345],[-2.829823,-70.523696],[-3.430409,-70.538507]],[[-75.48351,-70.133722],[-75.831695,-70.016371],[-75.778798,-69.923272],[-74.962799,-69.716892],[-74.407135,-69.937677],[-74.642445,-69.991876],[-74.63683,-70.122247],[-74.873158,-70.183526],[-75.48351,-70.133722]],[[-72.84553,-69.585626],[-72.833404,-69.425551],[-72.398549,-69.465265],[-72.14037,-69.624119],[-72.205312,-69.73447],[-72.771799,-69.649835],[-72.84553,-69.585626]],[[-61.755483,-69.454278],[-62.120839,-69.688897],[-62.198842,-69.508071],[-62.579172,-69.189142],[-62.192047,-69.186212],[-61.755483,-69.454278]],[[-71.460072,-72.629164],[-72.408274,-72.674493],[-73.109242,-72.473403],[-73.091624,-72.383396],[-72.676747,-72.271254],[-71.871083,-72.34881],[-70.709706,-72.396417],[-70.183339,-72.273858],[-70.457672,-72.140232],[-71.043772,-72.257582],[-71.552642,-72.278416],[-72.011586,-72.119724],[-71.086985,-72.049574],[-70.719716,-71.905694],[-71.830556,-71.80283],[-72.338938,-71.613458],[-72.688873,-71.753513],[-72.711537,-71.860935],[-73.035064,-71.926446],[-73.504628,-71.835545],[-73.878896,-71.86419],[-73.501332,-72.012465],[-74.00475,-72.173517],[-74.396799,-72.040297],[-74.815989,-72.064874],[-75.356028,-71.923598],[-75.403717,-71.670831],[-74.885854,-71.528416],[-74.390248,-71.668145],[-74.42276,-71.428318],[-74.122182,-71.382989],[-73.458811,-71.59531],[-73.336415,-71.536798],[-73.669301,-71.367934],[-73.407948,-71.315362],[-72.757395,-71.404555],[-72.315297,-71.288832],[-72.895863,-71.230401],[-73.124582,-71.143976],[-72.786122,-71.062758],[-72.395416,-71.065118],[-71.690053,-71.158868],[-71.025502,-70.962172],[-70.208485,-70.98797],[-69.952545,-70.878839],[-70.701283,-70.831801],[-71.166086,-70.755955],[-71.26651,-70.680108],[-70.998606,-70.465753],[-70.117502,-70.329767],[-70.230702,-70.136326],[-70.779775,-70.125665],[-70.93928,-70.216404],[-71.316884,-70.177341],[-71.912221,-69.965916],[-71.91161,-69.708266],[-71.742055,-69.646905],[-71.615875,-69.454848],[-72.142079,-69.232354],[-72.168121,-69.055759],[-72.012685,-68.955499],[-71.403798,-68.86004],[-70.402089,-68.786798],[-70.10558,-68.89072],[-70.077219,-69.291111],[-69.702789,-69.316095],[-69.478383,-69.555759],[-69.317128,-69.625909],[-69.284779,-69.92311],[-68.720367,-70.369073],[-68.466298,-70.614516],[-68.299184,-70.869073],[-68.238108,-71.168878],[-68.273915,-71.436619],[-68.161244,-71.606378],[-68.414133,-72.219659],[-68.668691,-72.216729],[-69.138783,-72.375421],[-69.21817,-72.542901],[-70.523834,-72.667576],[-71.460072,-72.629164]],[[-67.288197,-67.730076],[-67.647084,-67.776951],[-67.766265,-67.667657],[-67.495717,-67.589044],[-67.183705,-67.599786],[-67.288197,-67.730076]],[[-69.109283,-67.626153],[-69.154897,-67.475681],[-68.837473,-67.266778],[-68.377838,-66.820733],[-67.860463,-66.625665],[-67.641957,-66.683201],[-67.913401,-66.811456],[-68.026235,-66.940606],[-67.97643,-67.066502],[-67.676829,-67.148045],[-68.250966,-67.369317],[-67.965159,-67.394627],[-68.139027,-67.571466],[-68.884592,-67.762465],[-69.109283,-67.626153]],[[-62.906443,-64.521173],[-63.335805,-64.758966],[-63.650706,-64.816502],[-64.029164,-64.774509],[-64.199534,-64.592055],[-63.902943,-64.534763],[-63.574941,-64.265232],[-63.313222,-64.254978],[-63.331695,-64.445082],[-62.906443,-64.521173]],[[-62.656565,-64.503025],[-62.665842,-64.392185],[-62.469309,-64.248468],[-62.623402,-64.130548],[-62.478179,-64.014581],[-62.060374,-64.227309],[-62.385487,-64.465997],[-62.656565,-64.503025]],[[-57.513336,-64.340997],[-58.193471,-64.381036],[-58.278188,-64.298435],[-58.131093,-64.102227],[-58.460357,-64.085707],[-58.25768,-63.906834],[-57.8072,-63.818129],[-57.829579,-64.074802],[-57.52123,-64.020929],[-57.155385,-64.085138],[-57.513336,-64.340997]],[[-55.719594,-63.475356],[-55.964915,-63.581476],[-56.206654,-63.436212],[-55.806386,-63.407403],[-55.719594,-63.475356]],[[-55.159373,-63.203871],[-55.172719,-63.357599],[-55.901357,-63.296645],[-56.094879,-63.388767],[-56.450266,-63.429295],[-56.547515,-63.346368],[-56.369537,-63.228123],[-55.974517,-63.146905],[-55.575673,-63.129083],[-55.159373,-63.203871]],[[-56.545969,-63.099298],[-56.468739,-62.976332],[-56.047719,-63.017022],[-56.273508,-63.178481],[-56.545969,-63.099298]],[[-61.16039,-62.663344],[-60.674794,-62.548598],[-60.491078,-62.577081],[-60.010854,-62.525649],[-59.98941,-62.630141],[-60.245961,-62.752862],[-60.379221,-62.610121],[-60.811757,-62.67197],[-61.16039,-62.663344]],[[-58.466908,-62.160414],[-58.584625,-62.248956],[-58.946034,-62.158787],[-58.678212,-62.004002],[-58.414052,-61.933282],[-58.007883,-61.904474],[-57.812652,-62.013849],[-58.139963,-62.056248],[-58.242828,-62.181573],[-58.466908,-62.160414]],[[-67.999257,-55.627537],[-68.143788,-55.672947],[-68.252512,-55.524509],[-68.602528,-55.462335],[-68.865346,-55.505304],[-68.967356,-55.429946],[-68.855824,-55.257501],[-69.272125,-55.213474],[-69.607655,-55.365492],[-70.031484,-55.153253],[-69.885976,-55.063572],[-69.426503,-55.031345],[-69.319651,-54.993341],[-68.834381,-54.981541],[-68.441151,-54.939711],[-68.334828,-55.062433],[-68.530588,-55.109796],[-68.239166,-55.29225],[-68.239573,-55.398533],[-67.999257,-55.627537]],[[-67.883168,-55.243829],[-68.15689,-55.196059],[-68.18635,-54.978204],[-67.941803,-54.90545],[-67.301829,-54.928888],[-67.061879,-55.072035],[-67.08849,-55.190525],[-67.270619,-55.306899],[-67.423248,-55.216485],[-67.647369,-55.261489],[-67.883168,-55.243829]],[[-70.295155,-55.082452],[-70.71581,-55.122817],[-70.991119,-55.033624],[-70.987213,-54.948419],[-70.509674,-54.988214],[-70.295155,-55.082452]],[[-69.904164,-54.996759],[-69.928293,-54.897638],[-69.671457,-54.866469],[-69.234934,-54.931899],[-69.776438,-55.034601],[-69.904164,-54.996759]],[[-63.888417,-54.729913],[-64.607167,-54.900567],[-64.758656,-54.832289],[-64.375478,-54.721368],[-63.888417,-54.729913]],[[-35.908803,-54.68727],[-35.887318,-54.784438],[-36.101796,-54.887465],[-36.298818,-54.743585],[-36.463287,-54.53753],[-36.813385,-54.445001],[-37.153391,-54.257501],[-37.368276,-54.277439],[-37.388092,-54.147719],[-37.724517,-54.133477],[-37.614654,-54.037856],[-37.169667,-54.044041],[-36.621571,-54.119806],[-36.675649,-54.249444],[-36.394439,-54.242771],[-36.041982,-54.463962],[-35.908803,-54.68727]],[[-71.63093,-54.07879],[-71.657053,-53.983168],[-71.463287,-53.941583],[-71.301503,-53.991469],[-71.214508,-54.150079],[-71.012522,-54.100844],[-70.990142,-54.265802],[-71.113881,-54.379815],[-71.499867,-54.211033],[-71.63093,-54.07879]],[[-72.015126,-54.202325],[-72.228017,-54.058364],[-72.258168,-53.945082],[-71.945709,-53.852797],[-71.727284,-53.898614],[-71.71345,-54.147719],[-72.015126,-54.202325]],[[-70.455036,-53.611598],[-70.452219,-53.886895],[-70.336277,-54.007403],[-70.540435,-54.221612],[-70.822743,-54.113539],[-70.881505,-53.842264],[-70.71288,-53.70143],[-70.455036,-53.611598]],[[-72.529652,-54.075372],[-72.817047,-54.126642],[-72.933746,-54.058364],[-72.743072,-53.89365],[-73.066477,-53.831313],[-73.204091,-53.989435],[-73.362457,-53.713311],[-73.584706,-53.582778],[-73.131703,-53.48919],[-72.655873,-53.536798],[-72.397288,-53.633477],[-72.187001,-53.776544],[-72.328481,-53.839614],[-72.385162,-53.981052],[-72.529652,-54.075372]],[[-73.207428,-53.317804],[-73.420318,-53.283136],[-73.880442,-53.057712],[-74.262603,-53.091241],[-74.407216,-52.913751],[-73.875885,-53.003188],[-73.435129,-53.140232],[-73.207428,-53.317804]],[[-65.155588,-54.640558],[-65.332265,-54.913832],[-65.499664,-54.933038],[-65.966225,-54.902073],[-65.993355,-54.972366],[-66.540508,-55.051046],[-66.802805,-54.94256],[-67.030995,-54.905206],[-68.328236,-54.84238],[-69.067006,-54.948826],[-69.794911,-54.787693],[-70.239735,-54.857843],[-70.610504,-54.780694],[-71.289662,-54.676446],[-71.477366,-54.676446],[-71.940012,-54.510837],[-71.725006,-54.40545],[-71.010854,-54.448663],[-70.860341,-54.317804],[-70.427642,-54.437677],[-70.577707,-54.274835],[-70.86856,-54.246189],[-70.932688,-54.113539],[-70.322499,-54.325291],[-70.072987,-54.248793],[-69.500478,-54.342218],[-70.056752,-54.087009],[-70.185292,-53.811293],[-70.136952,-53.738702],[-69.65144,-53.636231],[-69.360842,-53.521675],[-69.352651,-53.355727],[-69.675473,-53.358358],[-70.256703,-53.461033],[-70.473541,-53.309259],[-70.418993,-53.011716],[-70.243452,-53.061725],[-70.089175,-52.911063],[-70.257202,-52.868296],[-70.128615,-52.732282],[-70.001133,-52.841734],[-69.734351,-52.774459],[-69.591011,-52.641873],[-69.583892,-52.509861],[-69.374159,-52.47029],[-69.140248,-52.68377],[-68.745961,-52.556899],[-68.594879,-52.654229],[-68.265981,-52.980645],[-68.520715,-53.120631],[-68.451351,-53.297717],[-68.111402,-53.343802],[-67.983632,-53.601332],[-67.558248,-53.836189],[-67.571523,-53.907973],[-67.29776,-54.053806],[-66.766582,-54.249842],[-66.482213,-54.4658],[-65.844228,-54.647393],[-65.155588,-54.640558]],[[-73.837392,-52.70086],[-74.127781,-52.665915],[-73.894885,-52.408141],[-73.677887,-52.473321],[-73.837392,-52.70086]],[[-74.43456,-51.844903],[-74.31786,-51.762384],[-74.096303,-51.877374],[-74.242177,-51.940606],[-74.43456,-51.844903]],[[-59.632395,-51.741306],[-59.871734,-51.948989],[-60.259877,-51.985447],[-60.360422,-52.153578],[-60.53661,-52.217055],[-60.796783,-52.172052],[-60.88679,-52.036228],[-60.399892,-51.916599],[-60.454742,-51.799981],[-60.610178,-51.742771],[-60.248769,-51.611586],[-60.490387,-51.526462],[-60.478017,-51.435724],[-60.153147,-51.487481],[-60.029612,-51.392511],[-59.748525,-51.447035],[-59.255971,-51.387384],[-59.433176,-51.621352],[-59.632395,-51.741306]],[[-57.816233,-51.693536],[-58.144399,-51.762302],[-58.604482,-52.002048],[-58.947743,-52.056573],[-59.138295,-51.983331],[-59.221669,-52.207208],[-59.385976,-52.111912],[-59.466705,-52.295668],[-59.628285,-52.11061],[-59.581288,-51.91131],[-59.363759,-51.822361],[-59.100697,-51.621759],[-59.014272,-51.491795],[-59.084299,-51.40602],[-58.481435,-51.300958],[-58.329091,-51.416274],[-57.906402,-51.376642],[-57.780995,-51.619399],[-57.816233,-51.693536]],[[-74.739003,-51.368585],[-74.962799,-51.32936],[-74.79308,-51.211196],[-74.601918,-51.205987],[-74.594228,-51.399509],[-74.739003,-51.368585]],[[-74.385569,-50.981052],[-74.634389,-51.040134],[-74.893219,-51.049249],[-74.878651,-50.886326],[-74.625478,-50.9249],[-74.550649,-50.751642],[-74.394928,-50.869806],[-74.385569,-50.981052]],[[-75.126047,-50.494317],[-75.290435,-50.645766],[-75.482289,-50.675063],[-75.427642,-50.514825],[-75.126047,-50.494317]],[[-74.310414,-50.834161],[-74.517079,-50.731622],[-74.581207,-50.633559],[-74.383127,-50.455987],[-74.186106,-50.833103],[-74.310414,-50.834161]],[[-75.040639,-50.289483],[-75.460927,-50.35003],[-75.39745,-50.171645],[-75.197987,-50.25628],[-75.133412,-50.083429],[-74.952138,-50.108819],[-75.040639,-50.289483]],[[-75.44811,-49.774998],[-75.617387,-49.864223],[-75.61352,-49.636375],[-75.355339,-49.610176],[-75.211293,-49.792739],[-75.44811,-49.774998]],[[-75.215403,-49.014581],[-75.315053,-48.965509],[-75.647369,-48.966892],[-75.614735,-48.858657],[-75.305979,-48.864923],[-75.215403,-49.014581]],[[-75.198313,-49.771173],[-75.467275,-49.332696],[-75.427235,-49.279474],[-74.930165,-49.314223],[-74.804514,-49.103936],[-74.954701,-49.007094],[-75.051503,-48.857029],[-74.985015,-48.759047],[-74.756337,-48.678155],[-74.525502,-48.722833],[-74.475494,-48.946384],[-74.44815,-49.322442],[-74.536366,-49.507989],[-74.420522,-49.68963],[-74.485463,-49.953058],[-74.660634,-50.050551],[-74.867747,-50.016209],[-74.961537,-49.785252],[-75.198313,-49.771173]],[[-75.328359,-48.552179],[-75.339915,-48.614841],[-75.626129,-48.632013],[-75.606435,-48.439223],[-75.3662,-48.452895],[-75.328359,-48.552179]],[[-74.499135,-48.583185],[-74.621002,-48.691827],[-74.947133,-48.619561],[-75.03307,-48.50449],[-74.819976,-48.403497],[-74.798655,-48.266371],[-74.667348,-48.264255],[-74.499135,-48.583185]],[[-75.160756,-48.298435],[-75.256337,-48.068617],[-75.017505,-48.08302],[-74.82782,-48.145492],[-74.837392,-48.344822],[-75.031117,-48.44378],[-75.160756,-48.298435]],[[-75.149892,-48.65838],[-75.304107,-48.577732],[-75.270619,-48.418145],[-75.555002,-48.378595],[-75.520497,-48.233168],[-75.585317,-48.085707],[-75.378082,-48.008233],[-75.071401,-48.596287],[-75.149892,-48.65838]],[[-75.270619,-48.027765],[-75.207021,-47.916947],[-74.942926,-47.883666],[-74.727379,-48.105892],[-75.102406,-47.990167],[-75.270619,-48.027765]],[[-74.413726,-47.938246],[-74.245229,-47.80641],[-73.931386,-47.880141],[-74.318471,-47.981215],[-74.413726,-47.938246]],[[-74.752919,-45.80755],[-74.766347,-45.988865],[-74.919667,-46.104181],[-75.07433,-46.093845],[-75.112945,-45.885675],[-74.889394,-45.881931],[-74.752919,-45.80755]],[[-74.502838,-45.732354],[-74.421254,-45.454278],[-74.293528,-45.479099],[-74.207997,-45.635512],[-74.341624,-45.733087],[-74.502838,-45.732354]],[[-73.666168,-45.436944],[-73.586008,-45.480157],[-73.680409,-45.752862],[-73.818267,-45.642511],[-73.666168,-45.436944]],[[-73.731923,-45.214776],[-74.007395,-45.23211],[-74.206939,-45.042657],[-73.914703,-44.995294],[-73.714589,-45.11419],[-73.731923,-45.214776]],[[-73.926829,-44.628839],[-74.01183,-44.716485],[-74.279693,-44.803806],[-74.400543,-44.626072],[-74.025624,-44.603123],[-73.926829,-44.628839]],[[-73.382476,-44.587823],[-73.26122,-44.477227],[-73.002024,-44.361261],[-72.721181,-44.528009],[-72.837636,-44.710138],[-73.14745,-44.911879],[-73.256988,-44.940037],[-73.407582,-44.822442],[-73.468129,-44.642511],[-73.382476,-44.587823]],[[-74.143938,-43.827551],[-73.865387,-43.789321],[-73.762318,-43.88893],[-73.995717,-43.9367],[-74.143938,-43.827551]],[[-74.334625,-43.281671],[-74.338368,-43.10003],[-74.22952,-43.022877],[-74.127507,-42.671133],[-74.189618,-42.431906],[-74.1471,-42.216524],[-74.053336,-42.130345],[-74.055287,-41.945001],[-73.690989,-41.809015],[-73.537017,-41.84002],[-73.489084,-42.145603],[-73.374013,-42.25742],[-73.681549,-42.37005],[-73.707672,-42.538344],[-73.809153,-42.608657],[-73.516672,-42.789239],[-73.649729,-42.883233],[-73.490061,-43.10003],[-73.721425,-43.141697],[-73.681732,-43.381102],[-73.877004,-43.421959],[-74.293381,-43.319965],[-74.334625,-43.281671]],[[-29.618316,-79.911228],[-29.989084,-79.96559],[-31.541737,-79.898533],[-32.089467,-79.809259],[-32.024403,-79.649672],[-31.591664,-79.648696],[-31.095448,-79.810724],[-29.906239,-79.815037],[-29.618316,-79.911228]],[[-2.717681,-70.820082],[-2.080719,-70.825616],[-2.56432,-71.132582],[-2.843617,-71.055597],[-3.187734,-70.82464],[-3.180776,-70.668064],[-2.618072,-70.697686],[-2.717681,-70.820082]],[[-5.939849,-70.422621],[-5.884918,-70.549412],[-6.119252,-70.612888],[-6.416249,-70.471612],[-5.939849,-70.422621]],[[-90.901601,-72.819757],[-90.739898,-72.864435],[-90.917714,-73.101251],[-91.524648,-73.19256],[-91.333404,-72.897556],[-91.686513,-72.609959],[-91.044179,-72.543145],[-90.757965,-72.697442],[-90.901601,-72.819757]],[[-94.491444,-72.522393],[-94.50475,-72.632745],[-95.201243,-72.677341],[-95.197825,-72.588637],[-94.491444,-72.522393]],[[-95.499216,-72.315606],[-95.515492,-72.402032],[-96.022572,-72.436456],[-96.054758,-72.583673],[-96.936106,-72.580173],[-97.259023,-72.507094],[-97.599355,-72.557224],[-98.580149,-72.572849],[-98.535471,-72.464125],[-99.396555,-72.498224],[-99.186431,-72.375421],[-99.764638,-72.373468],[-100.205312,-72.271254],[-101.609242,-72.188735],[-102.292226,-72.126723],[-102.087026,-71.973891],[-100.437367,-71.879327],[-99.944407,-71.893813],[-99.749501,-72.040297],[-99.401357,-71.943292],[-99.000396,-72.083917],[-98.785471,-72.002374],[-99.104075,-71.921645],[-98.828114,-71.760512],[-98.531646,-71.756768],[-97.982411,-71.859633],[-98.228627,-72.045017],[-97.852528,-72.116957],[-97.828847,-71.933364],[-97.407867,-71.986586],[-97.590932,-72.08408],[-97.305653,-72.176853],[-97.048207,-71.876397],[-96.360463,-71.835056],[-96.065338,-71.913832],[-96.441274,-72.193455],[-95.715932,-72.104587],[-95.499216,-72.315606]],[[-162.339833,-82.923761],[-161.575795,-83.024347],[-162.402415,-83.14837],[-163.261301,-83.080987],[-163.749705,-82.833591],[-162.339833,-82.923761]],[[-160.571116,-81.598891],[-163.728505,-81.481622],[-163.851186,-81.318943],[-162.983876,-81.270278],[-160.67573,-81.462823],[-160.571116,-81.598891]],[[-159.842152,-79.348565],[-158.974843,-79.722345],[-159.069814,-79.81878],[-160.71288,-79.854587],[-163.936635,-79.411716],[-164.297841,-79.230076],[-164.148061,-78.99212],[-163.265004,-78.757257],[-162.35322,-78.752618],[-159.842152,-79.348565]],[[-149.728749,-77.12949],[-150.42158,-77.089776],[-150.782541,-76.970798],[-149.962595,-76.870701],[-149.44286,-77.024998],[-149.728749,-77.12949]],[[-130.920481,-74.444268],[-131.205922,-74.60711],[-132.181264,-74.423761],[-131.806264,-74.321954],[-130.920481,-74.444268]],[[-127.128489,-74.469415],[-127.215932,-74.588149],[-127.551747,-74.64365],[-127.905629,-74.552992],[-128.189198,-74.316095],[-127.758046,-74.342706],[-127.128489,-74.469415]],[[-116.140696,-73.90252],[-116.599355,-74.141778],[-117.196401,-74.200291],[-117.371083,-74.079767],[-116.403391,-73.867283],[-116.140696,-73.90252]],[[-119.821034,-74.120782],[-119.636098,-74.001235],[-119.811635,-73.887953],[-119.494944,-73.772556],[-118.974436,-73.804864],[-119.003774,-73.983575],[-119.500071,-74.106622],[-119.821034,-74.120782]],[[-120.26122,-73.92783],[-120.275543,-74.003188],[-121.004018,-74.14837],[-121.099029,-74.348077],[-122.243479,-74.413263],[-122.903798,-74.337009],[-123.028188,-74.248305],[-122.731068,-73.997735],[-123.289133,-73.774509],[-123.065582,-73.675388],[-120.686431,-73.767267],[-120.647369,-73.896742],[-120.26122,-73.92783]],[[-127.473175,-73.549574],[-127.303212,-73.318129],[-126.52717,-73.268324],[-126.104075,-73.296157],[-125.599273,-73.429376],[-125.270009,-73.698826],[-124.948842,-73.814386],[-124.629506,-73.730727],[-124.112172,-73.832696],[-124.208811,-73.93434],[-123.78303,-74.109633],[-124.244985,-74.214776],[-124.78425,-74.226007],[-125.109283,-74.122817],[-125.718902,-74.040297],[-125.812734,-73.966567],[-126.475453,-73.842218],[-126.546539,-73.670343],[-127.473175,-73.549574]],[[-50.819203,-0.620212],[-50.843129,-0.715997],[-51.100413,-0.826267],[-51.100413,-0.730645],[-50.95641,-0.60711],[-50.819203,-0.620212]],[[-51.186025,-0.613946],[-51.155629,-0.681573],[-51.271148,-1.017673],[-51.331451,-1.009942],[-51.434804,-1.1867],[-51.785634,-1.449965],[-51.954091,-1.422459],[-51.872467,-1.243259],[-51.717885,-1.129653],[-51.675771,-0.846775],[-51.505116,-0.60711],[-51.308339,-0.518731],[-51.186025,-0.613946]],[[-48.462514,-0.576104],[-48.537506,-0.894464],[-48.612945,-0.932875],[-48.642812,-1.083591],[-48.84203,-1.213311],[-48.79308,-1.279718],[-48.839223,-1.44256],[-49.065785,-1.531915],[-49.181874,-1.401625],[-49.222768,-1.621189],[-49.556549,-1.64544],[-49.558705,-1.724216],[-49.823557,-1.816583],[-50.052073,-1.703871],[-50.155019,-1.778985],[-50.405181,-1.830987],[-50.559722,-1.799493],[-50.58788,-1.684503],[-50.804189,-1.424981],[-50.778228,-1.17254],[-50.798166,-0.91131],[-50.779897,-0.660577],[-50.69636,-0.36004],[-50.583363,-0.192153],[-50.411488,-0.164483],[-50.368153,-0.105645],[-50.095774,-0.132257],[-49.653472,-0.241143],[-49.42516,-0.230401],[-49.215403,-0.141209],[-48.927049,-0.158809],[-48.891957,-0.215916],[-48.60143,-0.22617],[-48.427235,-0.259942],[-48.373118,-0.373712],[-48.462514,-0.576104]],[[-50.973744,-0.291192],[-51.032786,-0.168227],[-50.947266,-0.011974],[-50.766004,0.046367],[-50.627431,-0.085707],[-50.923411,-0.330499],[-50.973744,-0.291192]],[[-49.832346,-0.103123],[-49.628082,0.057603],[-49.428212,0.071275],[-49.347524,-0.009698],[-49.43871,-0.120538],[-49.686879,-0.135431],[-49.832346,-0.103123]],[[-50.634267,0.071275],[-50.610585,0.183417],[-50.446497,0.125851],[-50.447499,-0.015151],[-50.634267,0.071275]],[[-50.036888,0.299741],[-49.921622,0.292786],[-49.650227,0.386373],[-49.52895,0.300815],[-49.692372,0.205024],[-49.829701,0.011298],[-50.004506,-0.052789],[-50.069447,0.016588],[-50.297597,0.01203],[-50.383656,0.129869],[-50.366811,0.214504],[-50.107289,0.222154],[-50.036888,0.299741]],[[-50.378021,0.24499],[-50.516754,0.208645],[-50.34732,0.571275],[-50.323285,0.28696],[-50.378021,0.24499]],[[-50.312123,0.413967],[-50.242096,0.592963],[-50.038442,0.60635],[-50.042714,0.510321],[-50.281446,0.356552],[-50.312123,0.413967]],[[-50.202416,0.749692],[-50.274952,0.809114],[-50.132123,0.914214],[-50.015723,0.892493],[-50.103383,0.755683],[-50.202416,0.749692]],[[-45.213735,-23.906508],[-45.385732,-23.938084],[-45.447377,-23.877211],[-45.324696,-23.725274],[-45.228098,-23.772393],[-45.213735,-23.906508]],[[-80.059885,-2.662774],[-79.94579,-2.706638],[-80.131033,-3.020921],[-80.26594,-3.018487],[-80.262204,-2.840848],[-80.210683,-2.724867],[-80.059885,-2.662774]],[[-89.308095,-0.685642],[-89.254791,-0.719171],[-89.434722,-0.929295],[-89.631418,-0.916681],[-89.413238,-0.713474],[-89.308095,-0.685642]],[[-50.454358,2.110941],[-50.312496,1.947065],[-50.458608,1.881008],[-50.523813,2.001482],[-50.454358,2.110941]],[[-61.002268,10.699368],[-61.04247,10.509955],[-60.998443,10.355943],[-60.996002,10.138251],[-61.19164,10.073798],[-61.637034,10.057807],[-61.712066,10.163642],[-61.458363,10.302191],[-61.472279,10.594875],[-61.602122,10.747748],[-61.366567,10.802965],[-61.180084,10.797553],[-60.948842,10.845282],[-61.002268,10.699368]],[[-63.846832,11.135403],[-63.793446,11.001125],[-63.898061,10.884955],[-64.042633,10.868476],[-64.175852,10.967475],[-64.408559,10.967475],[-64.370595,11.062486],[-64.198313,11.087633],[-64.049062,10.990709],[-63.985829,11.10928],[-63.846832,11.135403]],[[-59.42691,13.160386],[-59.50886,13.057318],[-59.608144,13.084662],[-59.654205,13.295111],[-59.42691,13.160386]],[[-61.167348,13.146064],[-61.271352,13.18651],[-61.212026,13.368883],[-61.123931,13.308254],[-61.167348,13.146064]],[[-60.88679,14.010077],[-60.940785,13.722113],[-61.048166,13.76732],[-61.075917,13.890367],[-60.933461,14.111884],[-60.88679,14.010077]],[[-60.810414,14.461982],[-61.005971,14.476264],[-61.159576,14.666938],[-61.228831,14.821967],[-61.170969,14.87637],[-61.002268,14.811428],[-60.848378,14.596096],[-60.810414,14.461982]],[[-61.362864,15.201809],[-61.488922,15.535712],[-61.468984,15.633857],[-61.307688,15.57925],[-61.267161,15.507799],[-61.256663,15.285346],[-61.362864,15.201809]],[[-61.551666,16.285549],[-61.557729,16.08633],[-61.694936,15.949164],[-61.768625,16.087633],[-61.797353,16.2508],[-61.722035,16.350898],[-61.551666,16.285549]],[[-61.544179,16.285386],[-61.534291,16.449286],[-61.188385,16.263821],[-61.503407,16.213284],[-61.544179,16.285386]],[[-65.628814,18.279202],[-65.830269,18.026907],[-65.939117,17.970526],[-66.163238,17.929145],[-66.76594,17.984361],[-66.924224,17.949612],[-67.214771,17.966335],[-67.151858,18.203392],[-67.270842,18.361826],[-67.101715,18.522773],[-66.907316,18.485325],[-66.640859,18.496405],[-65.988881,18.46308],[-65.6632,18.366414],[-65.628814,18.279202]],[[-76.263743,18.012356],[-76.307362,17.870103],[-76.523549,17.860256],[-76.849967,17.992276],[-76.955312,17.833441],[-77.141652,17.881134],[-77.216054,17.716702],[-77.441029,17.864651],[-77.723866,17.853583],[-77.956288,18.032172],[-78.075185,18.198432],[-78.340728,18.221869],[-78.331939,18.367377],[-78.194976,18.455471],[-77.981353,18.441352],[-77.902333,18.518785],[-77.272613,18.459377],[-77.137359,18.408922],[-76.894919,18.409251],[-76.764638,18.273017],[-76.351145,18.155992],[-76.263743,18.012356]],[[-73.258656,18.878485],[-73.200795,18.968695],[-72.846099,18.827094],[-72.808746,18.720404],[-73.037424,18.759589],[-73.258656,18.878485]],[[-68.356191,18.656562],[-68.334055,18.577297],[-68.444325,18.419501],[-68.574534,18.37816],[-68.658437,18.210924],[-68.742991,18.204535],[-68.849599,18.374823],[-69.085439,18.395901],[-69.236318,18.450507],[-69.525258,18.408433],[-69.602122,18.455715],[-69.883656,18.471015],[-70.016591,18.411363],[-70.15807,18.242621],[-70.552846,18.20425],[-70.60143,18.411851],[-70.703847,18.430121],[-70.932485,18.261542],[-71.048248,18.310004],[-71.061106,18.142076],[-71.204254,17.911119],[-71.309316,17.816392],[-71.417226,17.604804],[-71.63093,17.816799],[-71.658803,17.953315],[-71.92809,18.183783],[-72.071767,18.237535],[-72.440297,18.223944],[-72.885894,18.141425],[-73.377268,18.258124],[-73.578114,18.216864],[-73.654164,18.252672],[-73.809316,18.159166],[-73.967763,18.141425],[-74.18342,18.29328],[-74.330922,18.286038],[-74.489166,18.429389],[-74.426259,18.608222],[-74.25593,18.670315],[-73.604726,18.498277],[-73.526682,18.523505],[-72.985585,18.470404],[-72.754994,18.429389],[-72.628285,18.554145],[-72.353831,18.530097],[-72.325063,18.671373],[-72.54955,18.785631],[-72.617787,18.88935],[-72.813547,19.052924],[-72.716461,19.103949],[-72.803375,19.23192],[-72.728342,19.425605],[-73.01887,19.600735],[-73.221099,19.649644],[-73.409495,19.635972],[-73.468129,19.724799],[-73.344594,19.834052],[-73.143707,19.920315],[-72.776031,19.943915],[-72.397572,19.806952],[-72.330434,19.752102],[-71.757436,19.71011],[-71.744496,19.817206],[-71.64859,19.896715],[-71.504628,19.910346],[-71.212066,19.837104],[-71.000885,19.93769],[-70.830963,19.902533],[-70.623687,19.766547],[-70.433705,19.775214],[-70.30134,19.65766],[-70.131418,19.622138],[-70.042104,19.678453],[-69.897939,19.635972],[-69.867991,19.425279],[-69.733469,19.286566],[-69.539418,19.339423],[-69.335601,19.293402],[-69.253651,19.183539],[-69.602935,19.22899],[-69.608469,19.093451],[-69.419993,19.111151],[-69.356068,19.053209],[-69.04247,18.986762],[-68.97936,19.032864],[-68.739735,18.964423],[-68.5808,18.812567],[-68.356191,18.656562]],[[-86.749013,20.592231],[-86.926503,20.313707],[-87.01887,20.332465],[-86.936757,20.547187],[-86.749013,20.592231]],[[-73.647071,21.061555],[-73.514604,21.186867],[-73.398183,21.22484],[-73.255152,21.13506],[-73.03393,21.156731],[-73.129821,20.993663],[-73.492614,20.924457],[-73.676141,20.935162],[-73.647071,21.061555]],[[-82.568023,21.636542],[-82.594635,21.541815],[-82.835561,21.444729],[-83.078521,21.469224],[-82.969228,21.591254],[-83.073476,21.760565],[-82.989491,21.948432],[-82.690175,21.881822],[-82.568023,21.636542]],[[-77.634185,22.054267],[-77.695058,21.948065],[-77.901845,22.015204],[-77.808502,22.099555],[-77.634185,22.054267]],[[-77.524973,23.933051],[-77.565907,23.740668],[-77.812856,23.876654],[-77.833485,24.021796],[-77.942047,24.096869],[-77.67516,24.302965],[-77.549469,24.125922],[-77.524973,23.933051]],[[-78.353586,24.659247],[-78.208119,24.861802],[-78.157704,25.00019],[-78.214345,25.184638],[-77.976877,25.138414],[-77.986562,25.012885],[-77.737213,24.700181],[-77.718739,24.499823],[-77.908559,24.350775],[-78.063303,24.31623],[-78.180043,24.464911],[-78.351633,24.530463],[-78.353586,24.659247]],[[-78.590077,26.5362],[-78.575942,26.69477],[-78.287082,26.685492],[-77.971669,26.72956],[-77.902943,26.681586],[-78.540151,26.565009],[-78.590077,26.5362]],[[-91.802073,29.490058],[-92.020497,29.568752],[-91.92927,29.647121],[-91.720204,29.581732],[-91.802073,29.490058]],[[-71.918935,41.064887],[-71.929512,41.037848],[-72.60528,40.80133],[-73.233323,40.714505],[-73.707343,40.582794],[-73.829559,40.648819],[-74.035835,40.638859],[-73.9086,40.788677],[-73.485687,40.945626],[-73.224599,40.908271],[-73.113149,40.973456],[-72.606109,40.989936],[-72.457143,40.910264],[-72.367184,40.9946],[-72.155385,41.054999],[-71.918935,41.064887]],[[-12.492991,7.56802],[-12.60554,7.478664],[-12.898061,7.610745],[-12.621409,7.639716],[-12.492991,7.56802]],[[-24.296539,14.917548],[-24.376536,14.815985],[-24.526235,14.924709],[-24.403432,15.038031],[-24.296539,14.917548]],[[-23.456776,15.023668],[-23.494008,14.918687],[-23.676503,14.935533],[-23.772084,15.037991],[-23.785756,15.174506],[-23.697336,15.266018],[-23.511383,15.113023],[-23.456776,15.023668]],[[-22.682118,16.113593],[-22.806142,15.985907],[-22.945546,16.01968],[-22.924428,16.212958],[-22.713857,16.205756],[-22.682118,16.113593]],[[-25.046986,17.035061],[-25.187856,16.928168],[-25.298695,16.917385],[-25.316803,17.106106],[-25.10261,17.196601],[-24.971262,17.107327],[-25.046986,17.035061]],[[-15.391591,28.030219],[-15.377838,27.852281],[-15.577952,27.734361],[-15.786,27.844224],[-15.81607,27.996039],[-15.706207,28.167385],[-15.415639,28.141506],[-15.391591,28.030219]],[[-17.309673,28.207117],[-17.212721,28.205449],[-17.09842,28.100764],[-17.232706,28.019106],[-17.343221,28.09766],[-17.309673,28.207117]],[[-16.427695,28.14967],[-16.545766,28.023993],[-16.67634,27.997096],[-16.916058,28.35497],[-16.507135,28.424134],[-16.30016,28.566636],[-16.231391,28.488416],[-16.355514,28.38115],[-16.427695,28.14967]],[[-13.972646,28.735907],[-13.83552,28.715481],[-13.847768,28.397406],[-13.966786,28.227973],[-14.212229,28.160549],[-14.146392,28.423326],[-13.972646,28.735907]],[[-17.755767,28.818508],[-17.721044,28.730644],[-17.830881,28.45539],[-18.002187,28.749579],[-17.911145,28.855619],[-17.755767,28.818508]],[[-13.482981,29.239936],[-13.482045,28.999457],[-13.85969,28.859442],[-13.832102,29.000393],[-13.750559,29.080634],[-13.526112,29.150295],[-13.482981,29.239936]],[[-16.788686,32.686672],[-16.976796,32.647203],[-17.142974,32.705552],[-17.252105,32.814521],[-16.919749,32.841213],[-16.788686,32.686672]],[[-25.197825,37.864407],[-25.194732,37.740709],[-25.505686,37.706732],[-25.704254,37.744045],[-25.680735,37.843329],[-25.458485,37.829657],[-25.197825,37.864407]],[[-28.109486,38.446601],[-28.241851,38.37759],[-28.459543,38.405666],[-28.374501,38.550482],[-28.109486,38.446601]],[[-27.020131,38.693671],[-27.060292,38.641425],[-27.327626,38.666327],[-27.391713,38.758857],[-27.144276,38.796088],[-27.020131,38.693671]],[[-74.159657,20.273424],[-74.141957,20.182603],[-74.267405,20.068305],[-74.392974,20.081041],[-74.812978,20.037258],[-74.977868,19.923035],[-75.38329,19.882473],[-75.604726,19.892035],[-75.721832,19.957506],[-75.980092,19.952379],[-76.248158,19.990627],[-76.524403,19.943915],[-76.866444,19.93769],[-76.958892,19.891059],[-77.188954,19.912584],[-77.35851,19.864488],[-77.737213,19.855699],[-77.620432,20.020331],[-77.401357,20.198065],[-77.181752,20.294867],[-77.113433,20.368476],[-77.113433,20.512437],[-77.195424,20.636542],[-77.314849,20.709052],[-77.493398,20.677476],[-78.065541,20.711656],[-78.272043,20.901109],[-78.49474,21.047919],[-78.563303,21.38345],[-78.649037,21.54092],[-78.76651,21.639716],[-79.24942,21.551947],[-79.450307,21.595526],[-79.639272,21.68773],[-79.895375,21.759996],[-80.003245,21.720893],[-80.06725,21.817043],[-80.269928,21.88703],[-80.437245,22.041205],[-80.992096,22.054267],[-81.103668,22.095893],[-81.197581,22.21247],[-81.291331,22.097561],[-81.396108,22.170722],[-81.651479,22.212958],[-81.824452,22.18891],[-81.879709,22.260403],[-82.088246,22.342231],[-82.118737,22.431828],[-81.841138,22.430757],[-81.683502,22.463595],[-81.643255,22.572737],[-81.877501,22.67973],[-82.098793,22.654921],[-82.198855,22.685774],[-82.632945,22.680185],[-82.800689,22.622748],[-83.08609,22.462795],[-83.16686,22.339545],[-83.287424,22.318671],[-83.415472,22.186093],[-83.925445,22.171536],[-84.00178,22.057563],[-83.993031,21.951361],[-84.305165,21.884508],[-84.659983,21.912055],[-84.583323,22.007514],[-84.322133,22.048041],[-84.42927,22.201728],[-84.391021,22.352769],[-84.021108,22.678656],[-83.872792,22.7508],[-83.369374,22.893988],[-83.207631,23.002672],[-82.57551,23.054023],[-82.40689,23.147447],[-82.033193,23.200507],[-81.840077,23.157782],[-81.581166,23.157782],[-81.480702,23.100328],[-81.272206,23.141995],[-81.184885,23.052069],[-81.078114,23.103827],[-80.959381,23.059027],[-80.622222,23.089545],[-80.556793,23.007392],[-80.279612,22.912014],[-80.024566,22.946682],[-79.987864,22.884101],[-79.700185,22.746894],[-79.51183,22.534613],[-79.341786,22.413153],[-79.148671,22.377631],[-78.78185,22.390611],[-78.3815,22.246649],[-78.301422,22.163804],[-78.065053,22.086982],[-77.895009,21.876939],[-77.664662,21.781155],[-77.507558,21.862454],[-77.069936,21.595771],[-76.962636,21.472642],[-76.653554,21.294135],[-76.387563,21.284329],[-76.137807,21.167222],[-76.11677,21.091498],[-75.821767,21.136868],[-75.578481,21.013373],[-75.783925,20.746405],[-75.708852,20.690579],[-75.497792,20.693427],[-75.394154,20.738959],[-75.149078,20.683092],[-74.998362,20.700751],[-74.605214,20.485745],[-74.401112,20.307278],[-74.159657,20.273424]],[[-60.951361,8.827825],[-60.737598,8.866613],[-60.686043,8.789015],[-60.846576,8.637715],[-61.093874,8.633744],[-61.167108,8.699385],[-60.951361,8.827825]],[[44.254731,-20.376072],[44.355724,-20.138116],[44.438975,-20.055352],[44.47934,-19.912774],[44.37086,-19.774021],[44.404959,-19.610121],[44.483735,-19.523207],[44.459646,-19.417657],[44.22755,-19.05462],[44.257335,-18.803888],[44.185883,-18.610772],[44.049653,-18.426528],[44.000987,-17.937921],[44.035655,-17.769464],[43.92921,-17.601658],[43.943126,-17.455743],[44.179698,-17.095147],[44.238048,-16.970961],[44.430675,-16.700372],[44.400645,-16.372817],[44.45281,-16.1867],[44.854259,-16.225356],[45.040212,-16.118097],[45.138682,-15.990899],[45.266368,-15.923923],[45.379405,-15.97381],[45.638357,-15.943048],[45.693858,-15.783136],[45.824474,-15.813409],[46.015798,-15.79225],[46.144216,-15.703709],[46.292979,-15.940688],[46.383149,-15.834893],[46.332693,-15.630141],[46.879405,-15.22503],[46.971446,-15.198419],[47.074718,-15.323989],[46.967052,-15.492283],[47.232107,-15.433282],[47.057872,-15.216241],[47.291759,-14.923435],[47.289887,-14.846938],[47.444835,-14.671563],[47.503429,-14.846938],[47.420665,-14.96559],[47.482432,-15.080255],[47.75294,-14.600518],[47.709483,-14.369561],[47.814464,-14.215997],[47.926768,-14.24627],[48.04477,-14.151625],[47.941091,-14.004083],[47.875824,-13.784275],[47.904307,-13.603204],[48.031261,-13.517185],[48.142426,-13.595392],[48.181326,-13.746759],[48.327403,-13.779962],[48.332042,-13.661391],[48.427582,-13.524184],[48.747406,-13.411554],[48.839203,-13.260431],[48.843516,-13.080824],[48.941661,-12.928399],[48.955333,-12.8117],[48.866222,-12.63714],[48.98463,-12.333429],[49.201508,-12.146661],[49.201996,-12.04811],[49.322602,-12.000095],[49.349376,-12.298517],[49.539399,-12.378188],[49.586436,-12.482029],[49.563243,-12.616795],[49.864268,-12.880466],[49.942149,-13.033868],[49.972667,-13.331313],[50.142914,-13.783136],[50.161876,-14.202325],[50.212901,-14.287205],[50.190929,-14.456638],[50.283702,-14.879164],[50.476573,-15.195082],[50.503917,-15.316176],[50.429861,-15.600274],[50.241547,-15.958266],[50.168142,-15.984633],[50.03891,-15.85947],[49.975841,-15.626642],[49.90561,-15.561619],[49.901134,-15.422296],[49.750336,-15.435968],[49.638438,-15.54461],[49.733735,-15.905694],[49.702647,-16.115004],[49.845714,-16.212091],[49.849457,-16.552423],[49.723155,-16.708103],[49.778331,-16.855564],[49.624522,-16.885675],[49.528982,-17.041681],[49.431326,-17.283868],[49.50408,-17.663018],[49.497732,-17.796808],[49.41391,-18.067071],[49.359223,-18.424005],[49.243175,-18.656834],[49.191173,-18.842543],[49.076915,-19.065606],[48.98585,-19.378839],[48.85963,-19.684666],[48.823741,-19.902765],[48.562266,-20.577081],[48.455577,-21.014093],[48.201834,-21.796157],[47.900645,-22.481134],[47.833832,-22.900974],[47.738048,-23.255466],[47.619477,-23.59059],[47.568696,-23.852634],[47.455089,-24.039972],[47.33839,-24.324314],[47.312266,-24.485935],[47.137462,-24.909275],[46.964692,-25.065688],[46.653656,-25.183852],[46.386567,-25.164809],[46.237641,-25.198175],[45.774181,-25.408136],[45.492198,-25.573663],[45.136078,-25.584161],[44.834727,-25.344008],[44.727794,-25.303643],[44.369477,-25.256768],[44.187185,-25.06699],[44.028819,-24.998956],[43.928477,-24.774591],[43.927989,-24.652439],[43.839854,-24.505792],[43.706716,-24.406183],[43.656261,-24.185317],[43.664073,-23.86712],[43.641612,-23.63893],[43.748302,-23.570082],[43.757986,-23.454034],[43.628591,-23.339288],[43.583181,-23.07586],[43.3567,-22.829685],[43.284923,-22.587498],[43.222911,-22.254815],[43.295177,-22.166111],[43.246837,-22.035089],[43.336192,-21.768813],[43.472667,-21.672052],[43.472667,-21.405206],[43.586925,-21.274835],[43.812755,-21.224298],[43.901541,-20.882908],[44.036388,-20.725518],[44.125824,-20.498305],[44.254731,-20.376072]],[[55.787852,-21.103448],[55.854503,-21.156996],[55.820811,-21.324965],[55.554454,-21.363539],[55.354503,-21.274591],[55.225434,-21.048272],[55.302989,-20.905206],[55.57838,-20.87477],[55.70281,-20.949395],[55.787852,-21.103448]],[[57.795746,-20.222752],[57.672211,-20.479669],[57.503591,-20.517348],[57.357758,-20.427423],[57.370616,-20.260512],[57.490733,-20.140802],[57.532481,-20.024835],[57.667735,-19.994073],[57.795746,-20.222752]],[[44.529063,-12.232843],[44.528494,-12.35475],[44.330577,-12.236261],[44.484141,-12.085545],[44.529063,-12.232843]],[[43.466563,-11.82171],[43.262869,-11.818048],[43.244151,-11.672947],[43.276541,-11.379571],[43.399425,-11.41839],[43.377126,-11.605076],[43.466563,-11.82171]],[[39.543468,-6.321222],[39.508474,-6.462823],[39.264171,-6.302423],[39.19044,-5.914239],[39.35434,-5.896661],[39.458263,-6.197198],[39.543468,-6.321222]],[[39.643077,-5.413995],[39.742524,-5.161798],[39.677257,-4.945082],[39.805919,-4.96087],[39.855642,-5.229425],[39.796072,-5.406834],[39.643077,-5.413995]],[[6.681407,0.407131],[6.740082,0.218573],[6.660004,0.107327],[6.516368,0.033637],[6.461681,0.222154],[6.533051,0.348131],[6.681407,0.407131]],[[8.922699,3.750718],[8.95753,3.643012],[8.860688,3.511786],[8.695486,3.208564],[8.450206,3.272935],[8.473888,3.46308],[8.562755,3.456529],[8.702403,3.760932],[8.922699,3.750718]],[[10.991466,33.841702],[10.893709,33.658247],[10.740154,33.715478],[10.736013,33.884752],[10.991466,33.841702]],[[26.321137,35.315253],[26.240977,35.039049],[25.601248,35.013577],[25.097423,34.937893],[24.738536,34.931627],[24.70753,35.096137],[24.564626,35.106147],[24.40211,35.191107],[24.084646,35.204535],[23.826671,35.25259],[23.587169,35.239488],[23.51824,35.307766],[23.573497,35.43476],[23.817149,35.534817],[24.044688,35.527655],[24.340099,35.348334],[24.720958,35.427232],[24.971202,35.424506],[25.055349,35.355211],[25.375987,35.343166],[25.481944,35.297431],[25.766368,35.335679],[25.712738,35.182847],[25.830333,35.122382],[26.067393,35.233303],[26.155121,35.197943],[26.321137,35.315253]],[[34.5442,35.678371],[34.542328,35.637274],[33.971365,35.321275],[33.899913,35.164455],[34.051036,35.033026],[33.847423,34.94245],[33.680349,34.966295],[33.605642,34.821763],[33.245616,34.698228],[32.665782,34.652167],[32.413341,34.753485],[32.329438,34.88642],[32.372325,35.04149],[32.650401,35.188056],[32.865245,35.156968],[32.929373,35.232978],[32.920421,35.397773],[33.427501,35.328925],[33.66033,35.35932],[34.035622,35.471383],[34.181651,35.554185],[34.5442,35.678371]],[[28.239757,36.432522],[28.130544,36.185452],[27.780447,35.890041],[27.71225,35.952704],[27.757091,36.084377],[27.700694,36.163398],[27.899669,36.340155],[28.239757,36.432522]],[[25.526134,37.196234],[25.595063,37.099677],[25.552501,36.96894],[25.447602,36.92475],[25.341807,37.076728],[25.526134,37.196234]],[[20.901378,37.792426],[20.815115,37.651516],[20.704356,37.738349],[20.741954,37.862291],[20.901378,37.792426]],[[24.99171,37.768215],[24.95753,37.706732],[24.695486,37.924628],[24.953868,37.905992],[24.99171,37.768215]],[[15.528656,38.302639],[15.583751,38.240424],[15.500336,38.084947],[15.206554,37.747748],[15.09669,37.494452],[15.110688,37.321845],[15.329438,37.027737],[15.174653,36.944078],[15.073578,36.659125],[14.882172,36.730658],[14.780772,36.699368],[14.487315,36.793362],[14.278819,37.044013],[14.088634,37.117743],[13.894379,37.100816],[13.452647,37.298814],[13.174083,37.487006],[12.942638,37.568508],[12.697765,37.56273],[12.489024,37.682685],[12.427013,37.797024],[12.504161,38.011217],[12.725352,38.125922],[12.901134,38.028062],[13.027354,38.062405],[13.100922,38.19009],[13.310232,38.21955],[13.391368,38.103176],[13.51352,38.110541],[13.651134,38.000963],[13.790782,37.973619],[14.020518,38.049384],[14.273204,38.015123],[14.634613,38.081488],[14.907074,38.18769],[15.087901,38.128241],[15.245372,38.217231],[15.528656,38.302639]],[[20.733572,38.062405],[20.472911,38.182074],[20.339041,38.200181],[20.398204,38.332709],[20.625824,38.351752],[20.797699,38.131293],[20.733572,38.062405]],[[26.163585,38.542792],[26.163585,38.302639],[25.974864,38.166002],[25.867524,38.259711],[25.989024,38.379299],[25.843272,38.515326],[25.995372,38.604234],[26.163585,38.542792]],[[24.587657,38.159247],[24.552094,37.978176],[24.371755,37.97191],[24.049083,38.394517],[23.63852,38.415513],[23.635509,38.528551],[23.202322,38.829901],[22.969412,38.889106],[23.138031,39.008979],[23.299083,39.042467],[23.450694,38.874579],[23.619965,38.76553],[23.857595,38.682522],[24.07309,38.679389],[24.216075,38.539537],[24.185069,38.40762],[24.326996,38.18594],[24.587657,38.159247]],[[1.605968,39.091295],[1.509776,38.930162],[1.343516,38.862372],[1.212169,38.903225],[1.356781,39.077623],[1.605968,39.091295]],[[26.612315,39.049262],[26.424164,38.967353],[26.165701,39.022406],[25.888927,39.144721],[25.858653,39.259223],[26.343028,39.383002],[26.612315,39.049262]],[[3.354503,39.784369],[3.468516,39.739325],[3.406016,39.591986],[3.221039,39.35989],[3.060802,39.26907],[2.958832,39.363227],[2.761729,39.400214],[2.655284,39.564724],[2.492686,39.470242],[2.357677,39.611884],[2.703949,39.814154],[2.933279,39.914496],[3.14088,39.928087],[3.124848,39.811103],[3.354503,39.784369]],[[25.44988,40.0362],[25.295258,39.807685],[25.067393,39.858059],[25.045421,39.984687],[25.28712,39.961086],[25.44988,40.0362]],[[4.302908,39.925523],[4.248139,39.816474],[4.015066,39.925767],[3.869314,39.925523],[3.821869,40.047634],[4.107839,40.067613],[4.302908,39.925523]],[[24.786388,40.735053],[24.7824,40.620185],[24.642263,40.570624],[24.511974,40.666815],[24.642263,40.803941],[24.786388,40.735053]],[[9.792247,40.556952],[9.74936,40.377265],[9.62615,40.263088],[9.73227,40.08393],[9.648936,39.638983],[9.644867,39.483954],[9.557791,39.139716],[9.450369,39.124416],[9.252452,39.225165],[9.078949,39.212348],[9.018321,38.995307],[8.841482,38.880561],[8.642833,38.88996],[8.371755,39.230618],[8.426443,39.283271],[8.386892,39.469794],[8.46339,39.57685],[8.555186,39.852688],[8.398285,39.905341],[8.401378,40.049872],[8.490001,40.104478],[8.462901,40.314521],[8.312022,40.57807],[8.140636,40.62519],[8.1338,40.728909],[8.310232,40.850653],[8.520518,40.826972],[8.764415,40.913804],[9.230642,41.262641],[9.546153,41.120917],[9.573253,40.906399],[9.792247,40.556952]],[[8.565766,42.208564],[8.667491,42.509711],[8.812836,42.599595],[9.018321,42.650133],[9.107107,42.725898],[9.34254,42.749091],[9.528087,42.563544],[9.552745,42.113023],[9.403168,41.952948],[9.401622,41.706448],[9.210704,41.440863],[8.93572,41.489203],[8.778087,41.59162],[8.695567,41.729438],[8.805431,41.906928],[8.738048,42.043931],[8.565766,42.208564]],[[81.875987,7.091946],[81.89031,7.019924],[81.775645,6.610419],[81.681488,6.462144],[81.362071,6.225409],[81.112559,6.120307],[80.809093,6.035102],[80.590831,5.923733],[80.247569,6.009182],[80.10377,6.127143],[80.031993,6.266343],[79.969574,6.535346],[79.863048,6.807196],[79.861583,7.011868],[79.784679,7.589789],[79.802013,7.659329],[79.763845,7.990139],[79.827159,8.136542],[79.87379,8.538072],[79.941661,8.642483],[79.947113,8.948676],[80.048025,9.026272],[80.115977,9.233832],[80.052989,9.391547],[80.272227,9.504136],[80.173595,9.648668],[80.087413,9.618354],[79.947032,9.693183],[79.988455,9.822943],[80.226817,9.829576],[80.409923,9.617499],[80.744395,9.359687],[80.834483,9.239488],[80.930675,9.020982],[81.092784,8.85163],[81.2317,8.651068],[81.213145,8.472398],[81.365733,8.482164],[81.448497,8.127997],[81.565929,7.986802],[81.608246,7.831692],[81.696788,7.752997],[81.757579,7.505439],[81.880707,7.327094],[81.875987,7.091946]],[[54.470662,12.543566],[54.444684,12.484721],[54.245942,12.433539],[54.140498,12.351344],[53.776352,12.304969],[53.572147,12.334614],[53.334239,12.51553],[53.396027,12.656468],[53.499869,12.712065],[53.654755,12.704758],[53.762894,12.619703],[54.008097,12.645744],[54.119395,12.701117],[54.470662,12.543566]],[[58.906261,20.626044],[58.953949,20.519884],[58.844086,20.437323],[58.789399,20.286526],[58.637462,20.218451],[58.642914,20.356106],[58.906261,20.626044]],[[50.551606,26.194241],[50.614757,26.111151],[50.603526,25.85456],[50.46046,25.985297],[50.452973,26.149563],[50.551606,26.194241]],[[56.212413,27.002997],[56.080821,26.785346],[55.947032,26.696275],[55.876638,26.742906],[55.50294,26.594875],[55.351899,26.647447],[55.736827,26.782416],[55.785655,26.844957],[56.041026,26.975653],[56.212413,27.002997]],[[48.352712,29.709784],[48.229015,29.599921],[48.046072,29.800442],[48.158702,29.879218],[48.344493,29.790595],[48.352712,29.709784]],[[-115.19498,28.341358],[-115.15549,28.170704],[-115.206299,28.03794],[-115.334004,28.124878],[-115.19498,28.341358]],[[-112.274657,28.768388],[-112.382004,28.773822],[-112.583033,28.875363],[-112.485911,28.971625],[-112.43871,29.202094],[-112.281569,29.225471],[-112.195606,29.02133],[-112.274657,28.768388]],[[-113.138173,29.064887],[-113.229488,29.059574],[-113.589104,29.409599],[-113.476789,29.532104],[-113.349779,29.384066],[-113.18276,29.289693],[-113.138173,29.064887]],[[-154.899622,19.567016],[-154.817209,19.479722],[-154.982301,19.339244],[-155.291127,19.259524],[-155.502797,19.137681],[-155.618523,18.955544],[-155.682932,18.932886],[-155.87813,19.029072],[-155.91993,19.138601],[-155.88553,19.334157],[-155.982197,19.607675],[-156.060164,19.731221],[-155.824083,20.020092],[-155.882556,20.104943],[-155.867242,20.263132],[-155.737986,20.243801],[-155.586363,20.122936],[-155.332313,20.046721],[-155.087141,19.86038],[-154.899622,19.567016]],[[-156.001698,20.800442],[-156.003134,20.685898],[-156.302594,20.581179],[-156.407653,20.587207],[-156.464319,20.781383],[-156.620234,20.807088],[-156.696009,20.915802],[-156.597929,21.032653],[-156.481672,20.904397],[-156.298329,20.952704],[-156.001698,20.800442]],[[-156.749013,21.170966],[-156.869578,21.053371],[-157.072374,21.099381],[-157.273061,21.087348],[-157.259759,21.22188],[-156.897045,21.165191],[-156.749013,21.170966]],[[-157.706824,21.351995],[-157.794965,21.254663],[-157.905239,21.305631],[-158.094309,21.293606],[-158.2276,21.483047],[-157.962433,21.705012],[-157.836449,21.534049],[-157.842127,21.461049],[-157.706824,21.351995]],[[-159.30134,22.151068],[-159.334128,21.958057],[-159.437315,21.868769],[-159.61001,21.899719],[-159.759794,21.978533],[-159.716534,22.157514],[-159.589582,22.220954],[-159.39972,22.235495],[-159.30134,22.151068]],[[-127.918691,51.52204],[-128.086049,51.486884],[-128.156606,51.627875],[-128.009877,51.7237],[-127.918691,51.52204]],[[-127.240834,52.426418],[-127.276967,52.289374],[-127.642242,52.138129],[-127.69811,52.004055],[-127.888254,51.953437],[-127.820221,52.195705],[-127.240834,52.426418]],[[-131.112701,52.171942],[-131.380035,52.202948],[-131.682851,52.489691],[-131.882639,52.576158],[-132.504384,53.040432],[-132.373118,53.132717],[-132.0655,53.161282],[-131.903961,53.240709],[-131.613026,53.056342],[-131.618886,52.920233],[-131.852406,52.867174],[-131.660797,52.542426],[-131.414377,52.453681],[-131.332183,52.297187],[-131.142568,52.31623],[-131.112701,52.171942]],[[-128.803782,52.70067],[-129.056996,52.741034],[-129.189809,53.023342],[-129.090566,53.088568],[-129.078114,53.302802],[-128.905019,53.293362],[-128.634674,53.163153],[-128.538726,53.019721],[-128.532338,52.846625],[-128.605621,52.611233],[-128.803782,52.70067]],[[-129.74295,53.235297],[-129.939443,53.168891],[-130.086171,53.312323],[-130.314524,53.392768],[-130.530507,53.55976],[-130.261301,53.580634],[-129.973988,53.457994],[-129.74295,53.235297]],[[-130.252797,53.892483],[-130.196197,53.916571],[-129.830963,53.735419],[-129.336536,53.360615],[-129.567535,53.215318],[-129.796864,53.378485],[-129.933095,53.600328],[-130.202382,53.730292],[-130.252797,53.892483]],[[-132.579416,53.207221],[-132.757558,53.317084],[-132.517934,53.412665],[-132.928863,53.522528],[-132.891103,53.619696],[-133.144399,53.896918],[-133.040517,54.164537],[-132.649037,54.141303],[-132.544667,54.040188],[-132.296742,54.112291],[-132.130442,54.033677],[-131.693267,53.991889],[-131.870513,53.782904],[-131.942616,53.521633],[-131.907826,53.358059],[-132.007883,53.253567],[-132.224355,53.230658],[-132.400543,53.147895],[-132.579416,53.207221]],[[-130.961903,55.58511],[-131.065175,55.261054],[-131.192006,55.185736],[-131.661529,55.343207],[-131.810292,55.47663],[-131.707428,55.629625],[-131.670644,55.839504],[-131.578847,55.907172],[-131.280263,55.965155],[-131.179555,55.923529],[-130.938303,55.651516],[-130.961903,55.58511]],[[-132.548411,56.304429],[-132.092193,56.106431],[-132.122629,55.945502],[-132.303375,55.915351],[-132.449086,56.064846],[-132.645416,56.058092],[-132.681386,56.229193],[-132.548411,56.304429]],[[-131.976715,54.831529],[-132.004018,54.693793],[-132.297597,54.744452],[-132.26476,54.84455],[-132.579416,54.954413],[-132.608551,55.119208],[-132.959584,55.276557],[-133.212961,55.279202],[-133.0631,55.623481],[-133.251291,55.584784],[-133.385243,55.709296],[-133.147939,55.818427],[-133.236724,55.900336],[-133.285512,56.167385],[-133.612172,56.212348],[-133.586781,56.352851],[-133.182118,56.332343],[-133.053863,56.234442],[-133.062815,56.052314],[-132.73644,55.996568],[-132.346669,55.643134],[-132.401275,55.516791],[-132.090728,55.276801],[-131.994293,55.268134],[-131.976715,54.831529]],[[-132.612904,56.400621],[-132.647206,56.282416],[-132.868886,56.243476],[-133.04894,56.362779],[-132.924224,56.451972],[-132.612904,56.400621]],[[-132.004018,56.339179],[-131.928334,56.194566],[-132.072336,56.119452],[-132.352895,56.277777],[-132.004018,56.339179]],[[-132.959584,56.787991],[-132.816314,56.797349],[-132.533437,56.600328],[-132.791656,56.496894],[-132.937489,56.517564],[-132.890859,56.629381],[-132.959584,56.787991]],[[-133.884674,56.490058],[-133.981272,56.283881],[-133.949127,56.092353],[-134.200063,56.150539],[-134.281972,56.362779],[-134.067372,56.477607],[-134.357574,56.676581],[-134.408559,56.842922],[-134.175852,56.922024],[-133.801178,56.777004],[-133.705678,56.604153],[-133.884674,56.490058]],[[-133.912668,57.08275],[-133.388173,56.997138],[-133.10912,56.998725],[-132.980377,56.935045],[-132.991078,56.808417],[-132.933949,56.641588],[-133.147939,56.462104],[-133.659413,56.464179],[-133.696645,56.832017],[-134.018178,57.017564],[-133.912668,57.08275]],[[-152.907867,57.16474],[-153.325551,57.02204],[-153.41161,57.079047],[-153.260487,57.205634],[-152.907867,57.16474]],[[-134.62149,56.743842],[-134.626373,56.261461],[-134.749989,56.217353],[-135.052846,56.537828],[-135.154693,56.745917],[-135.367543,56.828925],[-135.310292,57.047349],[-135.673207,57.349677],[-135.381174,57.553616],[-134.994781,57.397773],[-134.808258,57.181383],[-134.62149,56.743842]],[[-152.160878,57.627143],[-152.330312,57.44595],[-152.591013,57.450914],[-152.692209,57.283271],[-153.096303,57.218248],[-153.253285,57.236721],[-153.610829,57.02383],[-153.559763,56.986518],[-153.962514,56.748236],[-154.130116,56.786526],[-153.877146,56.97663],[-154.158315,56.969184],[-154.237986,56.899563],[-154.528554,56.991645],[-154.535024,57.174628],[-154.810007,57.346584],[-154.614735,57.526557],[-154.239329,57.673285],[-153.753977,57.561957],[-153.924631,57.810492],[-153.723826,57.902086],[-153.574412,57.839545],[-153.191884,57.805243],[-153.202463,57.946194],[-152.486318,57.910712],[-152.467763,57.657172],[-152.160878,57.627143]],[[-135.847971,57.394355],[-136.394846,57.885688],[-136.296946,58.010565],[-136.405263,58.133938],[-135.982289,58.167629],[-135.813547,58.274359],[-135.389272,58.141059],[-134.924794,58.027493],[-134.942454,57.806586],[-134.813873,57.497463],[-135.056874,57.46662],[-135.628041,57.706041],[-135.546295,57.466051],[-135.847971,57.394355]],[[-134.353993,57.092719],[-134.622914,57.110826],[-134.62149,57.229926],[-134.463857,57.394355],[-134.653554,57.598212],[-134.797841,58.112779],[-134.693186,58.168402],[-134.186391,58.168402],[-134.169342,58.077786],[-134.312245,57.979438],[-134.20873,57.839911],[-133.937856,57.618557],[-133.86498,57.355129],[-134.127431,57.264635],[-134.353993,57.092719]],[[-151.966013,58.332831],[-152.129994,58.166164],[-152.331125,58.165025],[-152.804921,57.991523],[-153.229604,58.168891],[-153.041697,58.305569],[-152.793284,58.286811],[-152.650624,58.483629],[-152.476877,58.361477],[-151.966013,58.332831]],[[-104.490142,68.515855],[-104.655181,68.398017],[-105.062164,68.549506],[-104.681304,68.578559],[-104.490142,68.515855]],[[-101.693959,68.770331],[-101.829172,68.578355],[-102.290435,68.66356],[-101.979563,68.825995],[-101.693959,68.770331]],[[-100.206776,68.8039],[-100.622426,68.772366],[-100.631337,68.995673],[-100.404124,69.029731],[-100.206776,68.8039]],[[-95.944488,69.420844],[-95.923248,69.591498],[-95.629506,69.619818],[-95.380767,69.523261],[-95.944488,69.420844]],[[-95.214915,68.862209],[-95.438954,68.739569],[-95.807362,68.729397],[-96.295888,68.480129],[-96.520497,68.447577],[-97.036773,68.553778],[-97.562001,68.564276],[-97.760569,68.652086],[-98.522369,68.750312],[-98.863352,68.834418],[-99.417226,68.890448],[-99.591542,69.041083],[-99.309316,69.158759],[-99.006703,69.139065],[-98.712758,69.202135],[-98.411122,69.352525],[-98.6079,69.442694],[-98.369252,69.568345],[-98.21935,69.797593],[-97.92516,69.895941],[-97.224843,69.682318],[-96.893422,69.497748],[-96.219797,69.313951],[-95.951975,69.139635],[-95.84553,68.890611],[-95.571034,68.83511],[-95.214915,68.862209]],[[-100.872182,69.807807],[-100.964345,69.664455],[-101.706776,69.69123],[-102.02477,69.80858],[-102.582265,69.743476],[-102.509592,69.564195],[-103.041127,69.515326],[-103.037099,69.366197],[-102.054799,69.484442],[-101.948883,69.261217],[-101.768381,69.122952],[-101.964508,68.969631],[-102.523061,68.865546],[-103.383168,68.782294],[-104.446848,68.941555],[-104.593617,68.864488],[-105.123036,68.89643],[-104.917063,69.047919],[-105.885854,69.176459],[-106.203969,69.149888],[-106.319814,69.404731],[-106.583892,69.503607],[-106.926381,69.238959],[-107.334828,69.02558],[-107.941233,68.941107],[-108.539459,68.946967],[-108.564809,68.875963],[-108.95165,68.742418],[-109.624623,68.641669],[-110.605133,68.616929],[-111.251047,68.51968],[-111.531239,68.543769],[-112.583323,68.50967],[-112.749013,68.46308],[-113.350494,68.591539],[-113.655507,68.800482],[-113.583974,69.201239],[-114.397288,69.288153],[-115.188954,69.242662],[-115.974843,69.300198],[-116.63268,69.461819],[-116.619618,69.571682],[-117.252065,69.764106],[-117.442047,69.989407],[-116.965077,70.129055],[-116.032704,70.220282],[-114.184722,70.315741],[-113.476877,70.283596],[-112.586252,70.200019],[-112.260894,70.309312],[-111.808827,70.352118],[-112.143951,70.493883],[-112.925893,70.565375],[-113.207102,70.647935],[-113.56135,70.643134],[-113.988393,70.716213],[-114.183095,70.667792],[-115.580922,70.580146],[-116.038564,70.579169],[-116.233388,70.639716],[-116.988637,70.602484],[-117.585439,70.60635],[-117.708974,70.695136],[-118.186838,70.839423],[-118.386464,71.022203],[-117.798004,71.170396],[-117.474924,71.185492],[-115.90392,71.3935],[-116.184885,71.500312],[-117.55134,71.374172],[-118.161977,71.378974],[-118.308827,71.432196],[-118.076324,71.664984],[-119.050893,71.626776],[-119.137603,71.774359],[-119.054311,71.935289],[-118.678212,72.142279],[-118.127838,72.22724],[-118.124867,72.309516],[-118.593414,72.428697],[-118.189809,72.635443],[-117.867299,72.701483],[-117.369252,72.917792],[-115.570424,73.201809],[-114.584299,73.384589],[-114.265126,73.335679],[-113.961985,73.12287],[-114.023101,72.797797],[-114.356068,72.746283],[-114.321767,72.591783],[-113.603993,72.777533],[-113.192454,72.993313],[-113.015004,73.016018],[-112.077301,72.898017],[-111.219635,72.724107],[-111.289296,72.565985],[-111.904286,72.346747],[-111.664703,72.292141],[-111.407094,72.426215],[-111.086293,72.408271],[-110.729115,72.571275],[-109.787709,72.504381],[-110.48351,72.839179],[-110.703725,73.009101],[-110.076405,72.995754],[-109.37621,72.771308],[-109.183258,72.767035],[-108.633412,72.565579],[-108.663075,72.361029],[-108.413482,72.127143],[-108.416615,71.990465],[-108.188303,71.94953],[-108.286936,71.798733],[-107.991933,71.683417],[-107.668446,71.708157],[-107.251576,71.901679],[-107.618276,72.019029],[-107.779164,72.141303],[-107.717763,72.30268],[-108.298329,73.133775],[-107.662017,73.328437],[-107.172434,73.195014],[-106.823394,73.309638],[-106.233998,73.087226],[-105.829335,73.051337],[-105.332509,72.751125],[-105.456532,72.70303],[-105.276926,72.440009],[-104.959584,72.178371],[-105.038889,72.113959],[-104.380279,71.600043],[-104.282379,71.363959],[-104.591176,71.073188],[-104.105214,70.898098],[-104.024037,70.784491],[-103.537709,70.599514],[-103.125234,70.576077],[-102.409291,70.425523],[-101.952789,70.269721],[-101.692779,70.308743],[-101.582265,70.132514],[-100.995717,70.174954],[-100.872182,69.807807]],[[-115.323638,73.508694],[-115.753774,73.357489],[-116.459055,73.261176],[-117.215484,73.066107],[-119.163889,72.629828],[-119.340159,72.346747],[-119.772817,72.22956],[-120.196685,72.217027],[-120.197743,72.085028],[-120.43399,71.964301],[-120.383372,71.701483],[-120.635243,71.491441],[-121.423166,71.380316],[-121.700551,71.468085],[-122.156077,71.261176],[-123.099924,71.084621],[-123.435699,71.248603],[-123.623525,71.462226],[-124.064565,71.700385],[-125.232289,71.941311],[-125.790435,71.949164],[-125.752065,72.147691],[-124.945546,72.70303],[-125.038442,72.832465],[-124.490387,72.925116],[-124.859934,73.090318],[-124.445302,73.419257],[-124.067942,73.5397],[-124.056142,73.661851],[-123.773752,73.765611],[-124.145334,73.85106],[-124.46581,74.074164],[-124.545644,74.265123],[-124.755686,74.348578],[-123.303538,74.449408],[-122.623199,74.46308],[-121.5808,74.555854],[-120.156565,74.278998],[-119.662221,74.225002],[-118.725413,74.220771],[-118.065989,74.280707],[-117.416493,74.232489],[-116.867014,74.087551],[-115.923004,73.730048],[-115.646352,73.6765],[-115.323638,73.508694]],[[-126.658681,49.787828],[-126.679433,49.591783],[-126.912506,49.691636],[-126.969594,49.833482],[-126.768544,49.88345],[-126.658681,49.787828]],[[-126.617665,50.672309],[-126.397939,50.808254],[-126.185902,50.741604],[-126.288075,50.654608],[-126.617665,50.672309]],[[-123.321197,48.495836],[-123.554596,48.327948],[-123.890777,48.366889],[-124.38915,48.517971],[-124.665395,48.573228],[-125.093984,48.730048],[-125.18517,48.800971],[-124.967641,48.987942],[-125.366282,48.987372],[-125.489369,48.918647],[-125.735829,49.053046],[-125.698598,49.181098],[-125.836903,49.273139],[-125.956044,49.232896],[-126.076487,49.383734],[-126.572662,49.414293],[-126.562571,49.587388],[-126.649729,49.898017],[-127.141916,49.866645],[-127.487904,50.130439],[-127.784739,50.085028],[-127.775299,50.232856],[-127.915517,50.466254],[-127.591176,50.485745],[-127.593739,50.558743],[-128.06017,50.452582],[-128.319814,50.609809],[-128.406809,50.780504],[-128.076975,50.870307],[-127.882476,50.866889],[-127.505198,50.773342],[-127.198557,50.621283],[-126.459828,50.47484],[-126.117258,50.45539],[-125.740346,50.356391],[-125.436187,50.313625],[-125.350087,50.124905],[-125.178334,49.924994],[-124.882069,49.724921],[-124.909495,49.621324],[-124.794749,49.472561],[-124.545074,49.377183],[-124.159169,49.310452],[-123.813385,49.118598],[-123.779897,48.985907],[-123.593821,48.836982],[-123.540924,48.636461],[-123.390045,48.620429],[-123.321197,48.495836]],[[-97.072011,73.138129],[-96.809193,73.192084],[-96.568267,73.052476],[-97.100331,72.992011],[-97.072011,73.138129]],[[-104.680898,73.629828],[-104.500844,73.567206],[-104.572662,73.33218],[-104.736562,73.189643],[-105.202463,72.944525],[-105.485748,72.955756],[-106.120717,73.29267],[-106.508778,73.41413],[-107.039296,73.484442],[-106.599599,73.710639],[-105.167144,73.756659],[-104.680898,73.629828]],[[-96.32127,72.466864],[-96.718486,72.299547],[-96.484844,72.128485],[-96.559673,71.83983],[-96.961569,71.80683],[-97.082866,71.703111],[-97.461244,71.617377],[-97.969829,71.661526],[-98.215191,71.40941],[-98.541485,71.292182],[-98.94627,71.373928],[-99.235088,71.349595],[-99.412253,71.545478],[-99.864361,71.859442],[-100.035462,71.867621],[-100.636537,72.186469],[-101.84015,72.326483],[-101.966533,72.497056],[-102.614238,72.661322],[-102.755962,72.812323],[-102.484763,73.041246],[-102.11432,73.088813],[-101.762839,73.018988],[-101.296245,72.718573],[-100.874614,72.696194],[-100.431214,72.740424],[-100.111187,73.03266],[-100.467429,73.203315],[-101.288962,73.360053],[-101.561585,73.468573],[-101.229839,73.606147],[-100.885845,73.832099],[-100.302959,73.861233],[-100.001323,73.950019],[-99.218405,73.739447],[-98.096538,73.818305],[-97.570456,73.893704],[-96.956402,73.737291],[-96.994732,73.625922],[-97.668275,73.486314],[-97.295147,73.366441],[-97.828268,73.278266],[-98.348613,73.043647],[-97.660747,73.036689],[-97.255962,72.962063],[-97.291118,72.874986],[-96.932028,72.675727],[-96.452251,72.642239],[-96.32127,72.466864]],[[-99.247426,73.855048],[-99.389719,73.923733],[-98.752512,74.033637],[-97.72525,74.121649],[-97.808461,73.977932],[-98.143422,73.878404],[-98.826243,73.832099],[-99.247426,73.855048]],[[-90.291005,73.923285],[-90.510732,73.697943],[-91.175771,73.354153],[-91.857655,72.847968],[-92.384877,72.709906],[-93.403228,72.794338],[-93.793202,72.693101],[-93.464223,72.463446],[-93.811025,72.316311],[-94.087758,72.063544],[-95.145253,71.965888],[-95.211822,72.196723],[-95.135732,72.463446],[-95.592681,72.699449],[-95.719228,73.011542],[-95.582021,73.16234],[-95.612945,73.596381],[-95.248647,74.009914],[-94.373931,74.13227],[-93.272572,74.177965],[-92.799957,74.131822],[-92.113759,73.98432],[-91.814524,74.028754],[-90.993886,74.005927],[-90.291005,73.923285]],[[-103.638417,75.19953],[-103.867258,75.064439],[-104.229482,75.018866],[-104.906484,75.124091],[-104.676869,75.346015],[-104.403228,75.432603],[-103.820546,75.366685],[-103.638417,75.19953]],[[-93.43692,74.944322],[-93.457387,74.71776],[-93.607655,74.654202],[-94.724192,74.631781],[-95.305409,74.805487],[-95.897572,74.825873],[-96.403798,74.936916],[-96.604563,75.064846],[-95.791493,75.501044],[-94.899526,75.644721],[-94.39391,75.604234],[-93.499379,75.268012],[-93.43692,74.944322]],[[-102.87328,75.766099],[-103.044911,75.906155],[-102.21467,75.992662],[-102.504506,75.799058],[-102.87328,75.766099]],[[-117.784739,75.89647],[-117.932485,75.739814],[-118.613922,75.50373],[-119.409047,75.60163],[-118.621205,75.922065],[-117.462514,76.088284],[-117.784739,75.89647]],[[-103.811431,76.033637],[-104.367747,76.076361],[-104.312001,76.212388],[-102.726633,76.315619],[-102.530629,76.157172],[-102.837636,76.080634],[-103.811431,76.033637]],[[-104.39802,76.468736],[-104.652008,76.602037],[-104.024648,76.670478],[-103.882965,76.577867],[-103.022613,76.415595],[-103.336252,76.331732],[-104.377675,76.324856],[-104.39802,76.468736]],[[-97.424875,75.519721],[-97.923695,75.519599],[-98.116689,75.298],[-97.684926,75.170233],[-98.035024,75.026272],[-99.645416,74.97602],[-100.33019,75.014065],[-100.252268,75.263007],[-100.675771,75.336493],[-100.282541,75.527167],[-100.223256,75.666693],[-101.449371,75.607652],[-102.063791,75.547675],[-102.776112,75.544989],[-102.687652,75.677965],[-102.262278,75.869818],[-101.589467,75.924506],[-102.102773,76.220771],[-102.035146,76.412787],[-101.413401,76.43769],[-101.127675,76.260321],[-100.478749,76.233832],[-100.963043,76.480292],[-100.269643,76.649563],[-99.589955,76.628567],[-99.257314,76.46894],[-98.904693,76.624416],[-98.507965,76.636949],[-97.66511,76.486151],[-97.788564,76.322252],[-97.500396,76.157294],[-97.570221,75.86522],[-97.897328,75.737128],[-97.424875,75.698472],[-97.424875,75.519721]],[[-105.395131,75.674262],[-105.68932,75.527167],[-105.661366,75.355211],[-105.895823,75.259101],[-106.008901,75.056627],[-106.760243,75.002997],[-107.005198,74.923814],[-107.686269,74.982245],[-108.416615,74.91706],[-108.824208,75.071519],[-109.581939,74.85814],[-110.343984,74.796576],[-111.000966,74.61636],[-111.657541,74.501207],[-112.437408,74.41352],[-113.023793,74.395941],[-113.693023,74.444485],[-114.439809,74.683661],[-114.234364,74.758734],[-113.495595,74.839179],[-112.797841,74.985053],[-111.555491,75.012641],[-111.027903,75.177151],[-113.886627,75.058173],[-113.784291,75.339667],[-114.046457,75.366441],[-114.440826,75.067939],[-114.958485,74.970526],[-115.405751,75.102932],[-115.715443,74.970364],[-117.510081,75.201117],[-117.674875,75.293158],[-117.202219,75.48078],[-116.0419,75.484809],[-115.589711,75.587958],[-117.198313,75.575507],[-116.708119,75.899563],[-116.526235,76.160142],[-115.841135,76.184963],[-115.874867,76.363593],[-115.512318,76.456204],[-114.450795,76.500922],[-114.205922,76.471015],[-113.963043,76.190619],[-112.994211,76.273261],[-112.432485,76.170844],[-112.364613,76.033637],[-111.85554,75.953518],[-111.36144,75.715237],[-111.274281,75.527167],[-110.51358,75.57331],[-108.896392,75.492377],[-108.83495,75.622748],[-109.10204,75.750067],[-109.691518,75.807074],[-110.054596,75.89647],[-109.433339,76.003607],[-109.542226,76.189439],[-110.383616,76.300523],[-110.397206,76.396715],[-109.554311,76.630072],[-109.184438,76.821926],[-108.748118,76.85871],[-108.450795,76.732611],[-108.687245,76.6022],[-108.615875,76.423489],[-108.080881,76.286851],[-108.45759,76.102525],[-107.857574,76.065863],[-107.648305,75.972846],[-107.046132,75.888983],[-106.606842,76.061591],[-105.759918,75.99018],[-105.51183,75.89057],[-105.395131,75.674262]],[[-114.837026,76.759833],[-114.43456,76.882392],[-113.846059,76.898871],[-113.453481,76.773505],[-113.830556,76.725531],[-114.837026,76.759833]],[[-119.317494,76.199897],[-119.862945,75.859117],[-120.489003,75.847073],[-120.388499,75.972235],[-120.717437,76.026801],[-121.436838,75.944281],[-121.847076,76.045233],[-122.425893,75.932807],[-122.731557,75.97842],[-122.492584,76.1435],[-122.861724,76.182359],[-122.380605,76.408515],[-121.553578,76.436998],[-121.204254,76.678209],[-120.367991,76.814521],[-120.091135,77.005601],[-118.820546,77.361029],[-117.852366,77.390448],[-117.231109,77.285712],[-116.860219,77.318264],[-116.913645,77.474311],[-116.406728,77.562405],[-115.404164,77.318427],[-116.247222,77.19595],[-116.221669,77.041653],[-115.83137,76.972805],[-116.040151,76.828315],[-115.892812,76.698432],[-116.324818,76.581732],[-117.074778,76.526068],[-116.934316,76.35578],[-117.352447,76.259589],[-118.006988,76.402493],[-118.302113,76.567694],[-118.646392,76.43244],[-118.651601,76.291083],[-119.317494,76.199897]],[[-104.394521,77.192532],[-104.754018,77.111233],[-105.536285,77.304429],[-105.765045,77.466213],[-105.908762,77.76789],[-105.503041,77.721096],[-104.421254,77.307929],[-104.394521,77.192532]],[[-93.252024,77.644355],[-93.478424,77.488105],[-95.98762,77.479071],[-96.30248,77.593329],[-96.235463,77.705512],[-95.5065,77.810736],[-93.608022,77.78148],[-93.252024,77.644355]],[[-102.44872,77.739936],[-102.398183,77.888861],[-101.645172,77.890326],[-100.95816,77.760321],[-101.790598,77.679389],[-102.44872,77.739936]],[[-113.686269,77.866604],[-113.722483,77.769232],[-114.300689,77.713284],[-115.118235,77.959662],[-114.679677,78.034491],[-114.114613,78.000434],[-113.686269,77.866604]],[[-109.603668,78.07392],[-109.686147,77.971381],[-110.841461,77.869818],[-110.71996,77.766181],[-110.129506,77.78148],[-110.235422,77.504218],[-110.880727,77.412421],[-111.281117,77.431464],[-112.109242,77.325751],[-112.600575,77.453681],[-113.199615,77.527655],[-113.241282,77.904975],[-112.270904,78.015326],[-110.711741,78.103827],[-109.603668,78.07392]],[[-109.259511,78.459296],[-109.338938,78.354682],[-109.823232,78.295396],[-110.840321,78.315172],[-111.778472,78.270209],[-112.175526,78.377387],[-113.061513,78.274359],[-113.214223,78.406562],[-110.42691,78.766343],[-109.346669,78.535346],[-109.259511,78.459296]],[[-96.910308,77.795152],[-96.993479,77.924872],[-97.74234,78.042304],[-96.869293,78.137152],[-97.766835,78.247016],[-98.359731,78.451728],[-98.355865,78.773912],[-97.451039,78.797105],[-96.54308,78.685614],[-96.273508,78.535061],[-95.699818,78.526109],[-94.82787,78.363715],[-95.369944,78.246772],[-94.889312,78.10928],[-95.060658,77.972642],[-95.808502,77.902981],[-96.632192,77.877387],[-96.910308,77.795152]],[[-105.606801,79.103583],[-105.449045,79.269477],[-103.721588,79.363349],[-103.12092,79.290676],[-102.607167,79.076483],[-101.648427,79.081],[-99.557932,78.5987],[-99.802724,78.308498],[-99.044504,78.081855],[-99.017242,77.893785],[-99.938588,77.782904],[-100.610015,77.863959],[-101.036,78.199205],[-102.160756,78.288316],[-102.74413,78.380561],[-103.658803,78.321112],[-103.946523,78.242825],[-104.819569,78.36164],[-105.01773,78.524482],[-104.640981,78.583441],[-103.497182,78.506537],[-103.384023,78.774604],[-104.953359,79.05386],[-105.606801,79.103583]],[[-100.15217,79.997992],[-99.779368,80.150784],[-98.873769,80.083808],[-98.651357,79.792222],[-99.30012,79.759426],[-99.583608,79.898668],[-100.15217,79.997992]],[[-177.800282,51.795722],[-177.954823,51.729071],[-178.213816,51.876044],[-177.95226,51.92475],[-177.800282,51.795722]],[[-176.437245,51.788275],[-176.588124,51.685858],[-176.882151,51.720364],[-176.91511,51.791938],[-176.641469,51.857164],[-176.437245,51.788275]],[[-174.051951,52.24079],[-174.100209,52.140937],[-174.373769,52.111721],[-174.715281,52.016506],[-174.974599,52.058336],[-174.228261,52.267524],[-174.190297,52.417873],[-173.991892,52.312567],[-174.051951,52.24079]],[[-167.857493,53.392768],[-168.287587,53.242987],[-168.489939,53.04206],[-168.751291,52.96015],[-168.759511,53.186713],[-168.605702,53.275133],[-168.360789,53.271308],[-168.406565,53.409491],[-168.199818,53.540229],[-168.00829,53.570299],[-167.794789,53.502021],[-167.857493,53.392768]],[[-166.294301,53.727973],[-166.547231,53.625922],[-166.656361,53.502387],[-166.87682,53.481513],[-167.391347,53.344428],[-167.66511,53.241929],[-167.850046,53.309638],[-167.474599,53.434027],[-167.15864,53.477118],[-167.155385,53.622626],[-166.946523,53.715766],[-167.163401,53.857367],[-167.021596,53.961249],[-166.753896,54.016018],[-166.4558,53.896145],[-166.440378,53.754462],[-166.294301,53.727973]],[[-165.739084,54.12519],[-166.040761,54.036444],[-166.071238,54.185207],[-165.879628,54.213446],[-165.739084,54.12519]],[[-163.073842,54.687567],[-163.430735,54.68008],[-163.622548,54.611802],[-164.13268,54.623236],[-164.405588,54.435981],[-164.652577,54.391995],[-164.845286,54.423489],[-164.958241,54.58515],[-164.700673,54.67829],[-164.547353,54.882758],[-164.313954,54.893012],[-163.916737,55.036363],[-163.571645,55.057034],[-163.373036,54.79267],[-163.144154,54.770331],[-163.073842,54.687567]],[[-160.497385,55.194648],[-160.627065,55.153713],[-160.847401,55.207099],[-160.853627,55.331855],[-160.695994,55.406928],[-160.497385,55.194648]],[[-165.582102,59.950995],[-166.244008,59.807847],[-166.613352,59.856391],[-167.189809,60.027777],[-167.436147,60.19538],[-167.288075,60.238715],[-166.873972,60.210639],[-166.792307,60.292304],[-166.459218,60.387152],[-166.185374,60.402167],[-165.98823,60.320624],[-165.684438,60.299791],[-165.7329,60.176337],[-165.582102,59.950995]],[[-168.740712,63.280992],[-168.811838,63.170111],[-169.287343,63.193305],[-169.716176,63.024848],[-169.817454,63.126776],[-170.113393,63.202786],[-170.444325,63.359198],[-170.85615,63.460354],[-171.083852,63.444892],[-171.43932,63.31977],[-171.735585,63.375922],[-171.852895,63.521186],[-171.72057,63.752672],[-171.504343,63.653266],[-170.93696,63.571682],[-170.662587,63.672512],[-170.297353,63.695543],[-170.038564,63.531928],[-169.549509,63.362942],[-169.007639,63.34927],[-168.740712,63.280992]],[[-52.628814,47.526679],[-52.785634,47.311469],[-52.941274,46.791327],[-53.066884,46.665595],[-53.211334,46.635321],[-53.37385,46.734849],[-53.622874,46.655829],[-53.598704,46.905951],[-53.643381,46.985419],[-53.572581,47.162055],[-54.050364,46.808051],[-54.188547,46.828437],[-54.150461,47.005316],[-53.910553,47.372748],[-53.885854,47.527493],[-54.013295,47.807196],[-54.141021,47.835761],[-54.458363,47.499416],[-54.602935,47.40998],[-54.866078,47.379584],[-54.989247,47.28026],[-55.095123,47.059882],[-55.250885,46.91885],[-55.417836,46.866604],[-55.589223,46.902899],[-55.851308,46.870998],[-55.97997,46.970364],[-55.869862,47.075141],[-55.487172,47.140286],[-55.301259,47.267646],[-55.072174,47.597357],[-55.375885,47.686469],[-55.437815,47.471381],[-55.774159,47.45775],[-55.968495,47.759833],[-56.234975,47.631985],[-56.672027,47.626695],[-56.777455,47.533393],[-57.120717,47.567613],[-57.329661,47.632799],[-57.84732,47.652411],[-58.097768,47.695217],[-59.111643,47.560777],[-59.301137,47.614203],[-59.282867,47.759426],[-59.398834,47.880316],[-59.241689,48.01553],[-59.00178,48.122504],[-58.536204,48.453559],[-58.703236,48.554511],[-58.666575,48.725816],[-58.443349,49.056789],[-58.13622,49.094875],[-58.229482,49.268459],[-58.185902,49.442694],[-57.926096,49.58926],[-57.939768,49.705268],[-57.610178,50.165676],[-57.456858,50.483059],[-57.299631,50.649482],[-56.977203,50.881496],[-56.979888,50.987779],[-56.795237,51.137844],[-56.720204,51.319322],[-56.106191,51.528998],[-55.514068,51.603949],[-55.408518,51.579413],[-55.491851,51.388373],[-55.617421,51.304389],[-55.966868,51.346584],[-56.018422,51.218248],[-55.719106,51.184312],[-55.873118,50.917304],[-56.427846,50.375678],[-56.523427,50.196438],[-56.738759,50.026801],[-56.802073,49.8015],[-56.725331,49.690253],[-56.148793,50.155707],[-55.722646,49.93122],[-55.938629,49.609687],[-55.644765,49.390286],[-55.582387,49.472357],[-55.15567,49.549302],[-55.22289,49.264553],[-54.742909,49.31977],[-54.544749,49.52912],[-54.4794,49.400539],[-54.041086,49.480862],[-53.679107,49.366848],[-53.453684,49.242174],[-53.608957,49.043687],[-53.92394,48.91767],[-53.877919,48.747952],[-53.704213,48.660956],[-53.774485,48.550767],[-53.521474,48.462226],[-53.414174,48.623765],[-53.259145,48.526597],[-53.143056,48.636461],[-52.9829,48.604193],[-53.058461,48.435858],[-53.187408,48.355292],[-53.639475,48.169338],[-53.941274,48.176703],[-53.905181,48.08511],[-53.68399,48.08039],[-53.621571,48.00495],[-53.846791,47.706773],[-53.605133,47.539374],[-53.498687,47.746405],[-53.276479,48.016425],[-52.865834,48.123969],[-53.053578,47.932563],[-53.243642,47.592597],[-53.113759,47.430569],[-52.704213,47.756008],[-52.628814,47.526679]],[[-57.871449,54.817857],[-58.157094,54.763861],[-58.22525,54.853013],[-57.941314,54.925605],[-57.871449,54.817857]],[[-6.105458,53.495185],[-6.096995,53.285549],[-5.996571,52.964911],[-6.215321,52.665961],[-6.209096,52.545844],[-6.448069,52.355902],[-6.369862,52.179999],[-6.786285,52.210028],[-6.897084,52.152045],[-7.435455,52.125678],[-7.589915,51.991156],[-7.829335,51.953437],[-7.891469,51.881903],[-8.301747,51.758205],[-8.539174,51.648383],[-9.107737,51.549384],[-9.349233,51.474026],[-9.425038,51.557563],[-9.80663,51.445705],[-9.770334,51.592231],[-10.234609,51.85102],[-10.266225,51.988471],[-9.929596,52.071926],[-10.028066,52.139635],[-10.26773,52.13581],[-10.275787,52.268134],[-9.837229,52.254299],[-9.848378,52.428412],[-9.576975,52.57038],[-9.437571,52.966742],[-9.272206,53.146674],[-8.96349,53.151801],[-9.022084,53.275458],[-9.511708,53.228339],[-10.025746,53.385403],[-10.152659,53.543606],[-9.930735,53.599799],[-9.908437,53.762112],[-9.566396,53.796291],[-9.615468,53.89883],[-9.838531,53.963568],[-9.988189,54.213121],[-9.785512,54.33808],[-9.209462,54.267564],[-8.485951,54.288642],[-8.612864,54.375474],[-8.287343,54.479438],[-8.120839,54.646552],[-8.596913,54.619289],[-8.795522,54.698432],[-8.490712,54.851996],[-8.456614,54.995429],[-8.26301,55.161078],[-7.814198,55.20185],[-7.527821,55.132554],[-7.51358,55.274359],[-7.332509,55.372789],[-6.754506,55.177802],[-6.475942,55.248684],[-6.037099,55.167914],[-6.062082,55.074123],[-5.797597,54.84455],[-5.747955,54.680406],[-5.53661,54.657457],[-5.433461,54.466254],[-5.61262,54.255561],[-5.86205,54.230536],[-5.911977,54.091295],[-6.378977,53.916897],[-6.243235,53.865139],[-6.222768,53.646064],[-6.105458,53.495185]],[[-61.62975,56.84634],[-61.352284,56.859931],[-61.372792,56.692084],[-61.647125,56.743842],[-61.62975,56.84634]],[[-3.323476,56.365912],[-2.950266,56.431871],[-2.576812,56.283922],[-2.783599,56.191962],[-2.964345,56.205634],[-3.303456,55.977607],[-2.939931,55.969306],[-2.802805,56.064846],[-2.635121,56.058051],[-2.307769,55.935004],[-2.14684,55.917304],[-1.821685,55.63642],[-1.630849,55.58511],[-1.570058,55.2862],[-1.370229,54.975531],[-1.275461,54.74844],[-1.103627,54.624661],[-0.562978,54.477362],[-0.397572,54.269192],[-0.11144,54.131578],[-0.219472,54.022773],[-0.151112,53.899319],[0.133474,53.642646],[-0.04662,53.57038],[0.219493,53.419501],[0.342133,53.226304],[0.329845,53.086493],[0.022146,52.912584],[0.246755,52.795722],[0.379242,52.790839],[0.569591,52.969306],[0.966075,52.974433],[1.274669,52.929185],[1.644216,52.775824],[1.771169,52.485907],[1.630544,52.270453],[1.582286,52.081488],[1.135427,51.781724],[0.886974,51.782131],[0.92449,51.588324],[0.554535,51.412177],[0.977224,51.349189],[1.423839,51.392076],[1.357188,51.131008],[1.027599,51.041653],[0.94516,50.909369],[0.802257,50.939195],[0.624197,50.85871],[0.370291,50.818793],[0.271007,50.747382],[-0.173166,50.829006],[-0.568959,50.802069],[-0.812815,50.734768],[-1.317291,50.800238],[-1.94929,50.713324],[-1.983713,50.596625],[-2.435902,50.637519],[-2.864817,50.733791],[-3.259836,50.674547],[-3.467275,50.585598],[-3.487457,50.411566],[-3.645619,50.22602],[-4.032948,50.294908],[-4.216135,50.415717],[-4.495351,50.328437],[-4.752105,50.330308],[-4.80016,50.22956],[-5.020375,50.191962],[-5.098053,50.01439],[-5.210357,49.966742],[-5.437978,50.194322],[-5.050282,50.428697],[-5.025258,50.524237],[-4.79247,50.595201],[-4.55012,50.809556],[-4.526438,51.01496],[-4.337717,50.996649],[-4.152333,51.211615],[-3.769154,51.247707],[-3.384999,51.186225],[-3.057525,51.208157],[-2.959584,51.374254],[-2.696156,51.512641],[-2.693756,51.596177],[-3.105621,51.497219],[-3.184804,51.39761],[-3.539174,51.398505],[-3.717926,51.478583],[-3.854888,51.623847],[-3.974599,51.562974],[-4.27245,51.554755],[-4.379262,51.726874],[-4.645375,51.732123],[-4.71231,51.650092],[-4.941029,51.596503],[-5.125885,51.856024],[-5.28893,51.916938],[-4.513824,52.135688],[-4.197133,52.279283],[-4.053131,52.542426],[-4.048818,52.721584],[-4.129872,52.889228],[-4.596059,52.928412],[-4.358225,53.028469],[-4.340891,53.112738],[-4.151519,53.228095],[-3.76887,53.319159],[-3.562327,53.29442],[-3.058258,53.43476],[-3.099477,53.572008],[-2.951731,53.708075],[-3.049184,53.769517],[-3.017568,53.931952],[-2.795969,54.12519],[-2.850942,54.184638],[-3.240956,54.112128],[-3.474273,54.3935],[-3.634185,54.512885],[-3.387929,54.883368],[-3.844309,54.866278],[-3.964182,54.771918],[-4.347646,54.807318],[-4.348134,54.701972],[-4.85912,54.866278],[-5.128245,54.848944],[-5.170806,55.008694],[-4.617787,55.495592],[-4.671132,55.584418],[-4.920522,55.708564],[-4.983144,55.871039],[-5.313629,56.012356],[-5.447621,56.009426],[-5.317779,55.783026],[-5.639963,55.3039],[-5.772288,55.301256],[-5.721832,55.564602],[-5.581207,55.757636],[-5.696401,55.915961],[-5.522532,56.165758],[-5.598053,56.258612],[-5.410878,56.552069],[-5.667388,56.498481],[-6.003407,56.61872],[-5.735504,56.89411],[-5.831695,56.997138],[-5.599436,57.279242],[-5.807769,57.354926],[-5.8697,57.500881],[-5.762807,57.633979],[-5.807362,57.84394],[-5.61262,57.928778],[-5.48705,57.855862],[-5.292633,57.980618],[-5.31078,58.243394],[-5.05012,58.453803],[-4.988189,58.628323],[-4.382395,58.524644],[-3.810129,58.573065],[-3.204091,58.661119],[-3.086334,58.414211],[-3.22053,58.305569],[-4.030141,57.953192],[-4.139068,57.846869],[-3.914784,57.807685],[-4.11856,57.592963],[-3.837473,57.592963],[-3.491851,57.713121],[-3.078684,57.66942],[-2.916086,57.702826],[-2.432851,57.668118],[-2.108144,57.704983],[-1.829457,57.613471],[-1.759348,57.473578],[-1.980295,57.319281],[-2.049306,57.118842],[-2.219879,56.872626],[-2.440745,56.734849],[-2.530019,56.580756],[-2.764801,56.475735],[-3.060618,56.451728],[-3.323476,56.365912]],[[-14.563629,66.384508],[-14.959137,66.296454],[-15.075999,66.049628],[-14.677317,66.05622],[-14.604726,65.963935],[-14.822987,65.815863],[-14.397613,65.730048],[-13.821278,65.54149],[-13.609609,65.514228],[-13.687652,65.306383],[-13.520172,65.172187],[-13.526967,65.055487],[-13.867787,64.794745],[-14.048451,64.719713],[-14.493479,64.658271],[-14.510487,64.442328],[-14.712514,64.41413],[-14.995473,64.2626],[-15.363637,64.336819],[-15.464019,64.251288],[-15.992055,64.144477],[-16.350494,63.965562],[-16.895823,63.807766],[-17.86026,63.737006],[-17.964955,63.522528],[-18.732045,63.396715],[-19.287262,63.438666],[-19.769887,63.534247],[-20.185699,63.54442],[-20.442128,63.671373],[-21.168324,63.875556],[-21.659901,63.831855],[-22.336415,63.863186],[-22.717519,63.828437],[-22.685902,63.945746],[-21.963368,64.082261],[-21.81786,64.237982],[-21.962636,64.297309],[-22.391021,64.637844],[-22.319651,64.753852],[-23.246246,64.830471],[-23.833567,64.725898],[-24.060048,64.891059],[-23.849762,64.930569],[-23.224029,64.949408],[-23.210194,65.016913],[-22.674428,65.007554],[-22.033844,65.114936],[-22.557688,65.168931],[-22.201283,65.317694],[-22.199208,65.432318],[-22.589182,65.53559],[-22.925771,65.573188],[-23.897532,65.404608],[-24.196685,65.501166],[-24.049875,65.803534],[-23.866607,65.875556],[-23.792592,66.07038],[-23.461415,66.204169],[-23.027699,66.10871],[-22.865956,66.159491],[-23.098053,66.318305],[-22.850331,66.466986],[-22.376698,66.432563],[-22.214101,66.2897],[-21.749867,66.185777],[-21.723012,66.082221],[-21.318512,65.987779],[-21.278188,65.856879],[-21.417877,65.763495],[-21.369862,65.487128],[-21.19518,65.408108],[-20.91808,65.601386],[-20.665761,65.690863],[-20.328521,65.627834],[-20.263295,65.744534],[-20.448883,66.029446],[-20.030588,66.083441],[-19.879791,65.905219],[-19.65038,65.76496],[-19.41804,65.753852],[-19.497914,65.977525],[-19.362701,66.088365],[-18.944692,66.19066],[-18.69225,66.169989],[-18.540028,65.974189],[-18.228139,65.939399],[-18.296986,66.179633],[-17.91275,66.152289],[-17.672963,66.007066],[-17.419342,65.994045],[-17.217356,66.194241],[-16.919749,66.124335],[-16.48705,66.189521],[-16.421946,66.287095],[-16.543324,66.506985],[-16.022939,66.536607],[-15.775136,66.289455],[-15.419667,66.172309],[-14.839752,66.391832],[-14.563629,66.384508]],[[-72.948964,66.734565],[-73.005483,66.779202],[-72.803456,67.042955],[-72.350901,67.119452],[-72.193349,67.275702],[-72.369822,67.330797],[-72.436106,67.53148],[-72.857411,67.860541],[-72.988393,68.173285],[-73.200266,68.275295],[-73.728017,68.313666],[-73.947377,68.413479],[-73.885203,68.554877],[-74.372548,68.543769],[-74.878855,68.825507],[-75.496653,68.934231],[-76.325551,68.698472],[-76.673166,68.765815],[-76.533803,68.881415],[-76.638132,69.015937],[-76.422475,69.059882],[-75.989858,69.010891],[-75.571726,69.15705],[-75.687449,69.287055],[-76.629587,69.545966],[-77.038401,69.60578],[-76.87328,69.818671],[-77.490915,69.862738],[-77.682688,69.824897],[-77.682566,70.183661],[-77.89155,70.263739],[-78.389109,70.216376],[-78.7447,70.456122],[-79.156199,70.497056],[-79.565134,70.390204],[-78.766916,70.191392],[-78.66511,70.013821],[-78.888051,69.893785],[-79.680857,69.848578],[-79.835154,69.953437],[-81.071523,70.09927],[-81.193227,70.0008],[-80.779897,69.756008],[-80.951243,69.736151],[-81.600046,69.977444],[-82.125844,69.818061],[-82.441477,69.844062],[-83.051625,70.010484],[-83.6728,69.946357],[-84.694773,70.006578],[-84.951975,70.066555],[-85.782908,69.995185],[-86.269724,70.113471],[-86.639231,70.325141],[-86.858225,70.325141],[-87.031443,70.468492],[-87.425038,70.315253],[-87.852528,70.237982],[-88.141306,70.395901],[-88.694081,70.465033],[-89.449086,70.908026],[-89.126332,71.031562],[-88.642405,71.054592],[-88.324941,70.958441],[-87.358591,70.949612],[-87.228261,71.011054],[-88.066965,71.212836],[-88.615793,71.237006],[-89.813425,71.329006],[-89.963002,71.415107],[-89.976633,71.657945],[-89.797922,71.764594],[-90.104685,71.916327],[-89.992543,72.071601],[-89.761708,72.125556],[-89.963002,72.257392],[-89.753245,72.610826],[-89.320872,72.88231],[-89.311879,73.046291],[-89.051218,73.251695],[-88.413767,73.525458],[-87.764475,73.716742],[-86.714182,73.847398],[-86.018625,73.854885],[-85.105702,73.811998],[-84.951975,73.66767],[-85.577219,73.512397],[-86.030344,73.302436],[-86.698557,72.816107],[-86.680247,72.646186],[-86.326121,72.503648],[-86.253407,72.394599],[-86.460439,72.203355],[-86.408193,72.005805],[-86.127553,71.794257],[-85.496938,71.51439],[-84.959665,71.428778],[-84.528269,71.473131],[-84.891591,71.632961],[-85.257883,71.668362],[-85.747263,71.948554],[-85.500925,72.214423],[-85.035837,72.254706],[-84.782216,72.362128],[-85.344309,72.412909],[-85.702463,72.634711],[-85.652333,72.871243],[-85.463572,73.111884],[-84.836659,73.389065],[-84.007517,73.50495],[-82.831125,73.736721],[-81.528391,73.716213],[-81.229075,73.5397],[-81.133534,73.247056],[-80.642771,73.169827],[-80.64033,72.927924],[-80.26891,72.725165],[-80.558461,72.62759],[-80.5124,72.381537],[-80.831614,72.260688],[-80.759389,71.983629],[-80.396677,72.050116],[-80.482859,72.180732],[-80.049021,72.397895],[-79.283396,72.394436],[-78.943308,72.19595],[-78.569569,72.355658],[-78.535146,72.514635],[-77.977122,72.698432],[-77.601023,72.755805],[-76.889109,72.743476],[-76.651967,72.638739],[-75.735056,72.582587],[-75.198354,72.497626],[-74.941721,72.257392],[-75.063181,72.128241],[-74.236806,72.076117],[-74.118031,71.967231],[-74.262685,71.81977],[-74.742421,71.733629],[-74.634592,71.655097],[-73.905873,71.775621],[-73.596425,71.763902],[-73.687937,71.593248],[-73.253896,71.330024],[-72.970041,71.287299],[-72.994618,71.40766],[-72.755076,71.435614],[-72.831044,71.49901],[-72.638987,71.545478],[-72.472605,71.647284],[-71.581899,71.515082],[-71.117055,71.270453],[-71.445017,71.073472],[-72.045115,71.084784],[-72.356272,70.87873],[-72.164174,70.83039],[-72.33727,70.757799],[-71.953114,70.791327],[-71.322825,70.887193],[-71.15095,71.037746],[-70.787221,71.114569],[-70.516428,70.937079],[-70.712961,70.839748],[-70.61738,70.729885],[-69.914988,70.879869],[-69.590281,70.773424],[-69.097849,70.72309],[-68.362253,70.584296],[-68.458608,70.372992],[-69.470204,70.248114],[-68.643625,70.14704],[-68.928171,69.955268],[-68.663279,69.941881],[-68.336903,70.068834],[-68.323069,70.223375],[-68.156972,70.318345],[-67.808542,70.263739],[-67.249501,69.963446],[-67.115468,69.728664],[-68.013051,69.776068],[-68.587473,69.59101],[-68.005116,69.461982],[-67.22761,69.464342],[-66.788035,69.340033],[-66.668772,69.184556],[-67.678049,69.177191],[-67.735463,69.040107],[-68.04304,68.972235],[-68.133168,68.837226],[-68.54719,68.753079],[-68.360544,68.62995],[-67.931223,68.528225],[-67.664133,68.564683],[-67.063954,68.474921],[-66.765981,68.242133],[-66.313547,68.129136],[-66.214101,68.005072],[-65.758616,67.968411],[-65.181508,67.967231],[-64.964792,68.052436],[-64.719553,67.985175],[-65.045644,67.851752],[-64.607045,67.831773],[-64.289744,67.729438],[-63.941599,67.361029],[-63.888499,67.241604],[-63.412099,67.217719],[-63.163645,67.337551],[-62.976918,67.221869],[-63.250437,67.13231],[-63.34907,66.890692],[-62.905019,66.973049],[-62.284006,66.946112],[-62.004099,67.036811],[-61.60558,66.871649],[-61.270457,66.604804],[-61.576283,66.550482],[-61.492299,66.367418],[-61.93456,66.289455],[-62.219553,66.397162],[-62.538523,66.227362],[-61.954213,66.019761],[-62.428904,65.978705],[-62.306386,65.828925],[-62.510325,65.79328],[-62.594187,65.664008],[-63.160105,65.649237],[-63.366648,65.538316],[-63.497507,65.370836],[-63.405222,65.032782],[-63.6551,64.918362],[-63.885121,65.086127],[-64.178456,65.176703],[-64.902089,65.28205],[-65.114735,65.50434],[-65.293528,65.560492],[-65.503123,65.76675],[-65.353342,65.91413],[-65.899403,65.953681],[-65.959055,66.114691],[-66.147776,66.140692],[-66.471791,66.344062],[-66.730662,66.373603],[-66.961293,66.540839],[-67.303171,66.280748],[-67.574778,66.419176],[-67.852406,66.413398],[-67.752919,66.254706],[-67.29365,66.111314],[-67.170115,65.932563],[-67.810007,65.878404],[-67.926991,65.620103],[-67.454905,65.67886],[-67.433054,65.503648],[-67.060251,65.453355],[-67.168813,65.268541],[-66.935862,65.215969],[-66.967478,65.086615],[-66.649363,64.969916],[-66.208567,64.89704],[-66.012644,64.754462],[-65.824045,64.882758],[-65.582834,64.756822],[-65.726064,64.515204],[-65.081044,64.479193],[-65.307362,64.193427],[-65.076731,64.083441],[-64.663035,64.027818],[-64.895253,63.897366],[-64.929514,63.777655],[-64.676137,63.740302],[-64.559438,63.562201],[-64.484364,63.287787],[-64.771718,63.328803],[-64.931711,63.571357],[-65.099314,63.549506],[-64.764963,63.05508],[-64.887074,62.869371],[-65.203684,62.895575],[-64.962473,62.662665],[-65.169626,62.568427],[-65.603831,62.825141],[-65.665883,62.912258],[-66.053456,62.999823],[-66.190663,62.951402],[-66.519236,63.077338],[-66.697865,63.03852],[-67.012441,63.287787],[-67.239817,63.321357],[-67.500681,63.442816],[-67.689687,63.63288],[-67.868886,63.46369],[-68.496205,63.740302],[-68.928171,63.760728],[-68.760325,63.554755],[-68.403391,63.375922],[-68.146921,63.160631],[-67.798655,63.088853],[-67.197987,62.876899],[-66.982004,62.70307],[-66.551462,62.560736],[-66.301951,62.35106],[-65.930002,62.197821],[-66.128529,62.088609],[-65.950429,61.896877],[-66.274485,61.8581],[-66.555247,61.907375],[-66.773549,62.017239],[-67.400624,62.149807],[-68.55366,62.249742],[-69.02717,62.379788],[-69.445058,62.553534],[-69.626943,62.791002],[-70.240305,62.754096],[-70.493235,62.866604],[-70.829661,62.896796],[-71.02892,63.078599],[-71.372629,63.048529],[-71.688466,63.173774],[-71.766469,63.284125],[-71.686228,63.424384],[-71.27717,63.566148],[-71.583201,63.592515],[-71.565623,63.690823],[-71.827585,63.779608],[-71.931467,63.686916],[-72.317576,63.67886],[-72.319854,63.780707],[-72.598093,63.867133],[-73.130076,64.291693],[-73.386301,64.28148],[-73.481882,64.405097],[-73.452341,64.591498],[-73.891591,64.554185],[-74.083933,64.640937],[-74.55073,64.631008],[-74.713083,64.382025],[-75.23823,64.455064],[-75.706858,64.57925],[-75.862131,64.377631],[-76.727895,64.296129],[-77.133249,64.301093],[-77.662343,64.377346],[-77.757802,64.342963],[-78.184763,64.586737],[-78.07311,64.815904],[-78.143992,64.957261],[-77.963612,65.051947],[-77.312815,65.200141],[-77.51415,65.326117],[-77.435658,65.459621],[-76.676869,65.411078],[-75.757314,65.213813],[-75.715403,65.308783],[-75.215443,65.254136],[-74.872182,65.398139],[-74.502919,65.343492],[-74.17927,65.52851],[-73.496042,65.493964],[-73.717844,65.774604],[-74.012318,65.855129],[-74.420359,66.083441],[-74.345408,66.225816],[-74.082021,66.300238],[-73.455637,66.550605],[-73.332143,66.663398],[-72.948964,66.734565]],[[-35.988637,65.984809],[-36.388783,66.01553],[-36.826405,65.919582],[-37.210113,65.775295],[-37.641957,65.925727],[-37.797922,66.048733],[-37.215403,66.346177],[-37.758697,66.29564],[-37.967926,66.117987],[-37.985219,65.949897],[-38.269643,65.905178],[-38.111236,65.771796],[-38.22057,65.64643],[-38.66926,65.589993],[-39.197418,65.593329],[-39.44815,65.546942],[-39.63565,65.679023],[-39.874501,65.505927],[-39.857574,65.235785],[-40.122874,65.166205],[-40.184316,65.041897],[-40.759674,65.082831],[-41.077626,65.067694],[-41.054555,64.877387],[-40.629058,64.692084],[-40.561106,64.51496],[-40.358306,64.359036],[-40.836171,64.380316],[-41.077748,64.311103],[-41.524892,64.326117],[-41.387278,64.178534],[-40.711985,64.158026],[-40.560943,64.106879],[-40.614125,63.807563],[-40.513295,63.72602],[-40.879506,63.657701],[-40.80134,63.500067],[-41.049387,63.502143],[-41.169097,63.39057],[-41.530995,63.431952],[-41.667144,63.510077],[-41.907053,63.463528],[-41.47289,63.225775],[-41.549469,63.052924],[-41.750111,62.84394],[-42.01769,62.79682],[-42.423085,62.815823],[-42.708241,62.692857],[-42.383697,62.571519],[-42.253733,62.437445],[-42.411977,62.349311],[-42.267486,62.246568],[-42.418121,62.012885],[-42.117177,62.006741],[-42.19225,61.869574],[-42.419301,61.699897],[-42.325063,61.624498],[-42.527455,61.533759],[-42.500111,61.361802],[-42.707509,61.291815],[-42.672515,61.025133],[-42.885081,60.845404],[-42.78539,60.746283],[-42.826283,60.611274],[-43.200347,60.55329],[-43.315419,60.437486],[-43.089752,60.258857],[-43.138173,60.080756],[-43.99059,60.190863],[-44.481313,60.123725],[-44.590199,59.989081],[-44.974843,60.03974],[-45.187327,60.212633],[-44.926381,60.327094],[-44.938873,60.483588],[-45.214223,60.438951],[-45.393666,60.516343],[-45.981597,60.58039],[-45.721506,60.738674],[-46.0006,60.802883],[-46.032826,60.913886],[-46.375722,61.084662],[-46.631744,60.992621],[-46.862294,60.800116],[-47.056508,60.860785],[-47.438344,60.827379],[-47.932118,60.841742],[-48.07787,60.973619],[-48.017445,61.046536],[-48.61913,61.212144],[-48.545766,61.381293],[-48.852895,61.402777],[-49.241078,61.607571],[-49.263783,61.725531],[-49.434926,61.847357],[-49.310414,61.996161],[-49.575836,62.072903],[-49.496571,62.150092],[-49.69579,62.266791],[-50.013824,62.32038],[-50.307729,62.491278],[-50.178456,62.766425],[-50.415761,62.945217],[-50.562978,62.980902],[-50.593007,63.230292],[-50.886627,63.148383],[-51.056304,63.18476],[-51.127309,63.495551],[-51.395863,63.575181],[-51.539215,63.685045],[-51.402943,63.81273],[-51.439931,64.082261],[-51.731516,64.208441],[-51.134674,64.20775],[-50.899526,64.406684],[-50.624501,64.466702],[-50.78482,64.602362],[-50.480336,64.712877],[-50.6551,64.821601],[-50.909739,64.685045],[-51.252553,64.760199],[-51.505116,64.472724],[-51.835072,64.225043],[-52.142606,64.222183],[-52.156158,64.678778],[-51.879262,64.837063],[-52.278554,65.078803],[-52.198598,65.284613],[-52.567047,65.31623],[-52.272857,65.446519],[-52.791737,65.534735],[-52.755605,65.672309],[-53.190419,65.675238],[-53.071441,65.810289],[-53.455393,65.960761],[-53.353668,66.112128],[-53.663197,66.138617],[-53.565012,66.246243],[-53.695302,66.358832],[-53.42691,66.645331],[-52.66747,66.69302],[-53.095774,66.931952],[-53.647043,66.911566],[-53.634633,66.996527],[-53.964915,67.104438],[-53.805735,67.418606],[-53.378814,67.532294],[-53.047719,67.695787],[-52.409088,67.769232],[-51.864125,67.635891],[-51.444814,67.747056],[-52.231923,67.769232],[-52.342152,67.821723],[-52.824045,67.796454],[-53.06432,67.735745],[-53.576731,67.518866],[-53.735341,67.613349],[-53.541412,67.719672],[-53.687652,67.811835],[-53.200429,67.96776],[-53.135894,68.109117],[-52.582875,68.191067],[-51.931549,68.04682],[-51.217112,68.070868],[-51.223256,68.274807],[-51.648061,68.274644],[-52.445139,68.181464],[-52.806711,68.221666],[-53.08849,68.317857],[-52.616444,68.525946],[-51.964711,68.587551],[-51.568837,68.523871],[-51.148834,68.584784],[-50.929067,68.67414],[-51.101877,68.866197],[-51.079905,69.132799],[-50.790191,69.128485],[-50.476633,69.023627],[-50.174916,69.029771],[-50.470367,69.208564],[-50.887522,69.174465],[-50.847157,69.626288],[-50.332875,69.88996],[-50.939117,69.963568],[-52.329498,70.053616],[-52.609975,70.217108],[-53.231842,70.353095],[-54.018707,70.413235],[-54.588124,70.682563],[-54.325836,70.797593],[-53.979644,70.829657],[-53.43399,70.752672],[-52.790639,70.756781],[-52.450347,70.702582],[-51.549428,70.431586],[-50.992787,70.424954],[-51.347401,70.571601],[-51.399159,70.697333],[-51.189768,70.886908],[-51.914866,71.02143],[-51.535756,71.31269],[-51.749013,71.360419],[-52.049428,71.24726],[-52.25768,71.365546],[-52.992258,71.421332],[-52.700917,71.525946],[-52.258616,71.579535],[-52.662994,71.679755],[-53.678944,71.742499],[-53.951772,71.437812],[-54.625152,71.351304],[-54.980824,71.436225],[-55.514475,71.449164],[-55.847524,71.721991],[-55.370107,71.825995],[-55.267812,71.927314],[-55.551747,72.038153],[-54.883453,72.251166],[-55.651275,72.450385],[-55.512115,72.515123],[-54.968332,72.516995],[-54.650258,72.844957],[-54.981435,72.998969],[-55.465688,73.072943],[-55.459462,73.25788],[-55.269114,73.386623],[-55.843088,73.683092],[-55.945465,73.861233],[-56.331288,74.044501],[-56.256947,74.237942],[-56.603383,74.244818],[-56.613637,74.450873],[-56.241933,74.497707],[-56.877431,74.711615],[-56.846018,74.811225],[-58.1315,75.108222],[-58.659535,75.377346],[-58.166737,75.500434],[-58.55724,75.65412],[-59.041615,75.701361],[-59.272206,75.880113],[-60.124176,76.031887],[-60.832143,76.033637],[-60.872548,76.158149],[-62.397613,76.244574],[-63.476918,76.376899],[-63.723297,76.184475],[-64.031117,76.136054],[-64.381215,76.260321],[-65.066762,76.137397],[-65.354482,76.026801],[-65.888905,76.102525],[-66.413726,76.086127],[-67.047109,76.267035],[-67.307769,76.164008],[-66.487131,75.947414],[-68.432525,76.079413],[-69.57726,76.437649],[-68.732777,76.586249],[-68.031117,76.584052],[-67.985585,76.684149],[-68.910308,76.664862],[-70.660146,76.801988],[-71.345611,76.991767],[-70.90331,77.191352],[-69.061879,77.25727],[-68.369496,77.376858],[-66.772776,77.35635],[-66.053375,77.493476],[-66.613433,77.673896],[-67.140859,77.672268],[-67.591664,77.524359],[-68.638417,77.509711],[-69.222564,77.452908],[-70.255442,77.557359],[-70.675649,77.680162],[-70.679026,77.78148],[-71.312815,77.769843],[-72.784291,78.107611],[-72.590199,78.521226],[-71.941803,78.558254],[-71.554555,78.643459],[-69.438629,78.808783],[-69.033925,78.980048],[-68.040191,79.07685],[-66.678863,79.144436],[-66.117096,79.102769],[-65.153554,79.37641],[-64.859853,79.507758],[-65.12857,79.850287],[-64.926015,80.072659],[-65.30606,80.096015],[-67.05012,80.061184],[-67.462392,80.184719],[-67.455434,80.342515],[-66.787506,80.46369],[-66.758412,80.552436],[-65.124745,80.779731],[-64.753529,80.996243],[-63.929433,81.056871],[-62.976796,81.228339],[-61.501536,81.107856],[-60.939524,81.184556],[-61.296254,81.371039],[-60.786855,81.508857],[-61.454254,81.745022],[-61.281077,81.815131],[-58.610911,82.105211],[-57.029612,82.188788],[-54.440745,82.372707],[-53.023752,82.008043],[-50.890696,81.878119],[-49.829091,81.871161],[-49.464508,81.947211],[-50.581288,82.153998],[-51.107249,82.509914],[-49.011342,82.454535],[-48.73526,82.35814],[-46.008168,82.0362],[-45.926381,81.946438],[-45.156077,81.789862],[-44.302724,81.814154],[-44.884755,81.979397],[-44.398793,82.105211],[-44.70226,82.257799],[-43.727203,82.406887],[-45.66275,82.726142],[-44.961415,82.768866],[-41.818471,82.752916],[-40.630849,82.575141],[-39.953114,82.693061],[-40.976552,82.774359],[-46.557525,82.89289],[-46.430002,83.062079],[-45.153798,83.16234],[-43.039459,83.211737],[-41.740712,83.194648],[-40.690297,82.986518],[-39.437611,82.961819],[-37.628326,83.153551],[-38.861684,83.256659],[-38.690297,83.425482],[-36.738596,83.538031],[-35.243601,83.537177],[-32.490712,83.634101],[-30.647125,83.601752],[-25.649648,83.297553],[-26.075429,83.208482],[-30.73644,83.137112],[-27.380971,83.060614],[-25.221425,83.167873],[-24.753651,82.998277],[-23.662221,82.838284],[-22.565419,82.796536],[-21.318512,82.605536],[-22.30602,82.427395],[-22.437327,82.339993],[-23.886708,82.278876],[-27.863759,82.185858],[-29.852284,82.13935],[-29.943186,82.085395],[-31.774037,81.961371],[-31.680165,81.834784],[-30.803334,81.865302],[-27.761952,82.062445],[-24.619862,81.987494],[-24.706207,81.781195],[-26.314809,81.616848],[-25.616933,81.560981],[-24.529042,81.646145],[-23.307729,81.792548],[-23.195424,82.022284],[-21.388417,82.083441],[-21.025624,81.771633],[-21.256825,81.517483],[-22.271148,81.150377],[-21.362782,81.200385],[-19.38622,81.635199],[-19.246327,81.554755],[-17.14684,81.413398],[-16.451812,81.639716],[-16.485219,81.749457],[-15.206654,81.814765],[-13.920481,81.812201],[-12.027659,81.637274],[-11.63858,81.388414],[-12.165679,81.331855],[-12.538197,81.186957],[-14.203725,80.914374],[-14.294911,80.784329],[-15.320709,80.714789],[-15.4204,80.648383],[-17.062978,80.662828],[-18.593861,80.573432],[-18.055084,80.491767],[-16.89623,80.583686],[-15.789174,80.40469],[-16.447336,80.219306],[-17.872874,80.161119],[-19.474355,80.260199],[-20.423085,79.839586],[-19.207753,79.708482],[-19.565907,79.385932],[-18.937856,79.261461],[-18.95519,79.148993],[-19.55134,79.113593],[-19.910553,79.018256],[-19.925852,78.828681],[-20.650502,78.830512],[-20.978993,78.766832],[-20.88976,78.564399],[-21.299713,78.269843],[-21.322336,78.076809],[-21.629994,77.998114],[-21.967275,77.679185],[-21.373891,77.776801],[-20.760569,77.970608],[-19.961008,77.790961],[-19.35676,77.7331],[-18.979156,77.616848],[-19.411773,77.542873],[-20.020375,77.692532],[-20.77477,77.617011],[-20.230133,77.372504],[-19.082509,77.318427],[-18.324452,77.208482],[-18.26594,76.920559],[-18.502187,76.748725],[-19.391347,76.831366],[-19.89509,76.92536],[-20.513417,76.945705],[-21.496327,76.695217],[-21.950551,76.774359],[-22.744211,76.698432],[-21.935455,76.622707],[-21.56725,76.384711],[-21.704498,76.255601],[-20.894439,76.307929],[-20.489125,76.223578],[-19.937734,76.257961],[-19.672434,76.127265],[-20.269399,75.992336],[-19.749379,75.888983],[-19.481842,75.738837],[-19.3815,75.541327],[-19.427235,75.225531],[-19.879791,75.149807],[-20.168691,75.341051],[-20.667836,75.293158],[-20.758168,74.831285],[-20.521108,74.684312],[-20.071523,74.663153],[-18.974762,74.484361],[-19.374379,74.266832],[-20.200673,74.279771],[-20.35733,74.445258],[-21.255035,74.474189],[-21.771637,74.438707],[-22.051584,74.320543],[-22.2294,74.101304],[-21.988678,73.998725],[-21.590077,74.057685],[-20.688588,73.886461],[-20.483022,73.758857],[-20.543284,73.449042],[-21.280914,73.45718],[-22.314076,73.250434],[-23.114166,73.354153],[-23.987782,73.597398],[-24.060048,73.820258],[-24.409535,73.727769],[-24.375396,73.559556],[-24.719106,73.492499],[-25.292226,73.473538],[-25.704945,73.272203],[-25.720611,73.138129],[-25.052561,73.08393],[-24.984283,73.025784],[-25.522776,72.840237],[-24.848378,72.724107],[-24.518788,72.415676],[-24.34203,72.331732],[-23.76122,72.244452],[-23.57787,72.147203],[-23.108388,72.06684],[-22.503407,71.900784],[-23.059967,71.712104],[-23.011708,71.641059],[-22.305084,71.697211],[-22.531402,71.464545],[-21.935658,71.486558],[-21.667958,71.401435],[-21.661122,71.188544],[-21.784983,71.086127],[-21.572418,70.955797],[-21.757314,70.8664],[-21.617747,70.743557],[-21.730051,70.579047],[-22.022857,70.499498],[-22.660878,70.438463],[-23.345448,70.440579],[-23.929799,70.613186],[-24.182973,70.804999],[-24.264882,71.081366],[-24.669423,71.271959],[-25.121978,71.31151],[-25.575592,71.520413],[-26.076039,71.586371],[-26.785146,71.546536],[-27.222727,71.745063],[-27.881744,71.978827],[-27.968007,71.871161],[-27.33137,71.718817],[-27.034413,71.531195],[-25.727366,71.474433],[-25.410064,71.353664],[-25.601918,71.169582],[-26.425608,70.974555],[-26.828359,70.935289],[-27.506174,70.942125],[-27.789662,71.022528],[-28.010487,70.739814],[-28.310292,70.56387],[-28.2329,70.372016],[-26.743316,70.484117],[-26.321278,70.379788],[-26.698638,70.290432],[-26.971791,70.328681],[-27.295074,70.250067],[-27.594716,70.060492],[-27.283681,69.992011],[-27.185292,70.167548],[-26.845448,70.26081],[-26.326161,70.19831],[-25.305287,70.413235],[-24.48469,70.247016],[-23.559804,70.11286],[-22.371653,70.115058],[-22.380035,69.971259],[-22.881337,69.962714],[-23.248036,69.853949],[-23.107289,69.77025],[-23.703033,69.718085],[-23.61856,69.617987],[-23.814198,69.512274],[-24.098785,69.533515],[-24.615102,69.280097],[-25.022857,69.225043],[-25.03954,69.132799],[-25.667714,68.870429],[-25.944488,68.790229],[-26.235219,68.792629],[-26.416737,68.658922],[-27.18224,68.60932],[-27.314443,68.535102],[-27.91454,68.512763],[-28.091908,68.443752],[-29.006663,68.347602],[-29.511301,68.221666],[-29.991851,68.379828],[-30.147817,68.23786],[-30.008168,68.126044],[-30.91275,68.045111],[-31.411122,68.118313],[-32.125396,68.050686],[-32.098012,67.906317],[-32.519154,67.872219],[-33.186676,67.557685],[-33.280832,67.418443],[-33.750885,66.988349],[-33.948313,66.926947],[-34.256459,66.584784],[-34.537953,66.501125],[-34.6433,66.380439],[-35.216379,66.241034],[-35.655181,66.275214],[-35.586293,66.111314],[-35.988637,65.984809]],[[-67.880798,60.496805],[-67.960126,60.33256],[-68.320967,60.197129],[-68.439034,60.259333],[-68.241306,60.585606],[-67.999131,60.585889],[-67.880798,60.496805]],[[-64.840566,61.351549],[-64.977162,61.379096],[-65.485829,61.599311],[-65.429189,61.662258],[-65.04662,61.697659],[-64.71703,61.663479],[-64.696604,61.457994],[-64.840566,61.351549]],[[-79.28246,62.269924],[-79.269521,62.145209],[-79.548476,61.759538],[-79.750234,61.585924],[-80.180398,61.774257],[-80.285553,61.930365],[-80.214973,62.137658],[-79.8308,62.410793],[-79.558583,62.420396],[-79.28246,62.269924]],[[-64.380605,62.527493],[-64.594146,62.369818],[-64.922963,62.419501],[-64.841664,62.556057],[-64.380605,62.527493]],[[-70.24059,62.615627],[-70.361982,62.526865],[-70.68224,62.547309],[-70.959625,62.803168],[-70.788645,62.841539],[-70.492493,62.766957],[-70.24059,62.615627]],[[-82.191314,62.986151],[-81.862375,62.92475],[-81.956939,62.697659],[-82.295969,62.58515],[-82.746693,62.310533],[-83.134592,62.176581],[-83.280629,62.252509],[-83.673004,62.145087],[-83.906972,62.4914],[-83.552846,62.699693],[-83.519846,62.826361],[-83.296457,62.930894],[-83.118886,62.847235],[-82.739369,62.938381],[-82.420481,62.927965],[-82.191314,62.986151]],[[-77.537994,63.287787],[-77.644839,63.14317],[-77.940764,63.087149],[-78.531728,63.390204],[-78.18635,63.493232],[-77.703277,63.438178],[-77.537994,63.287787]],[[-76.688873,63.485826],[-76.982086,63.407294],[-77.418284,63.590644],[-77.396962,63.693427],[-77.120269,63.685045],[-76.70934,63.567776],[-76.688873,63.485826]],[[-80.183339,63.767564],[-80.46642,63.727281],[-81.01887,63.450263],[-81.635976,63.575181],[-82.074615,63.69184],[-82.48176,63.685207],[-82.355824,63.852973],[-82.533925,63.973049],[-83.138295,64.006659],[-83.013743,64.191555],[-83.539418,64.110745],[-83.685292,64.014065],[-83.633778,63.770982],[-83.783925,63.7685],[-84.063873,63.620673],[-84.405344,63.554755],[-84.59024,63.315131],[-85.273915,63.123358],[-85.509755,63.129218],[-85.635162,63.243109],[-85.617014,63.674872],[-85.793568,63.713365],[-86.28539,63.646064],[-86.661204,63.657701],[-87.064361,63.554836],[-87.223785,63.660142],[-86.895904,63.930243],[-86.19286,64.10342],[-86.405751,64.438544],[-86.352895,64.650784],[-86.159332,64.939439],[-86.17394,65.286526],[-86.028391,65.665025],[-85.609816,65.910546],[-85.488271,65.796617],[-85.201039,65.809272],[-85.052358,65.614163],[-85.316477,65.54149],[-85.076731,65.456366],[-84.847971,65.213528],[-84.577382,65.489407],[-84.152252,65.332221],[-84.098459,65.20954],[-83.397694,65.136623],[-83.208363,64.947699],[-82.883778,64.879706],[-82.714508,64.780992],[-82.365956,64.768012],[-81.771311,64.51203],[-81.627187,64.123603],[-81.058502,64.026516],[-80.888783,64.122626],[-80.183339,63.767564]],[[-85.001129,66.007636],[-84.714955,65.835273],[-84.574086,65.635647],[-84.713206,65.555162],[-85.11266,65.762112],[-85.186147,65.946845],[-85.001129,66.007636]],[[-84.473541,66.090237],[-84.068837,66.062893],[-83.692738,65.925727],[-83.86974,65.782904],[-84.14273,65.76675],[-84.124582,65.906684],[-84.473541,66.090237]],[[-73.358266,67.83808],[-73.409495,67.776028],[-74.402333,67.778876],[-74.640248,67.856676],[-74.756012,68.063422],[-74.276967,68.077623],[-73.412913,67.968411],[-73.358266,67.83808]],[[-86.577138,68.290595],[-86.407826,68.20775],[-86.412668,67.844916],[-86.597524,67.728217],[-86.836578,67.791815],[-86.985707,68.06745],[-86.747711,68.287014],[-86.577138,68.290595]],[[-75.033518,68.173285],[-75.161366,67.953111],[-75.044057,67.816962],[-75.065053,67.552436],[-75.390452,67.357652],[-75.889272,67.258002],[-76.633656,67.227973],[-76.981557,67.243313],[-77.178049,67.425523],[-77.322662,67.707994],[-77.212229,67.870429],[-76.688873,68.262641],[-76.299143,68.334784],[-75.911204,68.34455],[-75.137603,68.236274],[-75.033518,68.173285]],[[-74.838002,68.420233],[-75.378977,68.498847],[-75.260365,68.720649],[-74.989369,68.668769],[-74.773752,68.4855],[-74.838002,68.420233]],[[-79.079823,68.878974],[-79.423004,68.927395],[-79.204172,69.084906],[-78.863271,69.148424],[-78.730946,69.325263],[-78.312734,69.387112],[-78.829986,68.917426],[-79.079823,68.878974]],[[-76.692291,69.410875],[-76.675201,69.310981],[-76.991526,69.145087],[-77.264963,69.146715],[-77.360463,69.389797],[-77.113433,69.448147],[-76.692291,69.410875]],[[-78.394521,69.646715],[-78.141265,69.749823],[-77.942047,69.646715],[-78.517242,69.484768],[-78.689687,69.561103],[-78.394521,69.646715]],[[-79.971059,69.633124],[-80.210357,69.61872],[-80.803538,69.704657],[-80.50064,69.787421],[-79.97411,69.730618],[-79.672434,69.82038],[-79.348053,69.694525],[-79.612864,69.619818],[-79.971059,69.633124]],[[-71.507965,71.017279],[-71.43871,70.909898],[-72.118153,70.825426],[-72.228017,70.921698],[-72.046132,70.945868],[-72.011586,71.052151],[-71.507965,71.017279]],[[-80.903391,73.607367],[-80.56017,73.772528],[-79.450307,73.635321],[-78.138539,73.66885],[-77.21349,73.51081],[-77.039866,73.358832],[-76.757192,73.320624],[-76.521474,73.129218],[-76.271637,73.102118],[-76.318959,72.816718],[-78.170888,72.898627],[-79.175445,72.754584],[-79.56843,72.759833],[-79.948638,72.84748],[-80.176137,73.0456],[-80.163808,73.233385],[-80.795033,73.285346],[-80.903391,73.607367]],[[-89.674957,76.732611],[-90.064768,76.486151],[-90.568023,76.715644],[-89.982167,76.842353],[-89.674957,76.732611]],[[-79.56017,74.991523],[-79.395172,74.876288],[-80.245432,74.758734],[-80.161733,74.623765],[-80.54186,74.563544],[-81.320221,74.561835],[-81.788686,74.458401],[-82.919993,74.5515],[-83.331939,74.781928],[-83.49352,74.577826],[-84.25829,74.506496],[-87.643625,74.458319],[-88.517812,74.501207],[-88.411773,74.758979],[-89.08373,74.719713],[-89.147369,74.607896],[-89.948638,74.532782],[-90.701324,74.646145],[-90.894114,74.760891],[-91.620839,74.711615],[-92.018463,74.777493],[-92.061147,74.962836],[-92.504018,75.218004],[-92.300038,75.512519],[-92.004384,75.60163],[-92.18456,75.894924],[-92.629791,76.020331],[-92.646718,76.11994],[-93.128326,76.370185],[-93.591054,76.299709],[-94.848134,76.269232],[-95.031321,76.334174],[-95.823313,76.399115],[-96.499623,76.695746],[-96.314443,76.808295],[-96.851145,76.929633],[-95.770741,77.076728],[-94.507965,76.971177],[-94.113596,76.887763],[-93.700917,76.920966],[-92.950307,76.630072],[-92.693023,76.596015],[-91.44107,76.693671],[-90.571685,76.564032],[-90.447825,76.411322],[-89.297597,76.300523],[-89.380116,76.184475],[-91.243642,76.164008],[-90.188222,76.067776],[-89.197662,75.796291],[-89.257192,75.63581],[-88.579945,75.658515],[-88.245351,75.47842],[-87.750844,75.580878],[-87.11148,75.594794],[-86.777821,75.47602],[-86.19636,75.415351],[-86.010365,75.535875],[-85.299062,75.574937],[-85.044911,75.655829],[-84.289622,75.713284],[-83.91808,75.814521],[-83.088979,75.740302],[-82.331044,75.843573],[-81.113149,75.77912],[-81.286285,75.663723],[-80.503407,75.661566],[-80.078603,75.586086],[-79.501047,75.391913],[-79.628489,75.180243],[-80.44343,75.039944],[-80.197011,74.957994],[-79.56017,74.991523]],[[-89.661285,77.35635],[-90.093902,77.204088],[-90.924469,77.307034],[-91.199615,77.407864],[-91.168691,77.617499],[-90.304107,77.629381],[-89.775746,77.486396],[-89.661285,77.35635]],[[-96.623118,80.044338],[-96.018544,80.072008],[-94.845693,80.045396],[-96.321604,80.261623],[-96.027008,80.58393],[-94.375396,80.617418],[-94.69518,80.734117],[-95.499745,80.80801],[-95.231842,81.015326],[-94.15567,81.097846],[-93.313547,81.086656],[-93.217193,81.214545],[-94.395863,81.261705],[-94.188466,81.366645],[-93.096303,81.34748],[-92.236928,81.256334],[-91.147084,80.813056],[-90.709788,80.703315],[-90.639231,80.568508],[-89.324859,80.53677],[-89.057973,80.467841],[-89.260487,80.303656],[-88.708567,80.28974],[-88.468984,80.439887],[-87.700551,80.412584],[-87.575551,80.179592],[-86.971262,79.881578],[-87.18871,79.627834],[-86.309071,79.648098],[-85.563791,79.579779],[-84.918609,79.295966],[-85.510487,79.166205],[-86.503896,79.068671],[-86.614613,78.974189],[-87.858795,78.692694],[-88.042144,78.479315],[-88.551178,78.432807],[-88.770009,78.185533],[-89.71349,78.226142],[-90.332021,78.336371],[-90.352691,78.144599],[-90.884145,78.144599],[-92.116322,78.226955],[-92.952748,78.436713],[-92.655914,78.611884],[-93.346832,78.608344],[-94.271555,78.968207],[-93.593984,79.062649],[-93.432973,79.15648],[-92.627349,79.245429],[-92.580393,79.384752],[-93.495107,79.360175],[-93.786,79.280585],[-94.388417,79.371039],[-94.960683,79.291571],[-95.645985,79.394273],[-95.61148,79.559027],[-96.542714,79.848375],[-96.623118,80.044338]],[[-61.085479,82.331163],[-61.312408,82.197211],[-62.257639,82.023546],[-64.372589,81.724962],[-65.361236,81.734361],[-65.858144,81.627265],[-67.673126,81.59337],[-66.654083,81.499864],[-68.04483,81.373358],[-67.787017,81.317003],[-65.735748,81.493272],[-64.546051,81.55036],[-64.692128,81.390815],[-65.988922,81.228258],[-66.672109,81.039862],[-68.279368,80.759874],[-69.132965,80.536241],[-69.374176,80.397406],[-70.210764,80.188178],[-71.142405,79.789496],[-72.231679,79.662584],[-73.386261,79.754706],[-73.127838,79.55919],[-74.030263,79.450059],[-74.696116,79.450019],[-75.027984,79.373277],[-76.886464,79.352891],[-75.94815,79.237169],[-74.468739,79.227159],[-75.086985,79.031846],[-76.133453,79.124132],[-77.159088,79.071234],[-75.780751,78.982001],[-75.744293,78.897162],[-74.773752,78.834825],[-75.008778,78.537828],[-76.078603,78.466173],[-75.107696,78.375474],[-75.62621,78.199815],[-76.604766,78.255194],[-76.823476,78.185777],[-75.581939,78.113023],[-76.880686,77.905015],[-77.153798,77.948676],[-78.429962,77.911322],[-77.980702,77.816718],[-77.736806,77.600816],[-78.289133,77.37755],[-78.819814,77.383653],[-79.133209,77.291327],[-79.971221,77.280626],[-80.779856,77.335924],[-81.848866,77.290025],[-81.620432,77.201768],[-81.103017,77.287462],[-80.145416,77.211127],[-79.432403,77.238593],[-79.02717,77.090644],[-79.37564,76.925645],[-78.867502,76.924425],[-78.09085,77.022813],[-77.716217,76.821967],[-77.770782,76.664293],[-78.141347,76.527167],[-79.009063,76.424425],[-79.550282,76.316962],[-80.667226,76.164049],[-81.095204,76.218614],[-80.772491,76.419989],[-81.935292,76.494981],[-82.282012,76.400499],[-82.800852,76.38996],[-84.235015,76.446763],[-84.942047,76.422349],[-85.249094,76.316107],[-86.217356,76.374986],[-87.092437,76.381456],[-87.629913,76.335557],[-89.170196,76.42418],[-89.656728,76.565416],[-89.418975,76.687486],[-89.53718,76.856757],[-88.719512,77.014106],[-88.293609,77.136339],[-87.474599,77.111396],[-87.132639,77.213609],[-87.681223,77.35338],[-87.646555,77.486762],[-88.188303,77.640367],[-88.180979,77.801459],[-87.192047,77.904527],[-86.215566,77.79328],[-85.781809,77.504381],[-85.402252,77.400743],[-84.617014,77.383653],[-84.761016,77.52025],[-85.28246,77.659654],[-85.189524,77.798326],[-85.660553,77.950141],[-85.062774,78.06269],[-85.487823,78.116685],[-86.227691,78.06212],[-87.487864,78.127183],[-87.482452,78.451972],[-86.609853,78.809272],[-85.757314,78.831651],[-85.246124,78.916856],[-83.745636,78.838853],[-83.161692,78.724433],[-82.967804,78.940782],[-84.279286,78.955308],[-84.752105,79.038926],[-84.32962,79.192369],[-84.486602,79.412706],[-84.879303,79.487413],[-85.321563,79.679674],[-86.449859,79.754218],[-86.643096,80.153184],[-86.437734,80.320014],[-85.315704,80.268541],[-83.787872,80.250922],[-82.170888,79.868883],[-81.586985,79.601304],[-80.881012,79.653917],[-81.628977,79.768378],[-81.661692,79.907579],[-82.168731,80.018297],[-83.15921,80.335435],[-80.352325,80.472642],[-79.964345,80.611274],[-78.53189,80.780748],[-78.885772,81.011827],[-77.842071,81.28441],[-78.191721,81.305162],[-79.153228,81.102973],[-79.614491,80.827623],[-81.217112,80.627672],[-82.913116,80.539415],[-83.801747,80.55976],[-84.397043,80.509996],[-86.117828,80.536811],[-88.101064,80.680772],[-89.386383,80.878892],[-88.413157,80.998765],[-86.699208,81.005439],[-86.521881,81.12523],[-89.826161,81.013048],[-90.352773,81.173651],[-90.35025,81.375963],[-90.833567,81.464342],[-89.914825,81.596381],[-91.949208,81.63231],[-91.708526,81.734361],[-90.242909,81.899848],[-89.644765,81.864],[-88.680735,82.058417],[-87.999094,82.105292],[-86.964752,82.0515],[-86.847971,82.220567],[-85.350616,82.290269],[-85.761871,82.467475],[-82.400787,82.247178],[-82.711578,82.381456],[-82.069976,82.674302],[-81.576161,82.791246],[-80.352203,82.864447],[-79.340484,82.975531],[-78.420562,82.872301],[-77.387237,82.989732],[-76.135487,83.053697],[-74.200022,83.002143],[-73.653147,82.92711],[-72.591624,83.102362],[-69.68753,83.116523],[-69.483388,83.04564],[-67.596832,82.971177],[-65.851593,82.842353],[-63.447092,82.826728],[-63.651519,82.71776],[-63.06546,82.537299],[-61.578887,82.488878],[-61.085479,82.331163]],[[-1.082753,50.713324],[-1.168446,50.603461],[-1.315541,50.589179],[-1.50593,50.707709],[-1.295766,50.773179],[-1.082753,50.713324]],[[-4.098134,53.309638],[-4.343861,53.132066],[-4.571034,53.275458],[-4.553456,53.40058],[-4.276723,53.401028],[-4.098134,53.309638]],[[-4.612131,54.056952],[-4.770863,54.096829],[-4.710276,54.220649],[-4.442006,54.404364],[-4.31192,54.287177],[-4.612131,54.056952]],[[-5.07079,55.509345],[-5.345693,55.482652],[-5.355214,55.689602],[-5.159983,55.676215],[-5.07079,55.509345]],[[-6.030385,55.729071],[-6.215321,55.626654],[-6.409088,55.863593],[-6.120229,55.929429],[-6.030385,55.729071]],[[-5.688303,56.434801],[-5.71996,56.352769],[-6.327504,56.277248],[-6.127431,56.474351],[-6.288442,56.607978],[-6.058258,56.640204],[-5.952138,56.524156],[-5.688303,56.434801]],[[-6.564117,57.346584],[-6.714752,57.376614],[-6.706451,57.510932],[-6.31428,57.699164],[-6.153879,57.589545],[-6.106597,57.323472],[-5.690907,57.189521],[-5.918853,57.050116],[-6.023508,57.195746],[-6.318349,57.161038],[-6.564117,57.346584]],[[-6.955149,57.743842],[-7.079335,57.81269],[-7.036285,57.960639],[-7.126454,58.123969],[-6.897084,58.172105],[-6.818593,58.285102],[-6.345611,58.463202],[-6.16686,58.419501],[-6.31786,58.268297],[-6.352447,58.038642],[-6.537465,57.921332],[-6.955149,57.743842]],[[-2.727651,58.970893],[-3.202789,58.91592],[-3.366689,59.016099],[-3.323801,59.127427],[-3.084543,59.127997],[-3.011952,59.017401],[-2.727651,58.970893]],[[-43.706695,59.902533],[-43.791493,59.816474],[-44.053863,59.806098],[-43.961334,59.978176],[-43.706695,59.902533]],[[-43.171702,60.07392],[-43.480824,60.052802],[-43.590077,59.923041],[-43.89977,59.992174],[-44.073313,60.176337],[-43.171702,60.07392]],[[-1.097035,60.41649],[-1.075307,60.32095],[-1.274566,59.882066],[-1.375966,59.908637],[-1.262603,60.115058],[-1.669749,60.239569],[-1.396352,60.321845],[-1.4381,60.460517],[-1.097035,60.41649]],[[-7.055084,62.290351],[-6.940663,62.336982],[-6.608632,62.202379],[-6.691396,62.073391],[-7.055084,62.290351]],[[-37.453969,65.792548],[-37.313059,65.679348],[-37.737904,65.569403],[-37.949818,65.624091],[-37.954335,65.796373],[-37.641184,65.905015],[-37.453969,65.792548]],[[-51.223297,69.914252],[-50.667592,69.829332],[-50.971506,69.71955],[-50.95108,69.559394],[-51.245351,69.538316],[-51.340647,69.742987],[-51.223297,69.914252]],[[-52.902903,69.34512],[-53.587392,69.239081],[-54.148549,69.337836],[-53.798695,69.426256],[-53.881093,69.561103],[-54.737375,69.589057],[-54.992747,69.701972],[-54.766754,69.96955],[-54.829172,70.200832],[-54.453033,70.3133],[-53.903432,70.290432],[-53.265981,70.202297],[-52.728098,69.928656],[-51.998158,69.80508],[-51.836415,69.631781],[-52.141591,69.477281],[-52.902903,69.34512]],[[-53.896596,71.082465],[-53.95401,71.17064],[-53.611806,71.321723],[-53.391347,71.154853],[-53.449086,71.056871],[-53.896596,71.082465]],[[-52.484853,71.264309],[-52.66161,71.168402],[-53.11974,71.212836],[-52.971791,71.387152],[-52.409088,71.353664],[-52.484853,71.264309]],[[-55.73941,72.614244],[-55.607249,72.759019],[-55.090688,72.735785],[-55.52892,72.555243],[-55.73941,72.614244]],[[-53.27477,82.172349],[-52.465199,82.199897],[-51.231435,82.013983],[-52.105214,81.995429],[-53.27477,82.172349]],[[-44.529164,82.413764],[-45.070424,82.222561],[-46.875966,82.360012],[-47.698069,82.643785],[-46.324208,82.678534],[-44.529164,82.413764]],[[-25.31725,70.746975],[-25.301137,70.657294],[-26.281809,70.584866],[-26.575103,70.52383],[-28.067698,70.430732],[-27.927317,70.638251],[-27.67809,70.65412],[-27.067494,70.893541],[-26.662506,70.89647],[-25.703765,71.085842],[-25.410064,70.92475],[-25.31725,70.746975]],[[-21.949086,72.428697],[-22.360341,72.428697],[-22.67516,72.36164],[-22.045318,72.271674],[-22.250356,72.120998],[-22.524892,72.134833],[-23.065094,72.310004],[-23.905629,72.466132],[-24.351796,72.591295],[-24.48526,72.826565],[-23.930409,72.881537],[-23.146799,72.840196],[-22.717519,72.634711],[-21.951731,72.488105],[-21.949086,72.428697]],[[-21.928619,72.737779],[-22.654042,72.698065],[-22.819569,72.818793],[-23.163319,72.877916],[-24.526235,72.901679],[-24.536488,72.991889],[-23.779164,73.015448],[-23.238271,73.075263],[-21.900746,72.915961],[-22.159779,72.804267],[-21.928619,72.737779]],[[-24.524281,73.047919],[-25.707265,73.184719],[-25.24352,73.411119],[-24.460072,73.425035],[-23.230214,73.251125],[-22.980702,73.107123],[-24.524281,73.047919]],[[-20.352691,74.251654],[-20.161529,74.168769],[-21.025461,74.09634],[-21.932932,74.207668],[-21.839996,74.351223],[-21.24706,74.457099],[-20.547597,74.409898],[-20.352691,74.251654]],[[-19.809967,74.890855],[-20.138254,74.699286],[-20.680735,74.82095],[-20.613393,74.985297],[-20.188954,75.044094],[-19.809967,74.890855]],[[-17.316965,75.136135],[-17.497629,74.998114],[-18.100738,75.038031],[-18.447865,74.985297],[-18.927602,75.04678],[-18.797271,75.336249],[-18.513417,75.373196],[-17.813385,75.088853],[-17.316965,75.136135]],[[-18.764272,79.973293],[-17.740834,80.091213],[-17.277496,80.013129],[-17.836293,79.742499],[-18.485219,79.686103],[-19.357493,79.870673],[-18.764272,79.973293]],[[-60.080881,45.792426],[-60.395375,45.642524],[-60.726877,45.565619],[-61.009674,45.6081],[-61.334869,45.56623],[-61.455312,45.709906],[-61.541127,46.040473],[-61.288808,46.242621],[-61.094838,46.453925],[-60.869211,46.800035],[-60.769602,46.843736],[-60.603261,47.033637],[-60.490387,46.905219],[-60.31078,46.854438],[-60.350494,46.615871],[-60.509389,46.368476],[-60.42691,46.284003],[-60.700836,46.088039],[-60.815053,45.936957],[-60.981923,45.820746],[-60.730051,45.713935],[-60.722279,45.895494],[-60.621327,46.10102],[-60.350982,46.312079],[-60.17394,46.230699],[-59.882192,46.176663],[-59.86205,45.935696],[-60.080881,45.792426]],[[-62.004018,46.464057],[-62.165639,46.358385],[-62.306874,46.344631],[-62.437327,46.216254],[-62.576405,46.239],[-62.545237,45.971829],[-62.777415,45.964342],[-62.93163,46.042629],[-62.997385,46.179267],[-63.233388,46.145453],[-63.627756,46.223822],[-63.934478,46.423041],[-64.134267,46.415595],[-64.108022,46.544379],[-64.416819,46.682766],[-64.231313,46.903306],[-64.052724,47.02147],[-63.974843,46.893988],[-64.093251,46.779975],[-63.833648,46.612372],[-63.880971,46.522406],[-63.729563,46.443345],[-63.638905,46.567043],[-63.332346,46.498847],[-63.194732,46.431138],[-62.953196,46.424058],[-62.516916,46.475816],[-62.004018,46.464057]],[[-64.319203,49.791246],[-64.451283,49.909491],[-64.132802,49.950141],[-63.944651,49.896064],[-63.374664,49.829413],[-62.962148,49.740546],[-62.53425,49.604682],[-62.204335,49.414211],[-61.882639,49.354478],[-61.660756,49.151028],[-61.811635,49.069037],[-62.248199,49.067939],[-63.093332,49.232896],[-63.586781,49.38996],[-63.641428,49.513495],[-63.92516,49.674872],[-64.319203,49.791246]],[[-80.759348,52.919176],[-80.669586,52.742011],[-81.026845,52.752631],[-82.062652,53.022773],[-81.882802,53.179877],[-81.424387,53.228827],[-81.122792,53.202216],[-80.759348,52.919176]],[[-79.545888,56.043769],[-79.867055,55.843492],[-80.025706,55.900336],[-79.737172,56.161444],[-79.551015,56.266303],[-79.409332,56.232856],[-79.234975,56.551459],[-79.042551,56.365912],[-79.354848,55.977851],[-79.46935,55.879381],[-79.645253,55.896674],[-79.545888,56.043769]],[[100.947276,1.825385],[100.885509,2.036322],[100.803233,2.161811],[100.907888,2.299506],[101.067393,2.219794],[101.299978,2.046617],[101.377615,1.773261],[101.591563,1.65469],[101.778575,1.644273],[102.118175,1.386542],[102.20102,1.181708],[102.240082,0.982082],[102.425059,0.804267],[102.551931,0.738105],[102.877126,0.726386],[103.056326,0.558295],[103.074718,0.442328],[103.362153,0.536282],[103.711192,0.311469],[103.76002,0.239488],[103.791515,-0.012546],[103.671153,-0.017429],[103.494395,-0.118422],[103.466807,-0.183038],[103.49464,-0.253595],[103.400564,-0.384535],[103.482188,-0.373712],[103.573253,-0.475356],[103.417979,-0.517755],[103.375987,-0.726821],[103.463145,-0.757745],[103.650401,-0.942966],[103.839122,-1.03281],[103.955821,-0.976983],[104.212413,-1.073337],[104.377208,-1.031671],[104.444998,-1.30462],[104.454356,-1.53102],[104.564464,-1.85768],[104.663829,-2.031345],[104.772634,-1.997735],[104.874278,-2.080011],[104.883311,-2.284926],[105.11671,-2.380466],[105.202159,-2.347426],[105.62379,-2.401788],[105.608409,-2.552341],[105.673106,-2.663018],[105.778087,-2.690118],[105.791759,-2.862074],[105.879242,-2.951104],[106.015636,-2.969496],[106.063162,-3.266697],[105.929047,-3.365411],[105.819591,-3.67254],[105.952485,-3.833754],[105.870128,-4.004164],[105.812755,-4.238702],[105.906261,-4.469334],[105.833344,-5.383233],[105.8296,-5.654718],[105.782563,-5.828546],[105.602061,-5.809828],[105.31072,-5.465997],[105.250499,-5.45908],[105.199229,-5.678888],[105.118419,-5.782159],[104.790782,-5.60947],[104.622813,-5.490655],[104.533214,-5.559828],[104.688731,-5.807875],[104.699067,-5.930434],[104.56129,-5.928318],[104.541759,-5.841892],[104.297699,-5.643324],[104.257986,-5.539809],[104.11085,-5.446222],[103.901378,-5.21852],[103.913422,-5.139255],[103.705414,-4.955011],[103.414561,-4.869317],[103.393403,-4.814142],[103.172862,-4.617934],[102.920421,-4.492608],[102.701182,-4.27044],[102.312511,-3.991469],[102.304535,-3.845147],[102.222179,-3.642836],[101.637462,-3.250665],[101.418956,-2.927341],[101.326996,-2.73919],[101.104828,-2.587091],[100.923106,-2.333429],[100.831554,-2.14129],[100.887218,-2.037205],[100.857595,-1.89186],[100.783946,-1.815525],[100.570567,-1.44256],[100.569184,-1.330824],[100.406016,-1.264418],[100.366059,-1.150486],[100.412852,-1.039158],[100.301443,-0.816339],[100.001313,-0.456313],[99.813813,-0.29461],[99.747244,-0.02984],[99.61085,0.098578],[99.408214,0.163886],[99.316173,0.242621],[99.139334,0.273749],[99.089854,0.622016],[98.981212,0.831732],[98.917328,1.117174],[98.730235,1.51439],[98.818858,1.619696],[98.760102,1.764146],[98.658214,1.763902],[98.535167,1.936469],[98.354503,2.003811],[98.152599,2.156928],[97.983572,2.244371],[97.744395,2.281073],[97.658214,2.411566],[97.644054,2.668891],[97.602712,2.866197],[97.42213,2.928371],[97.332042,3.031399],[97.270763,3.214423],[97.182628,3.245998],[97.018565,3.522691],[96.883556,3.68244],[96.760509,3.748684],[96.559825,3.746568],[96.430349,3.825263],[96.190929,4.125963],[96.01002,4.225653],[95.42628,4.827338],[95.29127,5.191636],[95.198985,5.292873],[95.25172,5.395575],[95.197276,5.546373],[95.412852,5.649563],[95.611583,5.626654],[95.887543,5.512152],[95.930431,5.414496],[96.126231,5.281806],[96.362153,5.225491],[96.650564,5.216254],[96.82838,5.280178],[96.973399,5.273424],[97.268368,5.155068],[97.496837,5.251899],[97.664399,5.073432],[97.90919,4.889594],[98.053966,4.553168],[98.275564,4.42536],[98.263031,4.177314],[98.305675,4.080308],[98.477224,4.04621],[98.67662,3.914547],[98.796582,3.725443],[98.95753,3.671332],[99.179761,3.546338],[99.489757,3.336249],[99.589366,3.227973],[99.750743,3.180487],[99.979503,2.948472],[100.018565,2.731676],[100.20338,2.709866],[100.30836,2.569485],[100.381684,2.355048],[100.561046,2.156806],[100.666189,2.134467],[100.855724,1.999213],[100.947276,1.825385]],[[119.278087,5.344631],[119.2671,5.201077],[119.155935,5.106187],[118.681488,4.944322],[118.509044,4.931057],[118.357188,5.038804],[118.136485,4.88231],[118.333507,4.651557],[118.59962,4.519192],[118.542817,4.360012],[118.137055,4.298651],[118.004568,4.231635],[117.892263,4.256985],[117.671153,4.426011],[117.608409,4.176215],[117.520274,4.049302],[117.777192,3.79914],[117.748546,3.636949],[117.546641,3.664008],[117.219493,3.647366],[117.199962,3.554999],[117.32545,3.436021],[117.352712,3.182807],[117.4817,3.101264],[117.617198,3.085883],[117.65561,2.997382],[117.633311,2.812242],[117.784028,2.758246],[117.826182,2.607408],[118.063487,2.366929],[118.091482,2.26203],[117.975597,2.192084],[117.859874,2.038275],[117.924083,1.819159],[118.12672,1.65469],[118.425059,1.485745],[118.776378,1.201972],[118.856944,1.058173],[119.00294,0.96247],[118.798188,0.804918],[118.686046,0.846137],[118.565278,0.804023],[118.187836,0.87523],[117.81129,0.811754],[117.620372,0.502021],[117.517263,0.290961],[117.475597,0.057603],[117.530284,-0.032322],[117.43393,-0.263849],[117.489106,-0.387384],[117.595958,-0.422621],[117.575938,-0.629978],[117.451915,-0.866469],[117.301117,-0.816013],[117.023692,-1.202895],[116.819835,-1.261407],[116.76238,-1.36533],[116.539236,-1.481215],[116.557465,-1.606215],[116.32488,-1.703871],[116.466563,-1.907485],[116.463145,-2.019952],[116.358897,-2.093683],[116.392833,-2.191095],[116.530935,-2.169366],[116.603282,-2.224216],[116.54005,-2.512872],[116.390391,-2.589044],[116.334239,-2.925551],[116.111339,-2.930271],[116.264903,-3.136895],[116.163341,-3.172947],[116.085216,-3.307061],[115.967947,-3.608819],[115.836192,-3.633233],[115.583344,-3.780532],[115.060313,-3.985772],[114.712901,-4.170831],[114.606619,-4.132257],[114.631602,-4.012872],[114.611095,-3.683852],[114.523936,-3.475844],[114.412446,-3.485284],[114.108246,-3.347345],[113.713145,-3.472589],[113.632498,-3.456801],[113.620372,-3.185317],[113.466319,-3.184259],[113.345225,-3.246515],[113.182628,-3.077081],[113.03712,-2.993097],[112.949067,-3.086033],[113.021495,-3.16253],[112.618012,-3.423761],[112.524669,-3.437758],[112.302745,-3.313897],[112.116873,-3.382257],[111.905284,-3.572035],[111.822032,-3.545099],[111.842784,-3.361749],[111.83253,-3.061619],[111.760265,-2.907647],[111.584321,-3.008884],[111.44752,-2.929783],[111.296153,-2.936456],[111.060802,-3.06113],[110.906505,-3.083266],[110.755544,-3.011814],[110.662446,-3.080743],[110.616954,-2.909845],[110.508067,-2.874607],[110.263194,-3.002862],[110.204845,-2.896173],[110.24586,-2.78631],[110.221039,-2.53281],[110.159923,-2.436456],[110.095551,-2.197361],[110.129161,-2.069513],[110.075043,-1.922459],[109.953624,-1.874282],[109.921641,-1.769627],[110.033946,-1.646173],[110.068533,-1.43255],[110.029552,-1.285903],[109.929861,-1.22324],[109.734141,-0.954034],[109.438243,-0.845636],[109.273204,-0.853611],[109.245291,-0.695896],[109.362559,-0.651951],[109.123302,-0.499688],[109.090831,-0.287205],[109.176036,-0.212009],[109.166759,0.112291],[109.102306,0.243109],[108.920909,0.340277],[108.927257,0.640774],[108.855479,0.832221],[108.980317,0.995551],[108.927013,1.140448],[109.060802,1.383857],[109.095958,1.560614],[109.252696,1.668362],[109.34783,1.809556],[109.340994,1.935533],[109.561209,1.990465],[109.927745,1.692288],[110.366466,1.715888],[110.726736,1.547431],[110.83961,1.565985],[110.967947,1.503241],[111.211274,2.07392],[111.184744,2.145087],[111.208507,2.388861],[111.365489,2.340766],[111.448253,2.372382],[111.404552,2.483954],[111.440278,2.680121],[111.669607,2.843085],[112.01352,2.885932],[112.974376,3.144232],[113.069347,3.278998],[113.277599,3.484198],[113.434255,3.75316],[113.736827,4.001288],[113.946788,4.27383],[113.99879,4.601142],[114.25172,4.592678],[114.529307,4.693793],[114.722667,4.876044],[114.928396,5.000556],[115.130219,4.852037],[115.198904,4.950751],[115.358409,4.902777],[115.556977,5.067206],[115.560802,5.207831],[115.35963,5.319648],[115.404307,5.423896],[115.550141,5.540188],[115.848643,5.560004],[115.919932,5.746772],[116.050792,5.842271],[116.201345,6.217963],[116.347667,6.379584],[116.503184,6.495185],[116.64503,6.716946],[116.6692,6.87641],[116.74643,7.010443],[116.832042,6.973334],[116.858653,6.817857],[116.778494,6.626532],[116.824474,6.581732],[116.973806,6.708075],[117.052501,6.830756],[117.029307,6.90998],[117.143809,7.00373],[117.246755,6.950507],[117.228363,6.83808],[117.30893,6.628811],[117.442231,6.553046],[117.509776,6.6022],[117.64088,6.521715],[117.743826,6.389879],[117.722992,6.254625],[117.605642,6.18183],[117.665538,6.079901],[117.654633,5.958686],[117.884044,5.954657],[118.016856,6.060981],[118.125173,5.863918],[117.937999,5.814521],[117.964854,5.686225],[118.12672,5.693549],[118.17628,5.805162],[118.410655,5.796129],[118.594005,5.682074],[118.736583,5.547838],[118.970876,5.42829],[119.204845,5.443345],[119.278087,5.344631]],[[126.569184,7.301093],[126.612315,7.25788],[126.47641,7.06623],[126.349457,7.000067],[126.254568,6.766669],[126.226899,6.46894],[126.095063,6.514106],[126.079112,6.842515],[125.976817,6.939602],[125.806895,7.351142],[125.656912,7.237047],[125.658051,7.129136],[125.509939,7.01557],[125.388927,6.768297],[125.397472,6.598456],[125.573578,6.516913],[125.706554,6.149726],[125.667328,5.950141],[125.387543,5.573798],[125.181163,5.798326],[125.264008,5.949937],[125.250743,6.093085],[125.168956,6.111965],[125.069102,5.861721],[124.938731,5.863959],[124.596202,5.998928],[124.245779,6.18651],[124.054942,6.43769],[124.052257,6.669379],[123.965505,6.821275],[124.02947,7.115139],[124.183767,7.226386],[124.246755,7.40412],[124.142426,7.461249],[124.065196,7.602729],[123.910899,7.69892],[123.7942,7.710517],[123.723806,7.7956],[123.586925,7.839342],[123.444672,7.801337],[123.485688,7.66356],[123.353526,7.572089],[123.451671,7.452541],[123.419444,7.37226],[123.225841,7.515611],[123.10727,7.73192],[122.995616,7.467271],[122.83074,7.549791],[122.814708,7.743354],[122.59669,7.76142],[122.443858,7.608588],[122.347992,7.452541],[122.37908,7.391588],[122.26588,7.249091],[122.2435,7.09927],[122.15447,6.928127],[122.037934,6.917385],[121.898936,7.057196],[121.933442,7.217922],[122.046886,7.301093],[122.045584,7.442532],[122.113536,7.603258],[122.128917,7.815009],[122.292247,8.009914],[122.649669,8.116034],[122.924571,8.150133],[122.992198,8.397203],[123.055431,8.50495],[123.331065,8.546617],[123.477794,8.695299],[123.7588,8.607489],[123.866059,8.364325],[123.873709,8.10517],[124.036306,8.189846],[124.23227,8.212877],[124.321788,8.514553],[124.405772,8.607896],[124.640961,8.47602],[124.753184,8.50023],[124.787852,8.733629],[124.780772,8.949123],[124.915294,8.994127],[125.115733,8.830552],[125.17921,8.997992],[125.462169,8.985175],[125.526541,9.02619],[125.542003,9.189195],[125.398692,9.681057],[125.45574,9.812812],[125.569021,9.756659],[125.620128,9.629788],[125.934093,9.492336],[126.011729,9.29385],[126.075857,9.239488],[126.2199,9.30565],[126.178966,9.093004],[126.312755,8.956244],[126.300059,8.768297],[126.138438,8.654039],[126.22047,8.555487],[126.356944,8.534369],[126.388438,8.292914],[126.463064,8.229926],[126.395518,7.933336],[126.406098,7.833238],[126.582856,7.719428],[126.608653,7.465318],[126.569184,7.301093]],[[124.59962,11.563381],[124.458832,11.494452],[124.368663,11.678941],[124.49586,11.69477],[124.59962,11.563381]],[[122.297211,18.403876],[122.306977,18.251288],[122.180024,18.120754],[122.140147,17.798285],[122.156586,17.619289],[122.25115,17.360175],[122.435395,17.292426],[122.410411,17.175523],[122.529063,17.090522],[122.34547,16.642524],[122.205333,16.423896],[122.203868,16.263821],[121.954763,16.139146],[121.752289,16.07689],[121.57781,15.932074],[121.554861,15.828925],[121.636567,15.72248],[121.379161,15.308173],[121.487559,15.163316],[121.594493,14.859198],[121.610688,14.612616],[121.662446,14.417385],[121.758962,14.246568],[121.731619,14.188218],[121.93629,13.995185],[122.231944,13.90644],[122.290782,14.023098],[122.170177,14.139635],[122.470958,14.345893],[122.604666,14.301256],[122.752696,14.332221],[122.853282,14.278551],[123.012218,14.105699],[123.08839,13.901435],[123.108246,13.722113],[123.266612,13.749416],[123.314952,13.820543],[123.21811,13.992743],[123.3296,14.070299],[123.477794,13.950507],[123.937755,13.784003],[123.797374,13.687974],[123.588145,13.728949],[123.528494,13.626776],[123.794607,13.308417],[123.749522,13.154731],[123.979177,13.098334],[124.081554,13.009508],[124.143077,12.797309],[124.095225,12.557074],[123.983165,12.54678],[123.878591,12.645209],[123.819102,12.831855],[124.002452,12.879706],[123.893403,12.974799],[123.725352,12.84512],[123.598399,12.896552],[123.441254,13.036851],[123.310069,13.012356],[123.300792,13.2355],[123.168793,13.449205],[122.972016,13.527533],[122.814708,13.653795],[122.739024,13.818305],[122.51588,13.934394],[122.497569,13.652045],[122.621755,13.55272],[122.690684,13.228664],[122.588145,13.174018],[122.505056,13.239203],[122.50115,13.368069],[122.319021,13.592231],[122.20753,13.614325],[122.118419,13.752102],[121.724864,13.969143],[121.48463,13.851793],[121.464122,13.69477],[121.278819,13.595038],[121.158702,13.639472],[120.90919,13.804633],[120.89503,13.90644],[120.745942,13.933783],[120.620128,13.846625],[120.619477,14.104234],[120.58725,14.200263],[120.87794,14.458889],[120.970388,14.501899],[120.936534,14.667426],[120.830089,14.763617],[120.6421,14.787014],[120.539317,14.702826],[120.597911,14.505601],[120.564626,14.44123],[120.40211,14.455756],[120.367361,14.620754],[120.187266,14.77497],[120.090099,14.794338],[120.005138,15.269436],[119.888194,15.429023],[119.963878,15.51435],[119.878917,15.91474],[119.75587,15.944566],[119.755707,16.203437],[119.901866,16.2508],[120.091156,16.153469],[120.185313,16.033393],[120.333832,16.058987],[120.40211,16.165473],[120.336274,16.292182],[120.276134,16.611884],[120.312185,16.777777],[120.427257,16.9619],[120.403087,17.221625],[120.441742,17.367987],[120.333832,17.556383],[120.470063,18.09101],[120.586192,18.364488],[120.611095,18.53856],[120.926931,18.56623],[121.106781,18.642727],[121.613292,18.35932],[121.852794,18.287991],[121.97462,18.286038],[122.220225,18.522406],[122.297211,18.403876]],[[111.010509,19.683783],[110.757579,19.430894],[110.698253,19.416938],[110.563243,19.05565],[110.465587,18.881903],[110.426768,18.680894],[110.270844,18.668158],[110.103282,18.539374],[110.052582,18.390204],[109.746104,18.395901],[109.677257,18.245063],[109.568044,18.193183],[109.439952,18.288967],[109.21811,18.30565],[109.000743,18.367174],[108.795584,18.486558],[108.694998,18.504828],[108.693614,18.719875],[108.615245,19.10163],[108.631684,19.286282],[108.940766,19.514106],[109.01588,19.601264],[109.156505,19.649644],[109.16684,19.805487],[109.303722,19.921698],[109.465017,19.834052],[109.527029,19.951361],[109.719005,20.010647],[110.08961,19.978095],[110.156993,20.067369],[110.260997,20.033149],[110.382986,20.081041],[110.580333,19.979722],[110.640147,20.108344],[110.788341,20.010403],[110.934581,19.995063],[111.010509,19.683783]],[[121.905772,24.9501],[121.823497,24.854926],[121.814952,24.644355],[121.855968,24.550523],[121.772716,24.309231],[121.662852,24.193101],[121.400076,23.145494],[121.141449,22.741767],[120.948253,22.526801],[120.875011,22.289252],[120.879242,22.055813],[120.841563,21.925482],[120.704356,21.981391],[120.696951,22.113227],[120.621267,22.295071],[120.511974,22.42475],[120.331228,22.519721],[120.175548,22.884101],[120.170258,23.013373],[120.059418,23.151028],[120.130149,23.36096],[120.124262,23.520021],[120.18922,23.774807],[120.493175,24.230658],[120.702159,24.607001],[120.847504,24.710842],[120.926036,24.884711],[121.059337,25.050238],[121.378754,25.157945],[121.43629,25.241441],[121.597911,25.27143],[121.718516,25.152004],[121.892833,25.113674],[121.905772,24.9501]],[[131.65979,32.47682],[131.447276,31.876899],[131.475271,31.762152],[131.34547,31.394965],[131.071788,31.449612],[131.104015,31.328843],[130.924001,31.112982],[130.725428,31.04704],[130.795252,31.344425],[130.695567,31.545803],[130.804535,31.687242],[130.613048,31.682359],[130.529145,31.513251],[130.639822,31.186469],[130.451144,31.249388],[130.222205,31.2463],[130.192952,31.315157],[130.293268,31.444704],[130.336192,31.626166],[130.171431,31.790137],[130.220438,31.929595],[130.179861,32.093451],[130.331879,32.128607],[130.562022,32.427069],[130.641287,32.607489],[130.593028,32.815863],[130.433116,32.941718],[130.422211,33.082587],[130.219302,33.159466],[130.131946,33.101972],[130.243588,32.875284],[130.33942,32.856579],[130.341704,32.667258],[130.093789,32.79486],[129.894929,32.662689],[129.69809,32.839545],[129.632403,32.979107],[129.728526,33.122301],[129.552144,33.225839],[129.580413,33.371007],[129.807465,33.348131],[129.854579,33.532854],[130.055294,33.495226],[130.390866,33.604874],[130.454356,33.807685],[130.684418,33.934231],[130.992929,33.897665],[131.081309,33.634955],[131.417703,33.581682],[131.521045,33.676371],[131.667366,33.667192],[131.729538,33.580236],[131.710862,33.270176],[131.872244,33.200344],[131.903168,32.983059],[131.982188,32.888902],[131.65979,32.47682]],[[134.689789,33.82807],[134.388622,33.623634],[134.273205,33.508004],[134.190255,33.248329],[133.925205,33.493693],[133.739397,33.537507],[133.465909,33.454324],[133.269379,33.346869],[133.253266,33.219062],[133.097116,33.048111],[133.018259,33.024023],[132.91505,32.777981],[132.812185,32.740302],[132.623377,32.799496],[132.709158,32.90941],[132.472272,32.933672],[132.451834,33.052883],[132.536829,33.242584],[132.420121,33.304356],[132.381114,33.466051],[132.500612,33.624998],[132.676606,33.715644],[132.769862,33.99627],[132.91911,34.068406],[133.127011,33.933291],[133.322608,33.990553],[133.510997,33.965237],[133.62086,34.045559],[133.672618,34.223131],[133.946544,34.376166],[134.153005,34.385728],[134.439767,34.208349],[134.628266,34.177924],[134.599783,34.009467],[134.695963,33.951893],[134.689789,33.82807]],[[133.422211,34.445014],[133.247325,34.4265],[133.165782,34.292304],[132.836192,34.311103],[132.656261,34.199286],[132.559825,34.218411],[132.496837,34.362494],[132.383474,34.365668],[132.222504,34.238959],[132.213227,33.989651],[132.057791,33.89525],[131.741466,34.05622],[131.482921,34.03205],[131.272227,33.926825],[131.035595,34.047975],[130.932086,33.945365],[130.861583,34.112738],[130.871593,34.279242],[131.074718,34.42475],[131.236176,34.38231],[131.414317,34.423977],[131.596872,34.659589],[131.858409,34.714504],[132.063304,34.907489],[132.31685,35.062346],[132.408085,35.175051],[132.638679,35.294645],[132.635359,35.440955],[132.969737,35.516995],[133.105353,35.597517],[133.417412,35.456543],[133.580182,35.533603],[133.731145,35.502907],[134.237765,35.546651],[134.536987,35.672203],[134.927013,35.641181],[135.226846,35.772321],[135.304047,35.68891],[135.262042,35.557547],[135.45239,35.571781],[135.645066,35.4802],[135.706093,35.562095],[135.981668,35.643638],[136.099457,35.775702],[135.957286,35.973131],[136.134845,36.224552],[136.430186,36.432522],[136.639961,36.662601],[136.760555,36.870599],[136.767613,36.980999],[136.670259,37.149957],[136.749094,37.357917],[136.934766,37.399457],[137.29571,37.53149],[137.230235,37.292141],[137.108721,37.28345],[136.874685,37.069648],[137.053966,37.07982],[137.005544,36.835924],[137.156993,36.76081],[137.333344,36.762726],[137.427108,36.922011],[137.896739,37.057522],[138.097502,37.171059],[138.244895,37.183789],[138.550629,37.377916],[138.765636,37.63467],[138.857677,37.827826],[139.304535,38.041938],[139.432384,38.169135],[139.462169,38.374986],[139.599215,38.648254],[139.773844,38.817117],[139.93181,39.287112],[140.048577,39.50467],[140.027599,39.82453],[139.822113,39.961086],[139.978038,40.125474],[140.024263,40.355016],[139.860362,40.608791],[140.045977,40.76777],[140.270763,40.812405],[140.332779,41.237153],[140.642666,41.171379],[140.673025,40.895575],[140.799223,40.839081],[140.975066,40.937755],[141.185249,40.911215],[141.27048,41.185204],[141.058076,41.183068],[140.798155,41.128578],[140.765554,41.195956],[140.907102,41.500799],[141.10775,41.463869],[141.276096,41.353196],[141.457465,41.377473],[141.390817,41.161011],[141.437387,40.670141],[141.743777,40.383922],[141.949555,39.996568],[142.0088,39.752753],[141.978282,39.647854],[142.069347,39.540473],[141.905284,39.330471],[141.908865,39.109768],[141.638357,38.985419],[141.572602,38.718655],[141.467052,38.569525],[141.471446,38.435736],[141.09783,38.371527],[140.966807,38.170478],[140.93336,37.889228],[141.022227,37.726955],[141.04184,37.377143],[140.960297,36.966213],[140.804373,36.885972],[140.623546,36.50609],[140.564107,36.283096],[140.646034,36.01332],[140.841645,35.742418],[140.661056,35.688635],[140.483467,35.565991],[140.385919,35.380999],[140.394195,35.196592],[140.321214,35.130394],[140.134603,35.122645],[139.990968,35.020502],[139.867686,35.013332],[139.824158,35.328424],[140.005859,35.473427],[140.0796,35.603583],[139.950414,35.672592],[139.806825,35.638193],[139.778575,35.501858],[139.526603,35.302037],[139.414856,35.318815],[139.145957,35.235227],[139.086548,34.997305],[139.14088,34.870551],[138.835297,34.595893],[138.744001,34.728892],[138.803332,35.121909],[138.554082,35.096069],[138.514293,34.980178],[138.367108,34.917309],[138.215989,34.712283],[138.047237,34.65464],[137.792166,34.63939],[137.427557,34.667746],[137.297928,34.797191],[136.915564,34.77596],[136.823465,34.954855],[136.65919,34.983954],[136.519542,34.680854],[136.916026,34.433987],[136.846446,34.307563],[136.52296,34.273098],[136.299001,34.154283],[136.273204,33.971422],[136.104744,33.891411],[135.959871,33.593088],[135.765571,33.481545],[135.444835,33.550849],[135.391612,33.713568],[135.065454,33.885572],[135.094493,34.067613],[135.187022,34.135932],[135.105031,34.318117],[135.31969,34.428758],[135.414379,34.558125],[135.341267,34.70851],[135.045769,34.624967],[134.744395,34.766547],[134.519054,34.759711],[134.326671,34.704332],[133.983165,34.528632],[133.93629,34.451239],[133.699962,34.525946],[133.422211,34.445014]],[[102.406505,-5.403741],[102.297862,-5.472752],[102.098643,-5.334893],[102.172048,-5.280369],[102.406505,-5.403741]],[[116.303722,-3.718032],[116.307953,-3.878595],[116.115571,-4.036716],[116.074474,-3.800877],[116.013031,-3.650486],[116.126231,-3.318617],[116.267833,-3.218845],[116.263031,-3.405532],[116.303722,-3.718032]],[[100.398611,-3.183526],[100.189464,-2.966567],[100.255382,-2.791436],[100.46754,-3.015313],[100.398611,-3.183526]],[[100.206798,-2.693536],[100.13852,-2.820489],[100.007823,-2.819513],[99.984141,-2.484633],[100.206798,-2.693536]],[[99.823253,-2.292901],[99.71339,-2.313409],[99.531261,-2.155938],[99.594005,-2.014825],[99.694347,-2.067804],[99.823253,-2.292901]],[[109.759776,-1.103936],[109.698253,-1.190525],[109.478689,-1.298517],[109.417247,-1.25449],[109.452322,-1.004002],[109.7046,-0.983819],[109.759776,-1.103936]],[[99.274425,-1.634942],[99.244151,-1.778985],[99.100597,-1.799412],[98.884776,-1.679376],[98.811697,-1.528985],[98.593761,-1.198419],[98.658214,-0.963474],[98.882823,-0.913181],[99.209727,-1.572931],[99.274425,-1.634942]],[[98.501964,-0.460545],[98.39031,-0.577081],[98.316742,-0.535089],[98.368907,-0.349216],[98.451182,-0.258396],[98.501964,-0.460545]],[[103.048676,0.797024],[103.007335,0.693834],[102.852224,0.798163],[102.557872,0.78026],[102.406505,0.873236],[102.50172,0.972886],[102.556407,1.125678],[102.663748,0.99608],[102.763845,1.011176],[103.021739,0.845282],[103.048676,0.797024]],[[103.126475,0.927883],[103.086274,0.84101],[102.790701,1.03148],[102.801768,1.163275],[103.03712,1.044582],[103.126475,0.927883]],[[104.146332,1.160468],[104.049164,0.984198],[103.902599,1.090522],[104.041352,1.181383],[104.146332,1.160468]],[[104.654552,1.096381],[104.661632,0.937242],[104.599864,0.835028],[104.483409,0.858954],[104.452485,1.058173],[104.31544,1.003607],[104.231944,1.093329],[104.399669,1.202623],[104.654552,1.096381]],[[102.473399,1.242011],[102.464854,0.963446],[102.333751,0.96369],[102.232921,1.099514],[102.20102,1.297756],[102.290863,1.404527],[102.473399,1.242011]],[[103.960785,1.391099],[103.844086,1.2685],[103.647634,1.308417],[103.683849,1.409898],[103.804942,1.448635],[103.960785,1.391099]],[[102.49586,1.363593],[102.434744,1.29914],[102.330251,1.413275],[102.134532,1.455715],[102.004405,1.585679],[102.348969,1.554633],[102.490489,1.489691],[102.49586,1.363593]],[[101.721202,2.058092],[101.775564,1.947984],[101.715099,1.778225],[101.577322,1.709296],[101.460134,1.76553],[101.393809,1.930609],[101.440929,2.064927],[101.649262,2.128485],[101.721202,2.058092]],[[111.411388,2.391099],[111.308116,2.452135],[111.299001,2.702704],[111.381033,2.697903],[111.411388,2.391099]],[[96.479503,2.414984],[96.307628,2.374091],[96.065684,2.579413],[95.931407,2.595608],[95.698009,2.778754],[95.773204,2.905015],[95.884044,2.919013],[95.9817,2.790351],[96.090505,2.757799],[96.246104,2.600002],[96.444102,2.490383],[96.479503,2.414984]],[[108.396169,3.874823],[108.317638,3.683783],[108.17449,3.651923],[108.180349,3.81684],[108.062348,3.855943],[107.98463,4.01203],[108.170258,4.179429],[108.391368,3.997016],[108.396169,3.874823]],[[117.849864,4.196357],[117.838552,4.040188],[117.644054,4.215237],[117.701671,4.267524],[117.849864,4.196357]],[[93.920258,7.024319],[93.889903,6.800971],[93.813731,6.808295],[93.71754,6.992621],[93.649181,7.013088],[93.676443,7.181871],[93.813975,7.241848],[93.920258,7.024319]],[[117.171153,7.342678],[117.283214,7.308783],[117.229747,7.19184],[117.064138,7.126654],[117.064138,7.270738],[117.171153,7.342678]],[[98.41863,7.903754],[98.267751,7.890082],[98.281423,8.191799],[98.438487,8.065741],[98.41863,7.903754]],[[104.082042,10.370998],[104.08546,10.248114],[104.01059,10.030463],[103.937185,10.266059],[103.857432,10.320868],[104.004731,10.450995],[104.082042,10.370998]],[[92.585092,10.771269],[92.574213,10.580624],[92.513027,10.507969],[92.402557,10.575206],[92.37568,10.775031],[92.527592,10.895466],[92.585092,10.771269]],[[98.53533,11.803616],[98.549001,11.621731],[98.441905,11.564114],[98.382091,11.77619],[98.53533,11.803616]],[[98.466319,12.583726],[98.391287,12.361518],[98.302013,12.337958],[98.333018,12.67121],[98.466319,12.583726]],[[93.052745,13.283881],[93.019542,13.033637],[92.905284,12.982245],[92.964041,12.864936],[92.990571,12.519232],[92.892589,12.214545],[92.768809,12.084703],[92.737478,11.961168],[92.796886,11.865139],[92.726736,11.506171],[92.633556,11.582587],[92.560313,11.74136],[92.539724,11.894436],[92.641856,12.036322],[92.640147,12.136135],[92.792654,12.207668],[92.717784,12.362494],[92.737478,12.807196],[92.800304,12.857815],[92.854177,13.146064],[92.847423,13.344916],[92.958507,13.550238],[93.042491,13.571234],[93.052745,13.283881]],[[97.589366,16.415269],[97.571364,16.222693],[97.459269,16.301362],[97.452159,16.449408],[97.589366,16.415269]],[[93.745372,18.799994],[93.645274,18.679348],[93.497813,18.840888],[93.621755,18.910346],[93.745372,18.799994]],[[93.970714,19.416938],[93.965831,19.363023],[93.856944,19.278876],[93.773774,19.298774],[93.641775,19.492011],[93.731212,19.554104],[93.819998,19.471503],[93.970714,19.416938]],[[90.790553,22.495333],[90.855024,22.434665],[90.836192,22.178168],[90.657725,21.992865],[90.603526,22.044013],[90.687999,22.377631],[90.647472,22.548285],[90.558767,22.602932],[90.671546,22.72241],[90.790553,22.495333]],[[128.337657,26.796942],[128.243337,26.633287],[128.172211,26.623481],[127.940278,26.44774],[127.777517,26.233344],[127.731293,26.439887],[127.937511,26.532131],[128.014903,26.634833],[128.225922,26.800971],[128.337657,26.796942]],[[129.70753,28.462144],[129.420177,28.249945],[129.242442,28.214301],[129.227712,28.304592],[129.687755,28.508979],[129.70753,28.462144]],[[130.674571,30.374579],[130.57728,30.235906],[130.437713,30.23897],[130.386264,30.339606],[130.498951,30.467962],[130.674571,30.374579]],[[121.844075,31.607947],[121.980086,31.540296],[121.851374,31.439179],[121.314464,31.655585],[121.176288,31.784323],[121.264065,31.841077],[121.475304,31.77077],[121.663223,31.652352],[121.844075,31.607947]],[[130.160492,32.546332],[130.20338,32.338853],[130.011974,32.190619],[129.975271,32.355414],[130.03297,32.521918],[130.160492,32.546332]],[[128.878427,32.673925],[128.662852,32.601549],[128.641768,32.761384],[128.842296,32.759467],[128.878427,32.673925]],[[126.946056,33.478013],[126.840587,33.310207],[126.286143,33.200385],[126.171397,33.269355],[126.310567,33.464476],[126.484935,33.520758],[126.79236,33.563797],[126.946056,33.478013]],[[135.002682,34.608423],[134.902973,34.419006],[134.958254,34.270356],[134.728677,34.190939],[134.657169,34.288204],[134.798956,34.446794],[135.002682,34.608423]],[[129.452647,34.619452],[129.446083,34.514776],[129.272349,34.375697],[129.3233,34.648072],[129.452647,34.619452]],[[128.748546,34.868964],[128.618175,34.725572],[128.488455,34.868964],[128.693858,34.986274],[128.748546,34.868964]],[[138.459239,38.069892],[138.575206,38.035102],[138.486501,37.89175],[138.232677,38.007758],[138.310069,38.168118],[138.519298,38.30744],[138.459239,38.069892]],[[108.293712,-2.848403],[108.204356,-3.005466],[108.187673,-3.136895],[107.966075,-3.150974],[107.888438,-3.087498],[107.75315,-3.198455],[107.640391,-3.121677],[107.581065,-3.010675],[107.594249,-2.78631],[107.670258,-2.561456],[108.06658,-2.594496],[108.197765,-2.678155],[108.293712,-2.848403]],[[106.769054,-2.560317],[106.674815,-2.699802],[106.613048,-2.94256],[106.745779,-3.020115],[106.707286,-3.094171],[106.532237,-3.105645],[106.447032,-2.981134],[106.094005,-2.84059],[105.986501,-2.821222],[105.901622,-2.628676],[105.944347,-2.498793],[105.828787,-2.395115],[105.795746,-2.171808],[105.607432,-2.114841],[105.306407,-2.135024],[105.147472,-2.080011],[105.154307,-1.935968],[105.375662,-1.821873],[105.349864,-1.648696],[105.459646,-1.562921],[105.611013,-1.540216],[105.651703,-1.706964],[105.757579,-1.645196],[105.719981,-1.524184],[105.875743,-1.48919],[106.033946,-1.57586],[106.035492,-1.678318],[106.174571,-1.879083],[106.162608,-2.007013],[106.264171,-2.351332],[106.354015,-2.462986],[106.769054,-2.560317]],[[104.548513,-0.398045],[104.591645,-0.483575],[104.521983,-0.596612],[104.335785,-0.542657],[104.25587,-0.475518],[104.324718,-0.364841],[104.469574,-0.332127],[104.548513,-0.398045]],[[103.712738,-0.269708],[103.612559,-0.387384],[103.460623,-0.333917],[103.557872,-0.223403],[103.712738,-0.269708]],[[104.928966,-0.237237],[104.851329,-0.301202],[104.735525,-0.214451],[104.541352,-0.271254],[104.494477,-0.135675],[104.525076,-0.007745],[104.620372,-0.004246],[104.766287,-0.188246],[104.848888,-0.139581],[104.928966,-0.237237]],[[97.928477,0.99608],[97.882986,0.642971],[97.827159,0.56269],[97.704112,0.57274],[97.61378,0.823554],[97.388845,0.952094],[97.387706,1.018785],[97.233084,1.277289],[97.23585,1.416693],[97.349783,1.545396],[97.486339,1.476549],[97.693614,1.186021],[97.792247,1.143988],[97.928477,0.99608]],[[126.870709,4.331393],[126.809979,4.037349],[126.664762,4.034055],[126.791632,4.241056],[126.7107,4.264137],[126.733735,4.535875],[126.884776,4.456855],[126.870709,4.331393]],[[120.251964,5.266506],[120.189626,5.196519],[120.025401,5.160549],[119.954112,5.075507],[119.829438,5.134955],[120.086925,5.258979],[120.198578,5.349595],[120.251964,5.266506]],[[122.296723,6.633246],[122.18865,6.451077],[121.96225,6.404853],[121.880056,6.503241],[121.839203,6.668931],[122.066661,6.740709],[122.296723,6.633246]],[[158.290782,6.937974],[158.292491,6.795071],[158.193533,6.793443],[158.125824,6.907416],[158.290782,6.937974]],[[117.084972,8.057847],[117.067149,7.8487],[116.954926,7.926011],[116.961681,8.061998],[117.084972,8.057847]],[[123.698009,9.165025],[123.639985,9.098578],[123.479503,9.17182],[123.655447,9.28913],[123.698009,9.165025]],[[126.165863,9.829169],[126.019216,9.781684],[125.983409,9.901801],[126.08074,10.05565],[126.165863,9.829169]],[[124.565278,9.870754],[124.410492,9.658433],[124.2942,9.606757],[123.937511,9.617499],[123.807872,9.739976],[123.886078,9.914862],[124.050792,9.979315],[124.184581,10.144477],[124.331309,10.161526],[124.588634,10.023871],[124.565278,9.870754]],[[125.719574,9.911689],[125.610362,9.966946],[125.497081,10.103461],[125.556163,10.370754],[125.658051,10.261705],[125.719574,9.911689]],[[119.950206,10.603746],[119.993175,10.539984],[119.806488,10.446112],[119.778331,10.535468],[119.849864,10.644761],[119.950206,10.603746]],[[122.711111,10.734687],[122.737071,10.640041],[122.634451,10.444241],[122.530528,10.423245],[122.528575,10.591213],[122.711111,10.734687]],[[123.574474,10.830959],[123.485688,10.54914],[123.389659,10.437161],[123.290375,10.093573],[123.156749,9.867621],[123.197602,9.487128],[123.321137,9.343166],[123.230154,9.107611],[123.033214,9.035305],[122.933604,9.121487],[122.869395,9.322659],[122.599457,9.432685],[122.496593,9.561713],[122.395193,9.836615],[122.47462,9.974351],[122.707774,9.986396],[122.878917,10.118069],[122.869395,10.350531],[122.823904,10.532864],[122.97169,10.721096],[122.966319,10.87637],[123.213552,10.996405],[123.521821,10.919908],[123.574474,10.830959]],[[124.047374,10.834052],[124.04005,10.484361],[123.972911,10.326606],[123.808116,10.23664],[123.643321,10.038967],[123.643321,9.96011],[123.488292,9.566474],[123.36964,9.425727],[123.314301,9.507636],[123.383311,9.942694],[123.507986,10.122219],[123.596853,10.317776],[123.706798,10.461982],[123.764985,10.640041],[123.849294,10.752631],[123.917735,11.028957],[124.04127,11.130113],[124.047374,10.834052]],[[119.671886,10.552558],[119.709972,10.494534],[119.563243,10.373481],[119.355968,10.328843],[119.237153,10.179348],[119.1963,10.056342],[118.874766,9.971869],[118.750499,9.887519],[118.784679,9.788235],[118.725352,9.631293],[118.497895,9.313666],[118.335785,9.179267],[118.132091,9.126654],[118.013682,8.8876],[117.773692,8.70307],[117.565603,8.661078],[117.512869,8.506781],[117.318614,8.45185],[117.222341,8.50023],[117.291515,8.640815],[117.450369,8.791164],[117.655528,9.057929],[117.768077,9.086412],[117.90447,9.261217],[118.003184,9.233303],[118.126964,9.337836],[118.34547,9.636176],[118.530528,9.774237],[118.822276,10.194525],[118.949718,10.22016],[119.072032,10.391506],[119.278087,10.508205],[119.344981,10.723578],[119.223399,10.850816],[119.319998,11.000881],[119.406098,11.049547],[119.420584,11.297553],[119.569021,11.261664],[119.504568,10.970893],[119.593435,10.837144],[119.590831,10.672431],[119.671886,10.552558]],[[125.273936,10.323188],[124.882823,10.134955],[124.780447,10.151923],[124.794119,10.30272],[124.738943,10.395453],[124.798106,10.659125],[124.778819,10.821438],[124.622325,11.002021],[124.507335,10.874416],[124.396821,10.953803],[124.404307,11.30268],[124.311371,11.466783],[124.503266,11.443834],[124.629893,11.304429],[124.744395,11.328559],[124.845714,11.43301],[124.984141,11.381334],[125.053071,10.968207],[125.006114,10.797349],[125.194102,10.602973],[125.198741,10.433051],[125.273936,10.323188]],[[123.170421,11.48078],[123.113536,11.266669],[123.014903,11.09162],[122.78004,10.956936],[122.761485,10.810736],[122.589854,10.698717],[122.226573,10.642239],[122.101817,10.569322],[122.039561,10.46662],[121.929698,10.46662],[121.984874,10.624905],[121.937022,10.775702],[122.045095,11.017401],[122.053071,11.233791],[122.107188,11.657945],[122.084483,11.724677],[121.864757,11.762641],[121.963715,11.933905],[122.117931,11.823554],[122.38795,11.727444],[122.622325,11.508734],[122.730805,11.592231],[122.854991,11.591254],[122.900727,11.437934],[123.117849,11.548163],[123.170421,11.48078]],[[120.02475,11.892971],[120.067068,11.741767],[120.014171,11.682115],[119.868012,11.906562],[120.02475,11.892971]],[[120.347504,12.029486],[120.134613,11.97484],[119.98406,12.025702],[119.867198,12.231838],[120.021495,12.253119],[120.347504,12.029486]],[[122.687511,12.402818],[122.611827,12.276516],[122.511974,12.377631],[122.48113,12.493354],[122.649181,12.473212],[122.687511,12.402818]],[[125.712738,11.148749],[125.440196,11.097561],[125.214122,11.131537],[125.132823,11.282131],[125.000987,11.289781],[125.00294,11.419745],[124.828298,11.508734],[125.000173,11.624823],[124.794119,11.85814],[124.679861,12.029731],[124.493175,12.097805],[124.390798,12.221869],[124.276215,12.533271],[124.67921,12.515937],[125.16627,12.578111],[125.34962,12.3994],[125.360688,12.285142],[125.500499,12.248603],[125.451996,11.964057],[125.500499,11.701117],[125.470876,11.602607],[125.558604,11.424791],[125.566173,11.268134],[125.712738,11.148749]],[[124.054942,11.799791],[123.711681,11.954413],[123.539724,12.193996],[123.424164,12.200832],[123.181407,11.930854],[123.217784,12.265448],[123.273448,12.423651],[123.44809,12.512397],[123.704356,12.320746],[123.767345,12.214057],[123.882335,12.212795],[124.040294,11.988105],[124.054942,11.799791]],[[122.115245,12.666327],[122.135753,12.560777],[122.080821,12.315497],[121.999766,12.210639],[121.920746,12.302883],[121.993175,12.441799],[121.990896,12.571194],[122.115245,12.666327]],[[121.526134,12.704495],[121.437836,12.521633],[121.425304,12.384223],[121.27296,12.269029],[121.131684,12.241767],[120.916352,12.512397],[120.912446,12.634711],[120.797862,12.729438],[120.758311,13.002387],[120.642345,13.183254],[120.479991,13.3015],[120.439952,13.427232],[120.56544,13.513129],[120.754568,13.466742],[120.950206,13.530341],[121.042735,13.413031],[121.217784,13.40412],[121.430512,13.22427],[121.489513,13.03677],[121.485606,12.768459],[121.526134,12.704495]],[[122.101573,13.416693],[122.120291,13.356635],[121.993175,13.201606],[121.817231,13.341946],[121.814301,13.450507],[121.989024,13.530463],[122.101573,13.416693]],[[124.417979,13.872952],[124.389985,13.711575],[124.170177,13.529771],[124.026052,13.669623],[124.121837,13.779771],[124.124522,14.049384],[124.200938,14.092231],[124.277354,13.955512],[124.417979,13.872952]],[[122.005382,15.010688],[121.978038,14.838772],[121.81837,14.946031],[121.844249,15.045396],[122.005382,15.010688]],[[121.381602,6.005683],[121.081065,5.88817],[120.934093,5.885688],[120.905528,6.015041],[121.042247,6.097113],[121.381602,6.005683]],[[145.767426,43.387274],[145.5171,43.174994],[145.302501,43.173489],[145.125499,43.120063],[145.000173,42.986151],[144.757579,43.018785],[144.741954,42.924221],[144.49586,42.933254],[144.323009,43.002631],[144.042003,42.926581],[143.638845,42.661078],[143.348969,42.319159],[143.337901,42.150214],[143.25294,41.941881],[142.959727,42.105373],[142.459972,42.271308],[142.167752,42.459859],[141.726085,42.617174],[141.427745,42.564399],[141.091563,42.391791],[141.016775,42.316107],[140.733653,42.564154],[140.525645,42.580634],[140.38087,42.505072],[140.291759,42.259589],[140.548839,42.105536],[140.713552,42.13349],[140.974294,41.913764],[141.182791,41.818305],[140.959972,41.721991],[140.641612,41.81509],[140.452891,41.681057],[140.400645,41.513007],[140.208995,41.401109],[140.038259,41.442572],[139.983653,41.560492],[140.019542,41.696967],[140.129731,41.823228],[140.14503,41.982652],[140.027599,42.105536],[139.787446,42.246772],[139.876964,42.663398],[140.260753,42.760972],[140.52711,43.015448],[140.338064,43.210517],[140.360118,43.325181],[140.487153,43.372382],[140.809906,43.19245],[140.988292,43.226996],[141.169119,43.140855],[141.37086,43.250718],[141.440115,43.361721],[141.337413,43.712836],[141.38502,43.791327],[141.640636,43.937934],[141.655447,44.276923],[141.791759,44.596991],[141.721853,44.955146],[141.586436,45.164374],[141.692149,45.402289],[141.96046,45.51024],[142.539317,45.018459],[142.630707,44.883734],[142.981456,44.586493],[143.35141,44.381049],[143.405284,44.31745],[143.783214,44.100653],[143.999197,44.133979],[144.215099,44.111477],[144.430431,43.942572],[144.740489,43.914618],[144.831228,43.942206],[145.201671,44.205797],[145.349864,44.211615],[145.122325,43.91706],[145.074718,43.75373],[145.194835,43.620673],[145.321625,43.276272],[145.468435,43.252997],[145.767426,43.387274]],[[142.529063,54.297187],[142.733572,54.421454],[143.003917,54.135484],[142.905935,53.911851],[142.939708,53.749742],[143.108165,53.425116],[143.210623,53.363227],[143.29005,53.151923],[143.337901,52.703803],[143.118663,52.337795],[143.097667,52.104234],[143.163097,51.873969],[143.310395,51.75434],[143.221202,51.531643],[143.461762,51.46955],[143.790294,50.309231],[144.002696,50.012844],[144.222179,49.53262],[144.282725,49.25019],[144.441417,49.013861],[144.006033,49.269355],[143.499034,49.349189],[143.174164,49.245998],[142.97462,49.045885],[142.988455,48.916693],[142.792735,48.562567],[142.549571,48.020087],[142.545258,47.766669],[142.759532,47.43122],[143.016368,47.253607],[143.032481,47.070746],[143.172862,46.707831],[143.418712,46.799709],[143.511485,46.770209],[143.52589,46.585517],[143.625743,46.374701],[143.421397,46.223131],[143.337901,46.40941],[143.342784,46.562812],[143.159516,46.598293],[142.772227,46.609768],[142.72462,46.74079],[142.457205,46.630805],[142.281912,46.32746],[142.201671,46.030666],[142.039806,45.924302],[141.932628,46.035793],[141.822276,46.602281],[142.056651,47.053697],[141.975108,47.297593],[141.965831,47.612494],[142.191091,47.966742],[142.138682,48.318061],[141.919607,48.609117],[141.857432,48.774237],[141.967296,48.862372],[142.077159,49.198188],[142.062836,49.314887],[142.159679,49.677965],[142.125011,49.89765],[142.173839,50.086412],[142.150076,50.345689],[142.045177,50.528266],[142.128429,50.894517],[142.266856,51.074286],[142.078949,51.471381],[141.817149,51.672268],[141.809581,51.80622],[141.675548,51.912421],[141.660981,52.382473],[141.843761,52.590806],[141.865733,52.860256],[141.928396,53.020657],[141.768809,53.371649],[142.229747,53.520819],[142.307384,53.3664],[142.455333,53.380276],[142.576671,53.500067],[142.492686,53.638088],[142.607432,53.709052],[142.708263,53.948228],[142.409516,54.231635],[142.529063,54.297187]],[[146.469249,44.428778],[146.325857,44.292222],[146.139415,44.265692],[145.931407,44.120917],[145.801036,44.160061],[145.974864,44.292304],[146.119314,44.506049],[146.469249,44.428778]],[[148.799164,45.415676],[148.758311,45.31269],[148.556163,45.307034],[148.215831,45.195746],[147.990309,45.005798],[147.768321,44.943345],[147.388377,44.736659],[147.19658,44.713682],[147.264415,44.867621],[147.886241,45.218736],[148.31186,45.275295],[148.621104,45.498236],[148.799164,45.415676]],[[150.334239,46.210842],[150.363292,46.081529],[150.245369,46.037032],[150.142345,45.898017],[149.947635,45.822367],[149.637766,45.610946],[149.482309,45.669377],[149.667328,45.853217],[149.811046,45.879828],[150.020169,46.073024],[150.334239,46.210842]],[[156.125255,50.637519],[155.884939,50.25373],[155.561534,50.166571],[155.384532,50.037502],[155.220876,50.109931],[155.249848,50.215766],[155.410167,50.360175],[155.717784,50.423082],[155.889496,50.690863],[156.073253,50.781562],[156.125255,50.637519]],[[156.46046,50.873725],[156.51099,50.765849],[156.405772,50.630113],[156.180024,50.688422],[156.199392,50.780504],[156.46046,50.873725]],[[173.376638,52.830471],[173.089366,52.830471],[172.944347,52.749823],[172.640391,52.868801],[172.660411,53.008612],[173.127208,52.99494],[173.376638,52.830471]],[[138.046723,55.058051],[137.986176,54.797431],[137.706065,54.624986],[137.485362,54.87934],[137.461436,55.026801],[137.60613,55.2001],[138.046723,55.058051]],[[166.664399,54.756415],[166.356456,54.839545],[166.082856,55.060614],[165.955577,55.364244],[166.287771,55.3039],[166.250255,55.152289],[166.664399,54.756415]],[[164.7069,58.976828],[164.631874,58.865366],[164.407725,58.864895],[164.121247,58.780718],[163.585462,58.55789],[163.966698,59.028561],[164.283051,59.113715],[164.558116,59.239691],[164.7069,58.976828]],[[70.130626,66.556342],[69.835297,66.488837],[69.545421,66.59101],[69.424571,66.768378],[69.727387,66.76557],[70.085704,66.690131],[70.130626,66.556342]],[[14.027843,68.262641],[13.718761,68.077623],[13.485688,68.106838],[13.636729,68.294338],[14.027843,68.262641]],[[51.409516,71.806138],[51.610037,72.091702],[52.332286,72.070624],[52.402029,72.223212],[52.668793,72.306383],[52.697439,72.497626],[52.914236,72.596991],[52.397634,72.717922],[52.61671,72.863227],[53.141938,72.96247],[53.15561,73.15058],[53.753184,73.298896],[54.190766,73.272203],[54.934825,73.42536],[55.30421,73.339342],[56.435232,73.230129],[56.54835,73.121568],[56.225434,73.008979],[56.2199,72.826565],[55.738536,72.784247],[55.684825,72.57331],[55.376964,72.30268],[55.574962,72.199652],[55.342784,72.065579],[55.67213,71.611029],[56.105724,71.258979],[57.063243,70.862454],[57.638682,70.729885],[57.171886,70.613186],[56.361827,70.647203],[55.817556,70.613349],[55.444591,70.743598],[55.232677,70.666571],[54.76059,70.680609],[54.492442,70.784491],[54.006521,70.757799],[53.683767,70.908026],[53.491873,71.072455],[53.576996,71.199286],[53.25172,71.456041],[52.868419,71.402248],[52.573904,71.575873],[51.86199,71.456244],[51.5324,71.565904],[51.409516,71.806138]],[[56.98699,74.690497],[56.626801,74.693549],[56.465994,74.799262],[56.542817,74.924872],[55.865001,75.003607],[55.80836,75.156643],[56.88087,75.223293],[57.046235,75.398139],[57.741059,75.327867],[57.56365,75.51968],[58.186697,75.588772],[58.259125,75.692857],[59.398692,75.937445],[59.74879,75.930609],[60.268077,76.110093],[60.83839,76.122992],[61.076915,76.279975],[61.636974,76.311957],[62.093761,76.253404],[62.77947,76.270697],[62.956798,76.206936],[63.719249,76.349677],[64.034516,76.315253],[64.825938,76.484198],[65.168956,76.475287],[65.753429,76.682847],[66.943533,76.948961],[67.588064,77.013373],[68.462901,76.966702],[68.930675,76.719387],[68.747325,76.510484],[68.287934,76.281317],[67.912364,76.25849],[67.146495,76.104641],[66.178559,75.961982],[65.216645,75.854193],[63.304373,75.588609],[63.029959,75.587714],[62.272797,75.44009],[62.048188,75.450344],[60.83253,75.152899],[60.560557,74.866278],[59.874766,74.628485],[59.221446,74.615424],[59.091156,74.49494],[58.570486,74.388861],[58.508311,74.217475],[57.878429,73.934312],[57.945974,73.806586],[57.3296,73.573879],[57.253917,73.45718],[56.908458,73.314683],[56.578787,73.26081],[55.772309,73.348049],[55.434906,73.332099],[55.020681,73.443549],[54.473888,73.390815],[53.868663,73.778713],[54.252778,73.915839],[54.725841,73.977932],[54.677989,74.068183],[55.018891,74.173],[55.622732,74.190172],[55.527354,74.346096],[55.708995,74.522366],[55.529552,74.654853],[56.387055,74.721381],[56.555675,74.683661],[56.98699,74.690497]],[[13.698253,54.392076],[13.499685,54.344916],[13.347016,54.237454],[13.166352,54.549384],[13.57545,54.471869],[13.698253,54.392076]],[[11.845225,54.73192],[11.81072,54.655097],[11.451834,54.628363],[11.030528,54.760647],[11.018809,54.903388],[11.2317,54.961249],[11.368907,54.88109],[11.725759,54.873358],[11.845225,54.73192]],[[15.151378,55.133205],[15.072666,54.991638],[14.699555,55.089179],[14.752126,55.298774],[15.151378,55.133205]],[[10.66627,55.064276],[10.312755,55.063666],[9.883962,55.253485],[9.812185,55.441067],[9.888194,55.508694],[10.307628,55.618232],[10.697927,55.440253],[10.82838,55.306586],[10.66627,55.064276]],[[12.040375,54.893012],[12.170177,54.838324],[11.960704,54.694078],[11.749685,54.873114],[11.882823,54.975531],[11.649425,55.180976],[11.245372,55.214789],[11.213145,55.415758],[11.071056,55.676947],[11.252208,55.729071],[11.64088,55.943427],[11.762706,55.749498],[12.245128,56.12873],[12.621918,56.043769],[12.512706,55.920844],[12.602224,55.708564],[12.465017,55.605536],[12.24822,55.546129],[12.224864,55.434882],[12.444591,55.348863],[12.392426,55.255316],[12.182791,55.2272],[12.046641,55.140082],[12.148936,54.994127],[12.040375,54.893012]],[[17.124522,57.319281],[16.883067,56.916246],[16.64324,56.568427],[16.398936,56.544664],[16.62086,56.87226],[16.716807,56.891832],[16.888357,57.118232],[16.966482,57.304592],[17.124522,57.319281]],[[19.040212,57.867906],[18.810313,57.709662],[18.770193,57.364488],[18.714122,57.242906],[18.431163,57.154283],[18.358409,56.989691],[18.099376,57.258979],[18.17921,57.379543],[18.11199,57.511054],[18.463064,57.803168],[19.040212,57.867906]],[[22.843516,60.241767],[22.846853,60.111029],[22.4699,59.997504],[22.466482,60.183743],[22.843516,60.241767]],[[20.208751,60.224677],[20.006358,60.094387],[19.747569,60.101386],[19.682872,60.26435],[19.934337,60.282416],[20.208751,60.224677]],[[5.687673,60.676581],[5.681407,60.481676],[5.486013,60.444281],[5.323985,60.54682],[5.687673,60.676581]],[[9.138682,63.567776],[8.503591,63.434231],[8.317231,63.51317],[8.545258,63.602484],[8.96518,63.656236],[9.138682,63.567776]],[[15.000499,68.365058],[14.763194,68.259019],[14.198497,68.152777],[14.303396,68.311998],[14.653494,68.428534],[15.000499,68.365058]],[[16.528575,68.721991],[16.481456,68.547512],[16.093516,68.533515],[15.903982,68.369859],[15.216563,68.335395],[15.23878,68.564276],[15.513845,68.636176],[15.459158,68.796129],[15.676606,68.962714],[15.9074,68.959418],[15.933116,68.684149],[16.505544,68.803168],[16.528575,68.721991]],[[14.397227,68.660468],[15.295258,68.906928],[15.394216,68.731106],[15.062673,68.578518],[14.397227,68.660468]],[[18.070811,69.437934],[17.923106,69.332343],[17.958263,69.180487],[17.519054,69.157945],[16.823253,69.054429],[16.915294,69.317572],[17.263438,69.47842],[17.772227,69.547797],[18.070811,69.437934]],[[18.999034,69.828599],[18.822927,69.590725],[18.261974,69.530585],[18.356781,69.792873],[18.999034,69.828599]],[[19.619151,70.01675],[19.406749,69.838568],[19.121593,69.787828],[18.769298,69.955268],[19.208181,70.098578],[19.619151,70.01675]],[[23.656016,70.503323],[23.59254,70.415269],[23.216319,70.282782],[22.897227,70.450995],[23.310802,70.518744],[23.656016,70.503323]],[[22.42213,70.510728],[22.26588,70.674994],[22.541026,70.717475],[23.088878,70.586249],[22.42213,70.510728]],[[26.135997,71.037746],[26.072602,70.975165],[25.533539,70.93183],[25.293305,71.045152],[25.553396,71.140774],[26.135997,71.037746]],[[23.230642,58.504828],[23.086762,58.394965],[22.756684,58.242255],[22.323416,58.20661],[22.189952,57.983832],[22.016856,58.233873],[21.867849,58.264594],[22.113617,58.497992],[22.321951,58.584784],[22.899669,58.620266],[23.230642,58.504828]],[[22.291759,58.895209],[22.597667,59.089504],[22.934093,58.984036],[23.040538,58.840766],[22.736664,58.806464],[22.555675,58.686998],[22.291759,58.895209]],[[50.323009,69.150539],[49.954926,69.074693],[49.719737,68.88996],[49.248546,68.779975],[48.592052,68.730862],[48.218761,68.909247],[48.30421,69.276801],[48.806326,69.493232],[49.271739,69.507961],[50.164399,69.260891],[50.323009,69.150539]],[[60.539806,69.818671],[60.20102,69.685126],[59.563487,69.715033],[59.431488,69.889472],[59.052989,69.903062],[58.695567,70.002834],[58.452973,70.195461],[58.522309,70.331122],[59.023611,70.479804],[59.782888,70.131496],[60.010265,70.104071],[60.475922,69.920478],[60.539806,69.818671]],[[53.231781,71.215888],[53.121918,71.086127],[52.799815,71.092963],[52.257823,71.348944],[52.741059,71.405829],[53.231781,71.215888]],[[78.279063,72.552191],[78.394542,72.4914],[77.586436,72.285305],[76.917979,72.293036],[77.610199,72.634711],[78.279063,72.552191]],[[79.562999,72.768256],[79.395274,72.704047],[78.909923,72.741278],[78.592296,72.862128],[79.140391,73.095404],[79.3685,73.034735],[79.562999,72.768256]],[[74.725352,73.107123],[74.646495,72.936754],[74.093272,73.027777],[74.211681,73.114569],[74.725352,73.107123]],[[71.669119,73.227484],[71.494677,73.150117],[70.661957,73.102851],[70.256602,73.038275],[69.934255,73.131741],[70.068614,73.25788],[69.982677,73.408108],[70.469574,73.499213],[70.948741,73.517483],[71.669119,73.227484]],[[24.424765,77.825936],[23.892833,77.508368],[23.35434,77.376858],[23.234541,77.263683],[22.429698,77.263739],[22.438813,77.43891],[22.191742,77.504136],[20.921723,77.442369],[21.260753,77.7331],[21.661794,77.918036],[20.880138,78.085395],[21.696788,78.211086],[22.396251,78.199856],[22.966075,78.256293],[23.47047,78.151435],[23.120453,77.985907],[23.628266,77.870307],[24.424765,77.825936]],[[21.024262,78.219143],[20.661143,78.391059],[20.183116,78.495347],[21.178233,78.623236],[21.983897,78.569159],[22.235362,78.48786],[22.271251,78.267524],[21.024262,78.219143]],[[77.613617,79.521918],[76.696056,79.477607],[76.174327,79.569078],[76.48227,79.643744],[77.613617,79.521918]],[[20.208751,78.638088],[19.681163,78.514553],[18.993012,78.466986],[18.920584,78.178534],[18.330414,77.904975],[18.44516,77.756252],[18.194102,77.49018],[17.813324,77.493476],[17.483246,77.306098],[17.323741,76.978949],[16.942393,76.78026],[17.192068,76.696845],[16.809581,76.56684],[16.336762,76.616441],[15.040212,77.134752],[14.373709,77.198676],[13.958995,77.425238],[13.910655,77.534491],[14.774181,77.548774],[15.115408,77.703192],[16.869965,77.811347],[16.682872,77.866034],[14.457774,77.758043],[13.718761,77.76789],[13.589122,78.055854],[13.866222,78.096869],[15.034679,78.116645],[15.795095,78.342922],[16.936534,78.352281],[16.001964,78.482733],[15.439464,78.458401],[15.209321,78.656195],[14.80128,78.644232],[14.383556,78.500922],[14.281912,78.30508],[13.855968,78.212877],[12.911306,78.247016],[12.858084,78.359687],[12.362559,78.48725],[11.64324,78.74726],[11.856619,78.855618],[11.279307,79.099555],[10.841156,79.371039],[10.708018,79.561428],[11.822276,79.845038],[12.767589,79.773261],[13.797048,79.881903],[13.738292,79.706448],[13.010509,79.672919],[13.883149,79.542426],[14.548595,79.811469],[15.26238,79.618842],[15.497325,79.330024],[15.959483,79.309638],[15.651622,79.850287],[16.294688,80.067369],[16.616466,79.985053],[17.562511,79.897854],[18.881847,79.441107],[18.945079,79.156968],[19.786306,79.165107],[19.906423,79.014228],[21.522146,78.853705],[21.508311,78.747016],[21.037364,78.644232],[20.208751,78.638088]],[[27.171072,80.073432],[27.149669,79.854967],[25.82602,79.626044],[25.965099,79.52619],[25.645681,79.397691],[24.288097,79.309882],[24.053071,79.18887],[22.925629,79.222846],[22.416677,79.409735],[20.816905,79.378079],[19.633311,79.611314],[20.475597,79.686428],[21.850352,79.706936],[21.887706,79.823554],[20.172048,79.785224],[19.485606,79.717963],[18.783865,79.72309],[18.146739,79.916449],[18.375499,80.039008],[18.007823,80.190375],[19.399425,80.138251],[19.105154,80.258043],[19.802257,80.492987],[20.882579,80.211249],[21.84669,80.272121],[21.763438,80.146918],[22.373709,80.110989],[22.56422,80.310858],[23.600597,80.142564],[23.75766,80.276068],[24.375987,80.332343],[25.939708,80.185452],[26.80714,80.174262],[27.171072,80.073432]],[[55.794932,80.642279],[55.431651,80.71426],[56.530447,80.787095],[56.927908,80.662991],[55.794932,80.642279]],[[46.687266,80.529283],[45.489024,80.524237],[45.094737,80.649156],[46.920746,80.748684],[47.536306,80.856676],[48.275157,80.830512],[48.764008,80.659613],[48.063731,80.662421],[47.558116,80.74844],[46.687266,80.529283]],[[62.221934,80.813218],[62.072276,80.614163],[61.706228,80.59748],[61.044607,80.405178],[60.307384,80.495551],[59.636404,80.43122],[59.229259,80.64411],[59.693858,80.837144],[60.563975,80.822821],[62.067719,80.879869],[62.221934,80.813218]],[[55.76588,80.783677],[54.87672,80.721137],[54.406749,80.851467],[55.097016,80.902818],[55.76588,80.783677]],[[51.689301,80.727281],[50.949555,80.53677],[49.727794,80.49433],[49.490408,80.363511],[48.65447,80.317043],[49.107188,80.189521],[48.443858,80.100816],[47.633149,80.117825],[46.659516,80.274156],[47.427989,80.322699],[48.827403,80.497748],[49.631033,80.639594],[49.003673,80.775702],[49.677257,80.853502],[50.724294,80.895453],[51.689301,80.727281]],[[79.806651,80.974311],[80.326427,80.860541],[79.127615,80.806708],[79.237804,80.953111],[79.806651,80.974311]],[[54.564138,80.995429],[56.019216,81.043606],[57.681326,80.816799],[57.058767,80.69184],[56.668468,80.809231],[55.798839,80.854438],[55.404796,80.957587],[54.564138,80.995429]],[[58.295421,81.714179],[58.156098,81.830268],[59.214692,81.85871],[59.355642,81.753323],[58.295421,81.714179]],[[55.712087,80.103461],[56.019054,80.18183],[55.989268,80.336656],[57.131033,80.306138],[56.956798,80.066311],[55.712087,80.103461]],[[52.622895,80.183295],[52.859548,80.405463],[53.341075,80.398993],[53.489919,80.17182],[52.622895,80.183295]],[[57.528819,80.131415],[57.219737,80.241278],[57.274425,80.391547],[56.946056,80.481513],[58.452403,80.468085],[59.19337,80.378485],[58.194591,80.291327],[57.528819,80.131415]],[[62.770518,80.885565],[63.142263,80.971381],[64.036469,80.986884],[64.422862,81.193834],[65.229828,81.136705],[65.445811,80.919623],[64.425629,80.740871],[63.130707,80.683092],[62.616547,80.798082],[62.770518,80.885565]],[[55.646821,81.200263],[55.834727,81.324774],[56.726248,81.397162],[57.688731,81.331122],[56.431163,81.174465],[55.646821,81.200263]],[[169.446462,69.849107],[169.189464,69.575181],[168.874522,69.567857],[168.172537,69.695217],[167.790863,69.808336],[167.82252,69.881008],[168.264659,70.024115],[169.446462,69.849107]],[[137.914236,71.558498],[137.767426,71.430732],[137.344086,71.427558],[137.218272,71.576239],[137.914236,71.558498]],[[128.317149,72.812323],[128.419007,72.869262],[129.21966,72.926406],[129.207043,72.761895],[128.317149,72.812323]],[[143.474946,73.320624],[143.565113,73.23115],[143.174945,73.17658],[141.512435,73.299352],[140.788621,73.410005],[139.9651,73.326567],[139.906518,73.471029],[140.493302,73.485044],[140.866384,73.779771],[141.127208,73.881659],[142.045177,73.916571],[142.582774,73.825344],[143.407237,73.542792],[143.474946,73.320624]],[[141.09783,74.149237],[141.037771,74.003852],[140.437755,73.908433],[140.164716,74.070638],[140.221889,74.220082],[140.891449,74.276516],[141.09783,74.149237]],[[113.405772,74.444037],[113.1574,74.225002],[112.774913,74.08808],[112.162852,74.138577],[111.581309,74.260159],[111.468516,74.344794],[111.986827,74.395697],[112.110118,74.551215],[113.405772,74.444037]],[[150.827647,75.163398],[150.609223,74.8935],[149.208995,74.758002],[148.17213,74.803534],[147.663829,74.953437],[147.087901,75.005194],[146.071788,75.240302],[146.389171,75.58515],[146.770763,75.506741],[146.796723,75.36636],[147.373871,75.440375],[148.407725,75.421088],[148.610362,75.215522],[149.126801,75.268622],[150.827647,75.163398]],[[135.991384,75.527167],[135.844493,75.382636],[135.450043,75.375678],[135.602712,75.76435],[136.160167,75.629625],[135.991384,75.527167]],[[145.366222,75.540229],[144.72934,75.431586],[144.688162,75.15998],[144.331228,75.04678],[143.414806,75.067084],[142.872244,75.156643],[142.494314,75.375678],[142.534516,75.476549],[143.01352,75.602444],[143.00115,75.707953],[142.323985,75.7119],[142.083181,75.525946],[142.19988,75.348822],[142.628184,75.096991],[143.448009,75.005805],[143.464529,74.900051],[142.355642,74.82453],[141.843761,74.998969],[140.068696,74.827948],[139.84962,74.96483],[139.343435,74.687405],[138.165701,74.77619],[137.793793,74.975409],[137.149099,75.134223],[136.862153,75.362047],[137.430675,75.38935],[137.067638,75.725775],[137.58839,75.773586],[137.432953,75.953192],[138.027517,76.031928],[138.138031,76.118842],[138.960785,76.206936],[139.10963,76.096869],[139.911632,75.937445],[140.150401,75.800523],[140.864431,75.738837],[140.908946,75.984117],[141.391368,76.1435],[141.702159,76.120998],[142.546886,75.862982],[143.058849,75.80683],[143.584809,75.869818],[143.947113,75.834784],[145.366222,75.540229]],[[96.644054,76.267035],[96.400564,76.155178],[95.310557,76.201158],[95.313975,76.276597],[96.644054,76.267035]],[[105.415538,78.583441],[104.787364,78.336371],[102.865733,78.219143],[101.209809,78.193508],[100.037283,77.961615],[99.514659,77.943549],[99.268321,78.041571],[100.049653,78.343207],[100.254649,78.665351],[101.02711,79.03144],[101.309906,79.238756],[101.96461,79.292304],[102.302908,79.432807],[103.138357,79.325141],[102.742931,79.15884],[103.989106,79.130845],[104.499197,78.863756],[105.175059,78.809272],[105.415538,78.583441]],[[93.628184,79.933417],[93.669932,79.831732],[92.624766,79.672797],[91.921886,79.678941],[92.099457,79.809882],[91.26238,79.903022],[91.113617,80.048896],[91.782074,80.063788],[93.628184,79.933417]],[[99.885997,79.04149],[99.877208,78.931138],[99.40561,78.822455],[97.760753,78.808783],[97.263927,78.853013],[96.798513,78.989203],[95.932465,78.992906],[95.42213,79.106269],[95.01824,79.03852],[94.364513,79.236884],[94.312266,79.479193],[93.748871,79.54385],[93.785655,79.658515],[94.288341,79.898586],[94.935557,80.071275],[96.360037,80.0987],[97.592133,80.174872],[98.058849,80.031806],[98.577891,79.982571],[99.198985,80.049994],[100.022472,79.823554],[99.707205,79.569078],[99.748057,79.364244],[99.583181,79.172797],[99.885997,79.04149]],[[91.547211,81.153795],[91.186209,81.05683],[89.996349,81.105292],[90.071544,81.214545],[91.547211,81.153795]],[[97.747081,80.741604],[97.020763,80.525865],[97.187999,80.233588],[95.033946,80.138251],[93.694102,79.998114],[92.504893,80.15766],[92.107432,80.28974],[91.918468,80.468411],[92.740489,80.513007],[92.888682,80.680487],[92.718761,80.888007],[93.052745,80.995429],[94.889659,81.144355],[95.103526,81.271308],[95.776622,81.288804],[96.972992,80.906073],[97.788585,80.816636],[97.747081,80.741604]],[[-90.191965,-0.538263],[-90.198801,-0.681573],[-90.337066,-0.776951],[-90.544545,-0.681573],[-90.487701,-0.525486],[-90.246978,-0.492771],[-90.191965,-0.538263]],[[-91.401112,-0.452895],[-91.507558,-0.490411],[-91.643666,-0.403578],[-91.668568,-0.284926],[-91.474192,-0.249282],[-91.399526,-0.307875],[-91.401112,-0.452895]],[[-90.565012,-0.284926],[-90.586781,-0.363702],[-90.740061,-0.353936],[-90.848948,-0.275649],[-90.810374,-0.1513],[-90.632476,-0.201267],[-90.565012,-0.284926]],[[-90.811431,-0.730645],[-90.9287,-0.97031],[-91.159779,-1.030206],[-91.399729,-1.018487],[-91.502309,-0.896254],[-91.435862,-0.778416],[-91.094228,-0.569431],[-91.208892,-0.484633],[-91.235707,-0.386407],[-91.351959,-0.307224],[-91.423329,-0.028578],[-91.60436,0.001451],[-91.380605,0.14704],[-91.209299,-0.010675],[-91.18456,-0.211033],[-90.96227,-0.44199],[-90.956044,-0.60711],[-90.811431,-0.730645]],[[-149.183461,-17.731215],[-149.587514,-17.731215],[-149.604319,-17.525811],[-149.354115,-17.540134],[-149.303944,-17.712091],[-149.183461,-17.731215]],[[-172.201039,-13.592543],[-172.180613,-13.702407],[-172.297556,-13.769789],[-172.523183,-13.805352],[-172.749745,-13.578302],[-172.530629,-13.483982],[-172.36616,-13.462823],[-172.201039,-13.592543]],[[-140.049428,-8.823175],[-140.096018,-8.919041],[-140.227691,-8.927016],[-140.216705,-8.78102],[-140.049428,-8.823175]],[[-171.56428,-13.949395],[-171.466176,-14.05283],[-171.742991,-14.051853],[-171.940989,-13.990411],[-172.044057,-13.846368],[-171.880198,-13.805352],[-171.567576,-13.896742],[-171.56428,-13.949395]],[[137.912852,-16.477594],[138.184255,-16.697198],[138.492686,-16.794366],[138.657237,-16.779718],[138.753429,-16.841241],[139.037283,-16.915623],[139.158051,-17.032973],[139.141612,-17.116876],[139.274181,-17.348321],[139.43865,-17.375665],[139.640961,-17.532403],[139.925304,-17.621352],[139.999522,-17.70615],[140.240489,-17.702081],[140.507498,-17.636326],[140.833263,-17.450779],[140.959972,-17.073989],[140.947032,-17.018324],[141.199474,-16.703058],[141.303966,-16.44199],[141.349783,-16.224298],[141.424815,-16.08172],[141.401703,-15.903578],[141.487071,-15.478936],[141.639008,-15.141209],[141.665701,-15.011407],[141.604259,-14.877699],[141.521658,-14.483819],[141.592052,-14.245294],[141.583995,-14.076104],[141.485037,-13.9485],[141.474132,-13.7763],[141.559825,-13.491957],[141.690766,-13.259861],[141.58546,-12.977472],[141.754731,-12.818455],[141.811371,-12.58408],[141.665701,-12.441095],[141.801036,-12.055108],[141.947602,-11.896173],[142.131847,-11.338149],[142.174571,-10.930108],[142.323416,-10.901625],[142.448578,-10.714532],[142.549571,-10.837986],[142.741954,-10.97503],[142.789806,-11.084893],[142.80128,-11.277765],[142.86964,-11.39129],[142.821056,-11.477634],[142.872895,-11.850681],[142.974294,-11.925226],[143.123383,-11.910577],[143.203949,-11.982517],[143.086274,-12.149021],[143.077159,-12.32879],[143.25294,-12.38893],[143.323497,-12.557794],[143.43393,-12.613051],[143.365082,-12.804864],[143.497244,-12.856541],[143.526622,-13.329767],[143.594574,-13.435805],[143.534434,-13.76572],[143.618419,-13.956231],[143.687266,-14.014337],[143.707774,-14.209568],[143.782725,-14.402276],[143.951996,-14.498956],[144.303559,-14.312595],[144.514903,-14.172784],[144.677582,-14.555841],[144.885997,-14.609633],[144.941742,-14.726332],[145.154796,-14.837498],[145.27711,-14.947035],[145.23585,-15.165948],[145.302582,-15.284601],[145.256358,-15.388849],[145.273774,-15.53574],[145.366384,-15.749282],[145.355805,-15.903416],[145.462413,-16.060479],[145.462413,-16.273207],[145.400401,-16.443292],[145.77768,-16.885349],[145.941661,-16.929946],[145.882335,-17.039727],[146.071056,-17.392022],[146.06837,-17.515883],[146.147716,-17.632582],[146.102712,-17.705987],[146.097911,-17.931329],[146.003673,-18.156427],[146.023774,-18.263116],[146.183442,-18.380141],[146.213715,-18.49212],[146.339366,-18.527032],[146.276622,-18.874282],[146.446544,-19.059747],[146.654796,-19.18255],[146.746349,-19.172784],[146.905121,-19.30462],[146.978201,-19.283868],[147.167247,-19.399998],[147.421397,-19.412774],[147.550466,-19.520929],[147.592052,-19.722101],[147.684255,-19.828058],[147.859223,-19.824884],[147.949474,-19.90781],[148.072439,-19.877048],[148.253917,-19.963474],[148.264903,-20.083103],[148.443858,-20.104181],[148.566661,-20.059991],[148.61085,-20.213637],[148.792328,-20.287286],[148.850841,-20.421075],[148.655284,-20.555434],[148.739757,-20.718927],[149.046235,-20.979913],[149.231212,-21.089776],[149.196137,-21.180922],[149.292979,-21.319268],[149.478282,-21.718438],[149.435395,-21.789727],[149.608572,-22.244317],[149.705089,-22.383884],[149.830821,-22.388604],[150.053559,-22.141534],[150.215587,-22.394789],[150.51295,-22.535414],[150.567638,-22.323175],[150.758311,-22.482354],[150.753184,-22.610528],[150.826427,-22.697931],[150.764415,-23.158868],[150.856619,-23.519952],[151.027442,-23.579997],[151.187185,-23.804132],[151.277843,-23.823907],[151.403656,-23.949965],[151.580577,-24.05755],[151.780447,-24.022556],[151.811371,-24.142348],[151.93336,-24.211033],[152.058604,-24.51393],[152.150401,-24.619073],[152.404796,-24.748712],[152.491466,-24.847589],[152.506033,-24.999444],[152.677094,-25.241876],[152.913829,-25.287693],[152.93865,-25.475681],[152.893809,-25.688165],[153.121593,-25.93377],[153.141775,-26.061456],[153.077485,-26.280857],[153.15089,-26.684747],[153.152517,-26.924981],[153.206228,-27.046075],[153.038422,-27.173435],[153.113617,-27.242364],[153.31544,-27.65488],[153.445567,-27.810479],[153.449474,-28.073175],[153.591075,-28.268487],[153.563487,-28.46087],[153.630626,-28.661554],[153.605968,-28.867446],[153.453787,-29.035577],[153.340343,-29.322686],[153.369965,-29.396661],[153.321625,-29.697524],[153.203787,-30.129164],[153.050548,-30.473321],[152.987796,-30.734634],[153.087901,-30.92669],[153.059501,-31.07721],[152.980615,-31.165915],[152.934502,-31.482811],[152.845381,-31.569319],[152.692882,-31.885349],[152.609255,-31.945848],[152.510083,-32.161881],[152.52156,-32.427494],[152.235862,-32.606999],[152.189464,-32.758559],[151.834033,-32.864967],[151.670584,-33.06113],[151.625987,-33.191583],[151.424164,-33.527765],[151.34311,-33.548272],[151.292491,-33.891778],[151.168956,-34.110121],[150.924918,-34.330419],[150.918868,-34.486404],[150.833751,-34.782403],[150.695567,-35.026137],[150.704763,-35.199395],[150.553966,-35.213556],[150.409353,-35.538507],[150.163422,-35.956638],[150.123057,-36.152602],[150.142345,-36.320001],[150.079275,-36.386],[150.065766,-36.566583],[149.903819,-36.928399],[150.019542,-37.22088],[149.95102,-37.284275],[149.985362,-37.495864],[149.78712,-37.55283],[149.666677,-37.700128],[149.479015,-37.785903],[148.943858,-37.789483],[148.724132,-37.8235],[148.306407,-37.823419],[147.916515,-37.918552],[147.589366,-38.080662],[147.395518,-38.220147],[146.878591,-38.644301],[146.411794,-38.739841],[146.255707,-38.701755],[146.286388,-38.909845],[146.454112,-38.949314],[146.434337,-39.089125],[146.263845,-38.996026],[146.091807,-38.819757],[145.915782,-38.895766],[145.809337,-38.65016],[145.570811,-38.661716],[145.44809,-38.55047],[145.431163,-38.442804],[145.556895,-38.385186],[145.476573,-38.244887],[145.29656,-38.231703],[145.024669,-38.49391],[144.886404,-38.48211],[144.803966,-38.379083],[144.982921,-38.341404],[145.119314,-38.159356],[145.110199,-38.05169],[144.982677,-37.899347],[144.804454,-37.940851],[144.523285,-38.084242],[144.725108,-38.164809],[144.652843,-38.285821],[144.401866,-38.301202],[144.052501,-38.485772],[143.8449,-38.691176],[143.7046,-38.728123],[143.536957,-38.858331],[143.334483,-38.755955],[143.241547,-38.762791],[143.060069,-38.635919],[142.810232,-38.578383],[142.653819,-38.472752],[142.397716,-38.36712],[142.22462,-38.405694],[141.946788,-38.282892],[141.672537,-38.284275],[141.60141,-38.392267],[141.434418,-38.375095],[141.374766,-38.291192],[141.134288,-38.127618],[140.951427,-38.054295],[140.713552,-38.070571],[140.359874,-37.882094],[140.240571,-37.665948],[140.114268,-37.517511],[139.988048,-37.487074],[139.741547,-37.180841],[139.788341,-37.126235],[139.672048,-36.953383],[139.784841,-36.902032],[139.863536,-36.767267],[139.853689,-36.621759],[139.475434,-35.896417],[139.041352,-35.604099],[139.135427,-35.498305],[139.375499,-35.463962],[139.223155,-35.31878],[138.961192,-35.413832],[138.882009,-35.560642],[138.74586,-35.538751],[138.531261,-35.645929],[138.176768,-35.668227],[138.122732,-35.555352],[138.427419,-35.352634],[138.507335,-35.056573],[138.486501,-34.873468],[138.536306,-34.740899],[138.440196,-34.675551],[138.259939,-34.438409],[138.226573,-34.320489],[138.078136,-34.128351],[138.037771,-34.308038],[137.930919,-34.414809],[137.910411,-34.623956],[137.746918,-35.058852],[137.671397,-35.180841],[137.403494,-35.1242],[137.1692,-35.242283],[136.95338,-35.283949],[136.83546,-35.247735],[136.960948,-35.096449],[137.03061,-34.899835],[137.446137,-34.917413],[137.512706,-34.617771],[137.459483,-34.447524],[137.492198,-34.260186],[137.453868,-34.163995],[137.55421,-34.072035],[137.602061,-33.876642],[137.776622,-33.693536],[137.930919,-33.616469],[137.937492,-33.52784],[137.810444,-33.259985],[137.854991,-33.190606],[138.043956,-33.125095],[137.957774,-33.004653],[137.902354,-32.78753],[137.452159,-33.140069],[137.37672,-33.389907],[137.224864,-33.653253],[136.607432,-33.902927],[136.369395,-34.073419],[136.124848,-34.452895],[135.936778,-34.534601],[135.862071,-34.698175],[136.012462,-34.979669],[135.741466,-34.861017],[135.604015,-34.880141],[135.429535,-34.71266],[135.346446,-34.275567],[135.259532,-33.997979],[135.189789,-33.892999],[134.849864,-33.63836],[134.813975,-33.352797],[134.662364,-33.225518],[134.446056,-33.153985],[134.278819,-33.162693],[134.074067,-32.713962],[134.271495,-32.73211],[134.273285,-32.588067],[134.148285,-32.456964],[133.853689,-32.529718],[133.949962,-32.389418],[133.812266,-32.247166],[133.586192,-32.103123],[133.411794,-32.211358],[133.147797,-32.19671],[132.798025,-31.956313],[132.58725,-31.934747],[132.483165,-32.026462],[132.233735,-32.032973],[132.077891,-31.90781],[131.535899,-31.605564],[131.177501,-31.477634],[130.833751,-31.601739],[130.156912,-31.573907],[128.990001,-31.690525],[128.655284,-31.845798],[128.017345,-32.084242],[127.766287,-32.123142],[127.288748,-32.27337],[126.677745,-32.316583],[126.18572,-32.232517],[125.87,-32.332983],[125.537275,-32.548379],[125.337827,-32.601515],[125.000255,-32.737237],[124.901914,-32.833659],[124.708832,-32.903904],[124.356944,-32.952813],[124.116547,-33.121515],[124.008311,-33.354181],[123.952485,-33.567315],[123.756847,-33.714125],[123.73878,-33.794041],[123.566661,-33.884373],[123.343598,-33.903497],[123.146983,-34.00213],[123.084972,-33.878351],[122.787852,-33.881036],[122.560313,-33.959161],[122.312266,-33.9249],[122.187266,-34.020685],[122.015636,-33.825372],[121.812999,-33.895115],[121.532888,-33.819513],[121.333751,-33.815199],[121.166352,-33.867934],[120.572276,-33.891534],[120.422699,-33.969903],[120.002208,-33.926039],[119.806163,-33.984959],[119.572032,-34.142022],[119.382091,-34.440118],[119.116954,-34.472426],[118.931977,-34.445896],[118.727306,-34.558038],[118.705903,-34.647719],[118.479828,-34.717055],[118.38738,-34.825942],[118.119884,-34.987074],[117.684337,-35.046319],[117.538585,-35.092218],[117.359548,-35.024184],[117.171641,-35.013279],[116.899587,-35.050388],[116.465099,-35.000665],[116.248383,-34.877537],[116.019786,-34.82936],[115.745453,-34.540216],[115.334727,-34.314223],[115.017833,-34.26214],[114.971039,-34.082696],[114.956798,-33.682306],[115.118826,-33.616469],[115.282725,-33.650649],[115.434093,-33.595473],[115.66684,-33.287693],[115.674571,-33.024998],[115.600922,-32.661716],[115.769298,-32.602309],[115.714366,-32.302992],[115.756847,-32.185642],[115.743663,-31.92783],[115.680349,-31.648614],[115.4546,-31.303481],[115.312999,-30.990818],[115.180919,-30.827244],[115.101085,-30.633396],[114.974864,-30.214044],[114.946056,-29.658136],[114.97877,-29.479913],[114.832042,-29.092055],[114.652599,-28.912367],[114.577485,-28.785089],[114.589854,-28.655857],[114.531098,-28.522393],[114.310069,-28.230157],[114.166026,-28.106703],[114.097179,-27.819431],[114.143891,-27.687758],[114.012543,-27.315362],[113.764415,-26.918145],[113.590579,-26.675651],[113.297782,-26.397289],[113.24467,-26.240098],[113.45009,-26.200609],[113.598283,-26.518507],[113.694918,-26.61424],[113.8525,-26.544772],[113.884773,-26.342673],[113.684138,-26.221604],[113.577239,-26.089343],[113.557553,-25.940989],[113.420781,-25.728215],[113.532888,-25.618259],[113.760609,-25.904793],[113.70436,-26.148046],[113.795386,-26.206715],[113.935469,-26.191722],[113.969981,-26.33172],[114.103776,-26.447882],[114.234371,-26.316584],[114.191895,-26.195862],[114.258149,-25.988946],[114.258556,-25.841892],[114.155284,-25.789727],[113.928396,-25.449802],[113.802419,-25.171808],[113.713064,-25.124933],[113.610606,-24.892755],[113.60434,-24.728285],[113.439464,-24.53281],[113.385265,-24.249119],[113.459727,-23.910333],[113.599457,-23.633966],[113.737559,-23.527032],[113.782481,-23.327081],[113.748302,-23.162286],[113.811534,-23.051365],[113.759776,-22.788751],[113.658946,-22.727797],[113.646658,-22.577732],[113.803966,-22.330824],[113.89796,-22.049249],[114.011485,-21.859959],[114.15919,-21.791925],[114.077485,-22.17547],[114.171397,-22.317478],[114.11085,-22.477716],[114.179698,-22.521742],[114.391938,-22.358005],[114.646739,-21.843357],[114.928966,-21.693943],[115.105154,-21.665216],[115.4546,-21.513767],[115.602712,-21.34352],[115.806163,-21.235447],[115.936697,-21.059015],[116.151541,-20.969985],[116.26588,-20.862563],[116.434744,-20.822361],[116.743175,-20.616876],[116.879649,-20.713067],[117.062511,-20.621677],[117.35377,-20.727716],[117.674815,-20.672133],[117.839366,-20.616876],[117.940684,-20.492771],[118.13559,-20.362074],[118.368826,-20.362074],[118.831798,-20.261977],[119.068533,-19.982843],[119.212413,-19.961196],[119.566661,-20.06878],[119.802257,-19.965753],[120.238292,-19.906834],[120.650564,-19.763279],[120.954356,-19.633722],[121.193533,-19.472426],[121.311534,-19.354099],[121.519379,-19.069594],[121.642589,-18.810235],[121.643891,-18.717055],[121.769054,-18.657403],[121.823741,-18.451837],[121.91033,-18.464451],[122.220388,-18.197198],[122.323985,-18.150567],[122.360688,-18.000177],[122.196137,-17.945408],[122.205414,-17.71087],[122.14324,-17.563653],[122.172048,-17.261163],[122.276052,-17.089288],[122.530447,-16.873956],[122.570567,-16.788507],[122.704275,-16.786716],[122.7588,-16.604425],[122.886404,-16.512302],[123.15089,-16.807712],[123.143321,-16.913751],[123.260427,-17.014744],[123.399669,-17.329278],[123.567638,-17.361993],[123.644298,-17.184747],[123.5796,-17.094008],[123.635916,-16.991388],[123.837087,-17.13242],[123.768077,-16.878513],[123.693126,-16.729913],[123.566173,-16.615981],[123.654063,-16.48447],[123.651622,-16.360284],[123.539724,-16.265232],[123.594981,-16.155938],[123.835216,-16.368259],[123.986013,-16.28631],[124.126231,-16.272231],[124.222667,-16.395603],[124.400157,-16.353123],[124.378429,-16.214939],[124.520356,-16.176446],[124.590017,-16.094171],[124.404307,-15.87477],[124.37794,-15.68727],[124.403331,-15.559259],[124.504242,-15.467462],[124.629649,-15.504978],[124.797862,-15.291925],[125.049815,-15.498224],[125.08961,-15.347263],[124.928884,-15.338149],[124.84197,-15.141209],[125.12615,-15.049493],[125.310802,-15.150649],[125.354503,-14.99391],[125.144298,-14.728448],[125.466319,-14.524835],[125.583832,-14.526544],[125.658051,-14.360284],[125.744151,-14.444757],[125.925059,-14.51865],[126.04127,-14.508722],[126.060883,-14.35003],[126.141287,-14.195489],[126.247732,-14.22324],[126.39031,-14.00506],[126.500987,-13.997247],[126.569184,-14.195245],[126.704845,-14.118097],[126.701182,-14.007094],[126.818207,-13.942641],[126.747406,-13.791762],[126.952891,-13.723565],[127.07016,-13.828058],[127.107432,-13.952813],[127.322439,-13.917413],[127.418468,-13.94199],[127.489268,-14.058364],[127.666026,-14.178399],[127.90561,-14.497491],[128.175304,-14.698419],[128.067068,-15.125177],[128.195811,-15.056817],[128.402599,-14.823012],[128.5324,-14.752862],[129.051036,-14.880141],[129.173188,-14.964776],[129.221446,-14.84352],[129.476573,-14.93377],[129.611827,-14.94256],[129.724132,-14.790704],[129.606781,-14.671563],[129.585216,-14.566339],[129.358084,-14.408787],[129.49586,-14.089125],[129.71754,-14.015558],[129.714854,-13.880548],[129.815929,-13.761977],[129.785492,-13.675714],[129.837738,-13.510512],[129.968923,-13.53045],[130.163748,-13.432875],[130.273204,-13.31878],[130.118663,-13.156183],[130.129893,-12.940525],[130.246755,-12.937758],[130.351817,-12.842462],[130.344981,-12.695001],[130.579438,-12.568455],[130.620372,-12.436944],[130.783865,-12.434991],[130.897634,-12.334242],[131.025157,-12.360528],[131.000173,-12.171319],[131.116384,-12.15488],[131.216482,-12.214939],[131.327891,-12.185317],[131.492931,-12.297784],[131.784353,-12.27044],[131.904633,-12.219822],[132.045665,-12.307387],[132.268809,-12.180841],[132.439626,-12.15488],[132.627208,-12.043878],[132.651052,-11.865818],[132.593028,-11.784438],[132.594981,-11.622003],[132.495372,-11.47617],[132.369884,-11.434991],[132.084727,-11.517999],[131.856212,-11.303399],[132.014334,-11.139581],[132.188324,-11.351251],[132.240977,-11.196466],[132.349946,-11.146254],[132.474946,-11.234145],[132.674164,-11.508396],[132.759532,-11.492364],[132.910981,-11.331801],[133.011078,-11.432794],[133.141124,-11.674574],[133.261241,-11.729587],[133.34669,-11.688246],[133.478526,-11.790785],[133.622081,-11.833266],[133.802501,-11.714939],[133.843761,-11.855239],[133.943126,-11.91367],[134.132172,-11.886407],[134.189708,-12.018243],[134.285004,-11.968194],[134.382172,-12.042657],[134.604666,-12.049493],[134.768565,-11.947686],[134.861095,-12.12656],[134.967052,-12.146091],[135.07016,-12.259942],[135.258311,-12.222101],[135.302948,-12.12831],[135.53528,-12.080621],[135.570717,-11.994575],[135.739268,-11.941502],[135.765391,-12.071873],[135.650073,-12.164576],[135.76531,-12.257094],[135.880138,-12.151625],[136.026134,-12.311456],[136.023204,-12.455662],[136.252696,-12.441095],[136.363943,-12.256443],[136.180024,-12.187758],[136.450713,-11.942333],[136.533289,-11.993246],[136.590575,-12.174278],[136.690603,-12.28281],[136.87638,-12.223414],[136.94934,-12.355869],[136.740245,-12.475763],[136.679222,-12.671292],[136.473806,-12.79225],[136.636944,-12.954941],[136.450531,-13.216404],[136.30836,-13.162774],[135.883365,-13.325764],[135.844837,-13.600186],[136.004893,-13.798028],[135.923106,-13.959649],[135.903331,-14.135837],[135.759125,-14.265395],[135.532258,-14.581084],[135.391287,-14.739923],[135.469574,-14.948012],[135.861013,-15.175958],[135.951671,-15.264418],[136.240082,-15.424086],[136.267914,-15.545017],[136.612071,-15.754653],[136.767914,-15.900811],[137.045909,-15.922296],[137.250255,-16.020603],[137.361176,-16.122166],[137.746104,-16.25213],[137.912852,-16.477594]],[[117.664317,-8.148126],[117.56658,-8.363946],[117.485606,-8.343032],[117.493907,-8.176202],[117.664317,-8.148126]],[[109.906016,-7.83766],[109.656749,-7.781671],[109.42628,-7.774184],[109.368826,-7.713474],[109.098146,-7.686861],[109.014415,-7.732599],[108.889659,-7.678643],[108.539561,-7.692315],[108.453711,-7.818501],[108.326829,-7.817471],[107.953531,-7.739873],[107.686549,-7.662075],[107.59096,-7.570434],[107.411388,-7.495864],[107.107049,-7.456406],[106.522662,-7.410957],[106.375365,-7.310194],[106.398448,-7.207778],[106.540504,-7.054612],[106.537149,-6.982962],[106.283376,-6.983331],[106.052985,-6.836806],[105.959573,-6.817628],[105.555188,-6.85568],[105.453624,-6.80877],[105.824091,-6.434646],[105.832367,-6.228692],[105.887869,-6.070571],[106.052745,-5.881036],[106.176036,-6.01393],[106.256521,-5.941583],[106.495372,-6.034845],[106.720876,-6.030938],[106.793224,-6.104099],[106.9935,-6.078546],[107.044444,-5.914321],[107.150076,-5.973077],[107.354136,-5.975995],[107.470268,-6.145432],[107.678224,-6.238023],[107.810836,-6.189347],[108.093683,-6.326847],[108.216364,-6.237965],[108.360269,-6.246401],[108.372227,-6.340353],[108.539561,-6.486912],[108.605479,-6.761651],[108.923025,-6.844659],[109.001313,-6.789158],[109.142833,-6.856215],[109.351899,-6.875665],[109.531993,-6.835138],[109.896332,-6.918227],[110.198009,-6.890883],[110.355724,-6.972914],[110.472423,-6.946384],[110.571544,-6.836196],[110.730479,-6.456964],[110.924815,-6.403741],[111.051768,-6.45672],[111.156912,-6.692071],[111.428722,-6.699151],[111.493419,-6.623468],[111.610118,-6.664972],[111.740408,-6.781671],[111.976248,-6.784845],[112.067882,-6.89365],[112.363536,-6.870538],[112.582774,-6.989923],[112.700694,-7.254653],[112.823253,-7.262628],[112.761485,-7.531183],[113.299327,-7.788507],[113.528575,-7.700372],[113.803884,-7.721775],[114.016124,-7.618097],[114.140391,-7.70086],[114.258556,-7.700372],[114.467296,-7.830987],[114.446788,-8.014255],[114.358653,-8.409112],[114.461192,-8.618341],[114.589122,-8.664239],[114.597179,-8.775567],[114.388927,-8.748142],[114.302582,-8.611912],[114.197032,-8.645603],[113.723888,-8.528253],[113.640473,-8.458591],[113.413585,-8.390232],[113.197927,-8.277276],[112.987315,-8.3235],[112.672699,-8.447035],[112.366222,-8.341974],[111.927257,-8.302504],[111.792003,-8.256524],[111.67335,-8.367852],[111.442068,-8.276056],[111.171235,-8.282647],[110.476736,-8.111912],[110.03419,-7.884698],[109.906016,-7.83766]],[[139.192231,-6.972914],[138.999766,-6.852716],[138.822439,-6.806085],[138.672862,-6.69492],[138.677582,-6.60296],[138.466075,-6.402114],[138.365489,-6.091729],[138.270844,-5.886977],[138.071056,-5.728611],[138.059825,-5.575291],[137.914561,-5.386895],[137.821788,-5.362888],[137.706309,-5.221938],[137.579845,-5.181899],[137.2671,-4.999444],[136.953868,-4.922784],[136.822113,-4.928318],[136.355479,-4.677423],[136.035818,-4.586033],[135.97047,-4.519627],[135.72462,-4.495294],[135.429535,-4.430434],[135.185557,-4.448907],[134.823497,-4.259373],[134.658051,-4.133396],[134.692231,-3.914809],[134.532563,-4.022068],[134.430431,-3.90781],[134.315278,-4.020278],[134.191173,-3.943536],[134.173106,-3.787856],[133.958995,-3.837579],[133.843598,-3.63836],[133.586192,-3.566583],[133.408865,-3.722426],[133.455577,-3.846938],[133.269379,-4.052016],[132.907725,-4.088149],[132.791759,-3.927179],[132.756114,-3.627537],[132.881114,-3.642836],[132.931814,-3.554132],[132.831879,-3.461033],[132.811697,-3.281671],[132.692149,-3.338149],[132.553071,-3.107029],[132.325694,-2.946547],[131.996918,-2.914809],[132.035004,-2.793552],[132.201915,-2.676446],[132.585704,-2.717462],[132.736583,-2.809991],[132.835297,-2.736017],[133.033539,-2.479425],[133.258474,-2.416436],[133.320567,-2.491876],[133.6067,-2.532485],[133.735037,-2.516778],[133.920909,-2.387628],[133.949962,-2.292901],[133.863048,-2.21795],[133.94044,-2.107599],[133.548595,-2.24505],[133.296153,-2.204197],[132.943614,-2.28338],[132.815929,-2.24505],[132.698741,-2.305352],[132.560395,-2.185642],[132.347911,-2.270115],[132.073416,-2.105157],[131.972911,-1.964614],[131.927257,-1.706231],[131.821462,-1.59824],[131.57309,-1.480157],[131.323741,-1.469171],[131.20574,-1.523614],[131.126313,-1.453302],[131.003591,-1.456231],[131.03004,-1.275567],[131.181651,-1.217218],[131.291515,-0.914972],[131.243012,-0.819431],[131.488292,-0.74684],[131.59018,-0.756524],[131.884288,-0.681899],[132.09962,-0.469903],[132.27003,-0.384535],[132.437185,-0.347101],[132.709158,-0.36004],[132.905284,-0.45322],[133.154796,-0.531996],[133.391612,-0.72324],[133.745372,-0.750746],[133.977224,-0.72324],[134.100759,-0.812595],[134.036143,-0.957778],[134.127452,-1.14837],[134.281993,-1.350193],[134.207205,-1.5735],[134.087087,-1.682794],[134.155528,-2.039483],[134.19337,-2.379083],[134.330251,-2.522231],[134.463878,-2.854669],[134.532725,-2.834161],[134.474376,-2.580743],[134.556326,-2.464776],[134.658051,-2.562758],[134.66684,-2.825616],[134.701345,-2.958673],[134.824229,-3.050388],[134.880626,-3.242934],[134.984711,-3.329685],[135.322032,-3.386489],[135.47047,-3.363051],[135.638927,-3.178155],[135.909923,-2.985772],[135.96461,-2.775811],[136.023204,-2.707696],[136.266368,-2.560317],[136.403819,-2.219659],[136.758637,-2.248712],[136.951508,-2.142185],[137.226329,-2.074395],[137.204845,-1.94964],[137.101736,-1.888279],[137.142833,-1.787042],[137.348806,-1.710138],[137.532481,-1.597752],[137.794444,-1.484145],[137.924815,-1.484145],[138.07488,-1.610284],[138.3567,-1.710138],[138.665212,-1.789158],[138.803233,-1.920831],[139.1067,-2.012791],[139.283214,-2.12184],[139.864757,-2.372003],[140.104747,-2.320082],[140.332286,-2.455743],[140.38852,-2.397068],[140.730805,-2.491469],[140.73463,-2.634942],[141.042979,-2.589776],[141.27589,-2.642348],[141.338227,-2.701837],[141.576182,-2.794041],[141.905528,-2.967218],[142.000011,-2.955987],[142.181895,-3.080173],[142.501964,-3.196059],[143.029307,-3.355564],[143.125499,-3.348077],[143.477875,-3.420587],[143.618663,-3.544854],[143.818044,-3.621677],[143.99586,-3.793145],[144.203624,-3.837823],[144.354991,-3.798028],[144.513438,-3.81756],[144.55128,-3.968438],[144.867849,-4.099216],[145.050955,-4.341892],[145.181326,-4.390232],[145.345714,-4.390232],[145.690196,-4.768243],[145.81186,-4.861017],[145.810802,-5.066502],[145.727387,-5.422459],[145.759613,-5.476983],[145.956309,-5.474705],[146.284923,-5.582615],[146.460948,-5.599298],[146.812755,-5.838556],[146.932872,-5.841974],[147.042247,-5.938653],[147.449067,-5.961602],[147.621755,-6.106622],[147.726248,-6.272231],[147.826671,-6.335382],[147.867524,-6.476332],[147.854015,-6.691013],[147.775645,-6.717869],[146.977306,-6.740411],[146.956228,-6.954685],[147.058279,-7.054864],[147.141368,-7.213067],[147.161876,-7.390558],[147.230154,-7.486912],[147.354503,-7.515313],[147.68336,-7.810724],[147.726817,-7.932061],[147.876475,-7.937188],[147.998546,-8.055352],[148.114024,-8.055352],[148.210785,-8.306085],[148.237559,-8.569268],[148.436778,-8.666192],[148.559255,-9.032485],[148.758311,-9.103692],[148.891612,-9.051039],[149.243663,-8.997166],[149.306651,-9.117446],[149.182872,-9.368097],[149.226573,-9.486749],[149.457205,-9.594171],[149.730968,-9.597833],[150.012218,-9.642185],[150.055919,-9.71502],[149.730968,-9.80934],[149.725352,-9.847833],[149.939464,-10.062433],[150.196788,-10.095147],[150.301036,-10.179295],[150.587657,-10.244724],[150.615408,-10.344496],[150.399913,-10.300226],[150.346934,-10.36533],[150.647309,-10.476983],[150.692882,-10.556736],[150.415701,-10.681899],[150.211274,-10.701349],[150.067393,-10.639907],[149.940278,-10.440606],[149.748383,-10.338311],[149.460623,-10.352309],[149.067393,-10.234633],[148.978038,-10.276137],[148.537852,-10.172296],[148.402029,-10.200453],[148.231293,-10.105645],[148.018321,-10.12477],[147.879649,-10.052179],[147.761729,-10.059747],[147.621267,-9.988865],[147.517589,-9.879002],[147.490977,-9.767673],[147.310069,-9.538832],[147.052745,-9.460219],[146.914887,-9.1242],[146.626801,-9.023045],[146.558442,-8.940525],[146.575857,-8.821954],[146.435313,-8.61061],[146.277192,-8.435235],[146.221934,-8.260431],[146.116547,-8.200128],[146.102794,-8.100274],[145.880707,-8.041681],[145.613292,-7.93255],[145.465587,-7.945489],[145.321625,-7.861993],[144.879568,-7.781671],[144.866222,-7.705743],[144.699474,-7.616795],[144.431326,-7.612237],[144.242198,-7.726332],[144.214854,-7.795994],[143.924327,-7.694268],[143.856212,-7.808282],[143.956798,-7.972263],[143.767345,-8.040216],[143.65089,-7.981378],[143.548025,-8.031671],[143.627615,-8.186293],[143.592052,-8.241957],[143.337901,-8.247735],[142.980479,-8.335626],[142.899669,-8.412856],[143.131602,-8.486017],[143.261567,-8.59238],[143.399913,-8.782159],[143.405528,-8.962172],[143.17335,-9.042901],[142.652599,-9.330255],[142.223399,-9.161228],[141.868419,-9.220392],[141.51002,-9.21502],[141.421723,-9.150323],[141.115001,-9.218438],[140.856944,-9.049086],[140.621593,-8.806736],[140.507498,-8.638116],[140.251638,-8.408949],[140.031912,-8.246352],[139.932384,-8.108575],[139.630544,-8.124933],[139.3567,-8.199395],[139.201182,-8.095636],[139.089529,-8.133559],[138.914399,-8.292087],[138.838552,-8.13836],[138.858653,-8.101332],[138.921235,-8.079522],[138.905772,-8.043634],[138.910981,-7.92254],[138.993988,-7.865492],[139.093028,-7.559991],[138.958018,-7.507257],[138.886078,-7.360935],[138.688243,-7.192641],[138.761974,-7.113865],[138.572032,-6.942478],[138.931488,-6.842543],[139.126475,-6.971612],[139.192231,-6.972914]],[[119.846528,-0.874607],[119.854015,-0.716404],[119.757823,-0.469903],[119.792003,-0.106785],[119.638682,-0.050877],[119.675304,0.030341],[119.825938,-0.089939],[119.888194,0.071275],[119.793956,0.196601],[119.911794,0.4737],[120.032237,0.516303],[120.062836,0.742865],[120.340343,0.872382],[120.568126,0.782131],[120.68336,0.991929],[120.803233,1.068427],[120.820811,1.310004],[120.967296,1.346177],[121.158702,1.302802],[121.264903,1.22956],[121.430024,1.232978],[121.480724,1.120917],[121.63087,1.061957],[121.926117,1.0987],[122.235362,1.009833],[122.454112,1.020657],[122.62379,0.966376],[122.848888,0.81802],[122.968028,0.962592],[123.095714,0.9289],[123.368663,0.927436],[123.562999,0.866929],[123.947927,0.838935],[124.314952,1.037746],[124.389415,1.186103],[124.593761,1.195868],[124.54835,1.359849],[124.850434,1.489691],[124.836925,1.588853],[124.972911,1.722968],[125.179942,1.667426],[125.249197,1.484687],[125.144298,1.421332],[125.033702,1.175442],[124.898692,0.973049],[124.663829,0.805609],[124.503429,0.534003],[124.321788,0.398871],[123.745779,0.310858],[123.23878,0.32453],[123.074229,0.516303],[122.977875,0.482815],[122.324392,0.497056],[121.800466,0.426459],[121.690115,0.52383],[121.507823,0.486802],[120.98699,0.447008],[120.892426,0.423326],[120.679535,0.530585],[120.502696,0.528876],[120.375255,0.477688],[120.128429,0.181098],[119.995616,-0.209242],[120.089203,-0.657322],[120.243907,-0.887628],[120.412446,-0.904962],[120.582367,-1.105239],[120.56544,-1.215509],[120.675955,-1.394708],[120.803884,-1.342869],[121.073253,-1.421319],[121.266775,-1.148614],[121.500662,-0.859308],[121.659679,-0.812595],[121.714203,-0.935479],[121.926036,-0.955336],[122.105317,-0.926202],[122.207693,-0.764744],[122.612478,-0.752211],[122.716482,-0.792413],[122.912446,-0.762872],[122.823009,-0.612237],[123.239513,-0.570489],[123.403494,-0.642673],[123.454356,-0.758233],[123.383311,-1.003676],[123.23878,-1.024835],[123.060802,-0.880548],[122.811697,-0.924086],[122.720958,-1.109063],[122.648285,-1.159438],[122.368826,-1.492771],[122.18393,-1.61419],[122.036469,-1.613946],[121.798595,-1.71795],[121.692149,-1.908136],[121.54005,-1.923435],[121.440929,-1.813572],[121.31186,-1.782892],[121.326996,-1.919041],[121.53533,-2.05877],[121.555024,-2.133966],[121.700857,-2.180352],[121.822927,-2.287286],[122.019054,-2.615004],[122.015636,-2.693536],[122.312511,-2.926853],[122.279633,-3.039646],[122.385916,-3.132013],[122.25172,-3.376072],[122.292166,-3.45086],[122.200531,-3.556573],[122.250499,-3.656183],[122.441417,-3.731052],[122.62436,-3.952407],[122.675059,-4.122735],[122.907074,-4.195977],[122.900157,-4.388767],[122.768809,-4.478448],[122.599132,-4.396742],[122.430431,-4.416925],[122.107758,-4.519952],[121.99171,-4.855727],[121.823253,-4.813084],[121.704356,-4.835219],[121.48463,-4.656427],[121.536306,-4.230564],[121.627696,-4.087091],[121.555186,-4.021417],[121.354259,-3.968438],[121.240245,-3.807875],[121.16033,-3.796157],[120.893809,-3.539158],[120.870291,-3.445733],[121.066742,-3.19378],[121.066905,-2.752211],[121.00587,-2.660821],[120.776052,-2.614923],[120.584483,-2.682061],[120.542979,-2.747247],[120.231619,-2.950372],[120.28533,-3.16253],[120.42156,-3.267511],[120.395274,-3.382257],[120.446544,-3.728692],[120.353526,-3.930841],[120.40211,-4.574477],[120.444102,-4.626642],[120.386567,-4.829278],[120.309418,-4.87127],[120.264334,-5.149998],[120.381114,-5.337335],[120.459321,-5.601983],[120.323253,-5.509535],[120.100434,-5.595636],[119.914887,-5.568943],[119.805675,-5.692478],[119.64796,-5.678806],[119.437511,-5.521742],[119.352794,-5.355645],[119.379893,-5.191664],[119.525157,-4.883071],[119.491222,-4.754083],[119.591075,-4.564142],[119.626801,-4.314548],[119.585216,-3.97031],[119.456716,-3.714532],[119.497569,-3.495294],[119.297618,-3.427911],[119.208995,-3.489841],[119.027029,-3.509698],[118.926768,-3.566095],[118.764171,-3.090916],[118.853282,-3.053399],[118.880626,-2.861017],[118.757335,-2.775811],[118.822765,-2.62127],[118.914399,-2.64837],[119.141449,-2.44199],[119.134044,-2.203546],[119.216075,-2.009942],[119.354015,-1.934747],[119.308442,-1.69492],[119.333263,-1.5735],[119.298595,-1.387872],[119.32838,-1.214451],[119.453136,-1.096449],[119.537364,-0.85003],[119.68214,-0.736912],[119.735199,-0.641046],[119.846528,-0.874607]],[[147.998546,-43.230401],[147.792491,-43.244073],[147.647797,-43.072849],[147.887055,-43.034438],[147.840343,-42.902032],[147.585623,-42.821222],[147.360199,-42.925226],[147.257579,-43.114353],[147.257579,-43.254327],[147.099783,-43.299412],[146.936046,-43.495212],[146.927013,-43.611749],[146.710704,-43.629002],[146.51352,-43.533949],[146.030772,-43.48268],[146.025401,-43.324884],[145.873302,-43.258396],[145.582286,-42.963556],[145.510265,-42.958429],[145.352712,-42.650811],[145.264171,-42.59531],[145.202403,-42.247491],[145.276866,-42.182061],[145.206554,-41.966567],[144.926036,-41.70908],[144.767345,-41.335545],[144.681651,-41.223077],[144.605805,-40.996515],[144.696951,-40.886895],[144.68922,-40.704522],[144.984711,-40.744806],[145.711599,-40.930434],[145.79127,-41.017022],[146.214366,-41.155369],[146.423676,-41.166192],[147.017589,-40.976658],[147.171072,-41.006524],[147.285981,-40.941339],[147.444835,-41.008396],[147.597423,-40.846856],[147.819835,-40.893487],[147.984223,-40.736505],[148.209321,-40.840753],[148.331391,-41.002211],[148.268891,-41.151625],[148.331065,-41.322524],[148.27947,-41.450372],[148.314952,-41.606541],[148.260997,-41.800388],[148.326915,-41.915785],[148.299327,-42.050551],[148.146983,-41.999282],[147.983409,-42.319024],[148.006033,-42.514093],[147.888682,-42.819513],[148.004731,-42.908868],[147.963878,-43.010512],[147.998546,-43.230401]],[[120.792491,-9.96087],[120.826671,-10.091241],[120.711192,-10.20672],[120.391612,-10.263116],[120.15561,-10.220961],[119.976329,-9.992446],[119.697113,-9.852634],[119.674083,-9.800226],[119.477306,-9.74863],[119.406098,-9.790134],[119.177094,-9.741388],[119.037364,-9.675877],[118.94158,-9.570489],[119.024669,-9.437677],[119.168712,-9.385512],[119.629242,-9.341892],[119.8213,-9.378595],[119.945974,-9.288263],[120.070974,-9.441013],[120.243907,-9.509047],[120.330333,-9.669366],[120.43629,-9.63128],[120.580333,-9.734959],[120.669688,-9.885186],[120.792491,-9.96087]],[[123.348643,-8.268813],[123.321137,-8.384942],[123.041026,-8.410821],[123.036469,-8.332289],[123.237315,-8.234063],[123.348643,-8.268813]],[[116.633311,-8.275079],[116.743175,-8.391778],[116.681,-8.556329],[116.500438,-8.802688],[116.565369,-8.895583],[116.204763,-8.920017],[116.068614,-8.855727],[116.002126,-8.898858],[115.828638,-8.791786],[116.060271,-8.713907],[116.027937,-8.445008],[116.269705,-8.247735],[116.376231,-8.201837],[116.633311,-8.275079]],[[119.203624,-8.610935],[119.151622,-8.742364],[118.991547,-8.75506],[118.898448,-8.688409],[118.746593,-8.7763],[118.465017,-8.865004],[118.299327,-8.757908],[118.157725,-8.867852],[118.078868,-8.844334],[117.890473,-8.936782],[117.737804,-8.909763],[117.558116,-9.001886],[117.334132,-9.059354],[117.226145,-9.023781],[117.009736,-9.107293],[116.763031,-9.015558],[116.73518,-8.873397],[116.8213,-8.787286],[116.748517,-8.666544],[116.790091,-8.583704],[116.984548,-8.495782],[117.195079,-8.357599],[117.353201,-8.44671],[117.558116,-8.40545],[117.649099,-8.551853],[117.771658,-8.604099],[117.805186,-8.719985],[117.969005,-8.748142],[118.068126,-8.655938],[118.290863,-8.60589],[118.057465,-8.450616],[118.003184,-8.473728],[117.82252,-8.354181],[117.706309,-8.229669],[117.729503,-8.158949],[117.895274,-8.09002],[118.115245,-8.113865],[118.243907,-8.328709],[118.365245,-8.344659],[118.443614,-8.257908],[118.988292,-8.309015],[119.075694,-8.651951],[119.203624,-8.610935]],[[123.026378,-8.288751],[122.904145,-8.363377],[122.807384,-8.486749],[122.807384,-8.610935],[122.56544,-8.669122],[122.407888,-8.741469],[122.114513,-8.732354],[121.793712,-8.883966],[121.396007,-8.794122],[121.340587,-8.918064],[121.165294,-8.895115],[120.922862,-8.926202],[120.593923,-8.795831],[120.243907,-8.823175],[120.131033,-8.770766],[119.975759,-8.813897],[119.823985,-8.780369],[119.803722,-8.596775],[119.919444,-8.461196],[120.108897,-8.39186],[120.277029,-8.26922],[120.654552,-8.261651],[120.74464,-8.329767],[120.976085,-8.337498],[121.030935,-8.392673],[121.290538,-8.477472],[121.380544,-8.572198],[121.509532,-8.602146],[121.834727,-8.473728],[122.025645,-8.49977],[122.288422,-8.633884],[122.500743,-8.576267],[122.494151,-8.47503],[122.598155,-8.395196],[122.758149,-8.361017],[122.795665,-8.11004],[122.979666,-8.146905],[123.026378,-8.288751]],[[115.619151,-8.288751],[115.714203,-8.375177],[115.604828,-8.501072],[115.322602,-8.623793],[115.253917,-8.714614],[114.927013,-8.467462],[114.796641,-8.40545],[114.639008,-8.398614],[114.468435,-8.21852],[114.447927,-8.12184],[114.691417,-8.135024],[114.857595,-8.193129],[115.022634,-8.172621],[115.215505,-8.059503],[115.502452,-8.172621],[115.619151,-8.288751]],[[147.336599,-43.340265],[147.315929,-43.500665],[147.149181,-43.501153],[147.168142,-43.368259],[147.336599,-43.340265]],[[148.429942,-40.373305],[148.295665,-40.434666],[148.082042,-40.454278],[148.074067,-40.35117],[148.345958,-40.309503],[148.429942,-40.373305]],[[148.014903,-40.150567],[147.853689,-39.827732],[147.953298,-39.711684],[148.167003,-39.935642],[148.299001,-39.961847],[148.307384,-40.237726],[148.074718,-40.255141],[148.014903,-40.150567]],[[144.105479,-39.892999],[144.112478,-40.030857],[143.922537,-40.127374],[143.838145,-39.934503],[143.86199,-39.700616],[144.084158,-39.626153],[144.105479,-39.892999]],[[138.129649,-35.816339],[138.047699,-35.918634],[137.756684,-35.871515],[137.459239,-36.082696],[137.211681,-35.980157],[136.715587,-36.062758],[136.532563,-35.911879],[136.621104,-35.751235],[137.074474,-35.671645],[137.352224,-35.585626],[137.622895,-35.582127],[137.580821,-35.726821],[137.908539,-35.729099],[138.129649,-35.816339]],[[113.216645,-26.068048],[113.046153,-25.940037],[112.964529,-25.794041],[112.919444,-25.523614],[113.007823,-25.496189],[113.05128,-25.716974],[113.216645,-26.068048]],[[153.369965,-24.989028],[153.083507,-25.665785],[152.948253,-25.552179],[153.068533,-25.329034],[153.038341,-25.183526],[153.226085,-25.02752],[153.369965,-24.989028]],[[151.269867,-23.666274],[151.213878,-23.77809],[150.979607,-23.487386],[151.191417,-23.513849],[151.269867,-23.666274]],[[146.319021,-18.382989],[146.223399,-18.465509],[146.121837,-18.245538],[146.278087,-18.287367],[146.319021,-18.382989]],[[139.734141,-16.443292],[139.610525,-16.553155],[139.466563,-16.56699],[139.444672,-16.664646],[139.302094,-16.724542],[139.136974,-16.697198],[139.287852,-16.470636],[139.60377,-16.39837],[139.734141,-16.443292]],[[136.951508,-14.181573],[136.903087,-14.298923],[136.639415,-14.280206],[136.460785,-14.216404],[136.409679,-13.997247],[136.430186,-13.87713],[136.594737,-13.81227],[136.684337,-13.720473],[136.791352,-13.917739],[136.716807,-14.063653],[136.810557,-14.159112],[136.951508,-14.181573]],[[130.536794,-11.705011],[130.496349,-11.839044],[130.321056,-11.770196],[130.053477,-11.822849],[130.064301,-11.691339],[130.201508,-11.653497],[130.146983,-11.489028],[130.269786,-11.338149],[130.349946,-11.339451],[130.396821,-11.534601],[130.536794,-11.705011]],[[153.761567,-11.58587],[153.608246,-11.612563],[153.435557,-11.578383],[153.271739,-11.453302],[153.257823,-11.353448],[153.761567,-11.58587]],[[131.537364,-11.413263],[131.432384,-11.607029],[131.293142,-11.724054],[130.979991,-11.926446],[130.712576,-11.799493],[130.496593,-11.649509],[130.365977,-11.232354],[130.573578,-11.275323],[130.691661,-11.422784],[130.888031,-11.313165],[131.009776,-11.354913],[131.274425,-11.18963],[131.427745,-11.249688],[131.537364,-11.413263]],[[123.390147,-10.591485],[123.209158,-10.813084],[122.841807,-10.921075],[122.812511,-10.778416],[123.049164,-10.711358],[123.225108,-10.543634],[123.33546,-10.49033],[123.390147,-10.591485]],[[162.374848,-10.823663],[162.101085,-10.821466],[161.792166,-10.734959],[161.524669,-10.564223],[161.510997,-10.364923],[161.280772,-10.308852],[161.396007,-10.204034],[161.835704,-10.446954],[162.113617,-10.456476],[162.277517,-10.67962],[162.271739,-10.814386],[162.374848,-10.823663]],[[151.177013,-9.954685],[151.300629,-9.967706],[151.211925,-10.1867],[150.958018,-10.104913],[150.882335,-9.903009],[151.127615,-10.042169],[151.177013,-9.954685]],[[150.800955,-9.652439],[150.549327,-9.623224],[150.426931,-9.418715],[150.505544,-9.33766],[150.673839,-9.438653],[150.759451,-9.399184],[150.888357,-9.521417],[150.930919,-9.652439],[150.800955,-9.652439]],[[160.826345,-9.837335],[160.644786,-9.937107],[160.432872,-9.889093],[160.320323,-9.815118],[160.123871,-9.823175],[159.835623,-9.793878],[159.723399,-9.706964],[159.599132,-9.512384],[159.615977,-9.295343],[159.708995,-9.247735],[159.939708,-9.432875],[160.366384,-9.412774],[160.503673,-9.53631],[160.65447,-9.610772],[160.785411,-9.727472],[160.826345,-9.837335]],[[150.368907,-9.37184],[150.335216,-9.471287],[150.171641,-9.435642],[150.108246,-9.361017],[150.214529,-9.205824],[150.368907,-9.37184]],[[152.995469,-9.141299],[152.811554,-9.254673],[152.598097,-9.068639],[152.599356,-8.988879],[152.794171,-9.003497],[152.995469,-9.141299]],[[158.056895,-8.528253],[158.105724,-8.691095],[158.013357,-8.765232],[157.879242,-8.68255],[157.961192,-8.52158],[158.056895,-8.528253]],[[124.465831,-9.179376],[124.563243,-9.170831],[124.69158,-9.067804],[124.974783,-8.922133],[125.100352,-8.778253],[125.144298,-8.631443],[125.63087,-8.52158],[125.897716,-8.481134],[126.069102,-8.52158],[126.240245,-8.494806],[126.411632,-8.419122],[126.548839,-8.486749],[126.842133,-8.391046],[126.967052,-8.309015],[127.18629,-8.332452],[127.303233,-8.432306],[127.009288,-8.67669],[126.846202,-8.752537],[126.583263,-8.805841],[126.430186,-8.954685],[126.165863,-8.988377],[125.947113,-9.125746],[125.609386,-9.186212],[125.378754,-9.28102],[125.001964,-9.53631],[124.970714,-9.662367],[124.846934,-9.748224],[124.734548,-9.899509],[124.540782,-10.036554],[124.418468,-10.163832],[124.122406,-10.17254],[124.033865,-10.276137],[123.826345,-10.363946],[123.515391,-10.335545],[123.54713,-10.186782],[123.748546,-10.097752],[123.576182,-10.01393],[123.650157,-9.889418],[123.688813,-9.611423],[123.863048,-9.48797],[123.991466,-9.348077],[124.190766,-9.255141],[124.465831,-9.179376]],[[161.360688,-9.617608],[161.237153,-9.447524],[160.867931,-9.152114],[160.764334,-8.94671],[160.65447,-8.604099],[160.719981,-8.553399],[160.593516,-8.384942],[160.746593,-8.309666],[160.996837,-8.603774],[160.946625,-8.813735],[161.151134,-8.94964],[161.202485,-9.138442],[161.328136,-9.438572],[161.360688,-9.617608]],[[123.927989,-8.227309],[123.775401,-8.305841],[123.728852,-8.393324],[123.399425,-8.586033],[123.324392,-8.534601],[123.357595,-8.41131],[123.798188,-8.179946],[123.927989,-8.227309]],[[124.308116,-8.220473],[124.299978,-8.319268],[124.164806,-8.528253],[124.097179,-8.377211],[124.258149,-8.182061],[124.308116,-8.220473]],[[138.897309,-8.337172],[138.894054,-8.40545],[138.55836,-8.366632],[138.688813,-8.181329],[138.831391,-8.185642],[138.897309,-8.337172]],[[125.134044,-8.217055],[125.123302,-8.352309],[124.418224,-8.464614],[124.450694,-8.149021],[124.66505,-8.169692],[125.09254,-8.161554],[125.134044,-8.217055]],[[128.090587,-8.131036],[127.994151,-8.251886],[127.802094,-8.176202],[127.83253,-8.098565],[128.090587,-8.131036]],[[157.797374,-8.562433],[157.674815,-8.50921],[157.567068,-8.2763],[157.481781,-8.255955],[157.228201,-8.316664],[157.382823,-8.031508],[157.502615,-7.959731],[157.611827,-8.066176],[157.613129,-8.169122],[157.74586,-8.228692],[157.83839,-8.337172],[157.903331,-8.499119],[157.797374,-8.562433]],[[157.104666,-8.124933],[157.002289,-8.086847],[156.947032,-7.979669],[157.091075,-7.850518],[157.191254,-7.952895],[157.202322,-8.048272],[157.104666,-8.124933]],[[129.841156,-7.877862],[129.776378,-8.055352],[129.594249,-7.924005],[129.587576,-7.835626],[129.724864,-7.795994],[129.841156,-7.877862]],[[156.80714,-7.720147],[156.659679,-7.939223],[156.504161,-7.63006],[156.611176,-7.569431],[156.80714,-7.720147]],[[126.836762,-7.726332],[126.559337,-7.81992],[126.421886,-7.93255],[126.189789,-7.923517],[126.074962,-7.883884],[125.925059,-7.911879],[125.80836,-7.86419],[125.947927,-7.678318],[126.203136,-7.713474],[126.32838,-7.695733],[126.503754,-7.590427],[126.631358,-7.565362],[126.836762,-7.726332]],[[138.938975,-7.542087],[139.046397,-7.561944],[138.982677,-7.829848],[138.8838,-7.93255],[138.904145,-8.07586],[138.660899,-8.169041],[138.444184,-8.379083],[138.293468,-8.418715],[138.177989,-8.384942],[137.636974,-8.389418],[137.759044,-8.073419],[138.028087,-7.61004],[138.244151,-7.456476],[138.62086,-7.364679],[138.804535,-7.3742],[138.938975,-7.542087]],[[131.698578,-7.226739],[131.699229,-7.413995],[131.643321,-7.599054],[131.389903,-7.847101],[131.36085,-7.947361],[131.116222,-8.000746],[131.085704,-7.871759],[131.11964,-7.733819],[131.254731,-7.472263],[131.347016,-7.438246],[131.528819,-7.170099],[131.637543,-7.109063],[131.698578,-7.226739]],[[114.045665,-6.914646],[113.832533,-7.13202],[113.665212,-7.11004],[113.548984,-7.233778],[113.12794,-7.231052],[112.742524,-7.161391],[112.692638,-7.058526],[112.915294,-6.891697],[113.445582,-6.882378],[113.526228,-6.896293],[113.923676,-6.864841],[114.045665,-6.914646]],[[134.484386,-6.575616],[134.31072,-6.85947],[134.185069,-6.918634],[134.073416,-6.826755],[134.127452,-6.325291],[134.12379,-6.171563],[134.449962,-6.441339],[134.484386,-6.575616]],[[120.546153,-5.938165],[120.552989,-6.110121],[120.449962,-6.140802],[120.448253,-5.843927],[120.546153,-5.938165]],[[148.049164,-5.606134],[148.024587,-5.841974],[147.895763,-5.770685],[147.769054,-5.611749],[147.781912,-5.495294],[148.049164,-5.606134]],[[155.933442,-6.640802],[155.878184,-6.801528],[155.717784,-6.872817],[155.523611,-6.839125],[155.36085,-6.745864],[155.187266,-6.554457],[155.23463,-6.363377],[155.181651,-6.291681],[154.978689,-6.192966],[154.959646,-6.130629],[154.75587,-5.947849],[154.700206,-5.76686],[154.770356,-5.55877],[155.069347,-5.552179],[155.192149,-5.765883],[155.403819,-6.006036],[155.452159,-6.13714],[155.713878,-6.279229],[155.916759,-6.517511],[155.933442,-6.640802]],[[134.758067,-6.157892],[134.701834,-6.321873],[134.607758,-6.369561],[134.333507,-6.221449],[134.27589,-6.083591],[134.360362,-5.849542],[134.351817,-5.714451],[134.491222,-5.448175],[134.581228,-5.424249],[134.696544,-5.534112],[134.764903,-5.890395],[134.723888,-5.917739],[134.758067,-6.157892]],[[133.184337,-5.310317],[133.113292,-5.595636],[133.02296,-5.548517],[133.110118,-5.310968],[133.184337,-5.310317]],[[147.209646,-5.269952],[147.227306,-5.409601],[147.127208,-5.443292],[147.010427,-5.334893],[147.018077,-5.24391],[147.133962,-5.190851],[147.209646,-5.269952]],[[122.067393,-5.21502],[122.052989,-5.432306],[121.968272,-5.46795],[121.806814,-5.259861],[121.853852,-5.102146],[121.982677,-5.079034],[122.067393,-5.21502]],[[154.727387,-5.211358],[154.688731,-5.427341],[154.573904,-5.290704],[154.582693,-5.140313],[154.679047,-5.046563],[154.727387,-5.211358]],[[122.78004,-4.916599],[122.643403,-5.07879],[122.606456,-5.235772],[122.655447,-5.322524],[122.543468,-5.428806],[122.275157,-5.327569],[122.341807,-5.108982],[122.402599,-5.061782],[122.327485,-4.835219],[122.404959,-4.737888],[122.656993,-4.624282],[122.735525,-4.643731],[122.78004,-4.916599]],[[145.996837,-4.534275],[146.044688,-4.701104],[145.93922,-4.760919],[145.875743,-4.686782],[145.996837,-4.534275]],[[123.149913,-5.22503],[123.213145,-5.30169],[123.065603,-5.41839],[122.97755,-5.39422],[122.827647,-5.676202],[122.638357,-5.662205],[122.567149,-5.506931],[122.763438,-5.20794],[122.854991,-4.817804],[122.847992,-4.648858],[122.908946,-4.474542],[123.019542,-4.390232],[123.204438,-4.611749],[123.149913,-4.71795],[123.046397,-4.752862],[122.983572,-5.087823],[123.149913,-5.22503]],[[152.417979,-4.34531],[152.365245,-4.472101],[152.411632,-4.68377],[152.29184,-4.935479],[152.136729,-4.999119],[151.992686,-4.971775],[151.987966,-5.163995],[152.123057,-5.290785],[152.098888,-5.455743],[151.97169,-5.534112],[151.785981,-5.584893],[151.739431,-5.534112],[151.479015,-5.52988],[151.465099,-5.684991],[151.355479,-5.834161],[151.208507,-5.942804],[150.880382,-6.053888],[150.796072,-6.120294],[150.588064,-6.178399],[150.465099,-6.274021],[150.27296,-6.295017],[150.054047,-6.257745],[149.911388,-6.294854],[149.629405,-6.299249],[149.464041,-6.102634],[149.30421,-6.058689],[149.141856,-6.14422],[149.012055,-6.027602],[148.853852,-5.97975],[148.771983,-5.873305],[148.621104,-5.807875],[148.551524,-5.837009],[148.386241,-5.775079],[148.324718,-5.646417],[148.342052,-5.533298],[148.429942,-5.444757],[148.556407,-5.539972],[148.651866,-5.48089],[148.832774,-5.533868],[148.978038,-5.465265],[149.199962,-5.565199],[149.390473,-5.587335],[149.614919,-5.513604],[149.718435,-5.568943],[149.872813,-5.527602],[150.058116,-5.342869],[150.142345,-5.534112],[150.306895,-5.561456],[150.42335,-5.456638],[150.719005,-5.534112],[150.875499,-5.493097],[151.022227,-5.390313],[151.082856,-5.163832],[151.252778,-4.992852],[151.388031,-4.914483],[151.612478,-4.96559],[151.695649,-4.81878],[151.609141,-4.451755],[151.507335,-4.229181],[151.540294,-4.17669],[151.817149,-4.213962],[151.964692,-4.331231],[152.136729,-4.204685],[152.177908,-4.296808],[152.417979,-4.34531]],[[123.204438,-3.992934],[123.253429,-4.089776],[123.169281,-4.221124],[123.086599,-4.23447],[122.977875,-4.128839],[123.015636,-3.981134],[123.204438,-3.992934]],[[128.330821,-3.511895],[128.337169,-3.611586],[128.236501,-3.722263],[128.127126,-3.749444],[127.916352,-3.693943],[128.034516,-3.589044],[128.158702,-3.584649],[128.330821,-3.511895]],[[127.240896,-3.470961],[127.243419,-3.606052],[126.742185,-3.859378],[126.589325,-3.816639],[126.173561,-3.602527],[126.052628,-3.44632],[125.991742,-3.248191],[126.090921,-3.112098],[126.185085,-3.180894],[126.421397,-3.070489],[126.720225,-3.060154],[127.093516,-3.200779],[127.046153,-3.305352],[127.259776,-3.371189],[127.240896,-3.470961]],[[130.87322,-3.573989],[130.817882,-3.868829],[130.606944,-3.778497],[130.418793,-3.636895],[129.983165,-3.459731],[129.890473,-3.333103],[129.544932,-3.297784],[129.485606,-3.463474],[129.113536,-3.34881],[128.960785,-3.355564],[128.877452,-3.202569],[128.692556,-3.348728],[128.677582,-3.432306],[128.484141,-3.462498],[128.399181,-3.410089],[128.282074,-3.22088],[128.06658,-3.196954],[128.022227,-3.368585],[127.875255,-3.208754],[128.106293,-2.975518],[128.175466,-2.857029],[128.51588,-2.834161],[128.865245,-2.862074],[129.052908,-2.804457],[129.121837,-2.957696],[129.358409,-2.856215],[129.443533,-2.784926],[129.611827,-2.806817],[130.046641,-2.99212],[130.344981,-2.977634],[130.578461,-3.122817],[130.666677,-3.403578],[130.761485,-3.405857],[130.87322,-3.573989]],[[153.137218,-4.269464],[153.137218,-4.375909],[153.054047,-4.452325],[153.075206,-4.601821],[152.980235,-4.759454],[152.87379,-4.788832],[152.732595,-4.649591],[152.671153,-4.451755],[152.687836,-4.163832],[152.518891,-3.854669],[152.359874,-3.694106],[152.288585,-3.569757],[152.171072,-3.490167],[151.98406,-3.458917],[151.809093,-3.361098],[151.612478,-3.166192],[151.090587,-2.832696],[150.794932,-2.729099],[150.893321,-2.675226],[151.170421,-2.785089],[151.216319,-2.869236],[151.437348,-2.908868],[151.686778,-3.06699],[151.828136,-3.190362],[152.052501,-3.246677],[152.217459,-3.456964],[152.492931,-3.642836],[152.575206,-3.818129],[152.956309,-3.99863],[153.137218,-4.269464]],[[150.465099,-2.532485],[150.451345,-2.65838],[150.186778,-2.679457],[149.99464,-2.466485],[150.207856,-2.37477],[150.447276,-2.48447],[150.465099,-2.532485]],[[147.432791,-1.983819],[147.431163,-2.060805],[147.281993,-2.08115],[147.216482,-2.183038],[146.954926,-2.194757],[146.64796,-2.169366],[146.580089,-2.020278],[146.65211,-1.964451],[146.869802,-1.947035],[147.110037,-1.963311],[147.422618,-2.045831],[147.432791,-1.983819]],[[126.329112,-1.819268],[126.272146,-1.867283],[125.980235,-1.901788],[125.437999,-1.93255],[125.40211,-1.774672],[125.702891,-1.819268],[125.993419,-1.785821],[126.329112,-1.819268]],[[130.386485,-1.888279],[130.373546,-2.012791],[130.126475,-2.06699],[129.925548,-2.003839],[129.745291,-1.863458],[130.011974,-1.750177],[130.351817,-1.741388],[130.386485,-1.888279]],[[125.314789,-1.778985],[125.321625,-1.864353],[125.01352,-1.944268],[124.853282,-1.896905],[124.543224,-2.006524],[124.406016,-2.004083],[124.331391,-1.826918],[124.384939,-1.667901],[124.632823,-1.631117],[125.02296,-1.723077],[125.185232,-1.703871],[125.314789,-1.778985]],[[136.848481,-1.765313],[136.644867,-1.876397],[136.273204,-1.909356],[135.718028,-1.703302],[135.483897,-1.674981],[135.463552,-1.589532],[135.896739,-1.648045],[136.191254,-1.653904],[136.39031,-1.725763],[136.7046,-1.730564],[136.848481,-1.765313]],[[149.735037,-1.473565],[149.667003,-1.57586],[149.541026,-1.464451],[149.627615,-1.35711],[149.735037,-1.473565]],[[128.145193,-1.594008],[128.051524,-1.714532],[127.933442,-1.682794],[127.703298,-1.690199],[127.532725,-1.731378],[127.378673,-1.632257],[127.403575,-1.491632],[127.624522,-1.329522],[127.898936,-1.42669],[128.145193,-1.594008]],[[123.503103,-1.264418],[123.528575,-1.433038],[123.408376,-1.516534],[123.326834,-1.421157],[123.184825,-1.48561],[123.094574,-1.346368],[122.993175,-1.50921],[122.874034,-1.584568],[122.812022,-1.443617],[122.836111,-1.274021],[122.898692,-1.18434],[123.20102,-1.155206],[123.201671,-1.307306],[123.352224,-1.229181],[123.503103,-1.264418]],[[134.99822,-1.01865],[134.956716,-1.128513],[134.851573,-1.108657],[134.833751,-0.956638],[134.99822,-1.01865]],[[131.057384,-1.000665],[131.07252,-1.077569],[130.982595,-1.348565],[130.853282,-1.330662],[130.749685,-1.223403],[130.680675,-0.956638],[130.912934,-0.89422],[131.034841,-0.914809],[131.057384,-1.000665]],[[136.375662,-1.093683],[136.29363,-1.183201],[136.142833,-1.223403],[135.828298,-1.107843],[135.781016,-0.872654],[135.640636,-0.881606],[135.369884,-0.653497],[135.847423,-0.695896],[136.065766,-0.871677],[136.1963,-1.066583],[136.375662,-1.093683]],[[127.888927,-0.764744],[127.74879,-0.885349],[127.625743,-0.752374],[127.4699,-0.818455],[127.398611,-0.620212],[127.302989,-0.510919],[127.316661,-0.339614],[127.460948,-0.406834],[127.532237,-0.304946],[127.683116,-0.460056],[127.606456,-0.629083],[127.65268,-0.707208],[127.789561,-0.68963],[127.888927,-0.764744]],[[127.23463,-0.490411],[127.102306,-0.437758],[127.110362,-0.287693],[127.234874,-0.251723],[127.277029,-0.373468],[127.23463,-0.490411]],[[131.297618,-0.237237],[131.237966,-0.389255],[131.157725,-0.33294],[130.951671,-0.346449],[130.695567,-0.079522],[130.626231,-0.125746],[130.811046,-0.318536],[130.680675,-0.339614],[130.316254,-0.259942],[130.368663,-0.12184],[130.498546,-0.062677],[130.824718,-0.003839],[131.153656,-0.085707],[131.297374,-0.159275],[131.297618,-0.237237]],[[127.666026,-0.209242],[127.713715,0.27733],[127.572276,0.422349],[127.526866,0.560614],[127.555431,0.739895],[127.491954,1.054918],[127.405935,1.229885],[127.540782,1.475653],[127.580903,1.751776],[127.689952,1.925279],[127.917247,2.172105],[128.050141,2.147528],[127.851736,1.825385],[128.014903,1.719224],[128.03533,1.537991],[127.973888,1.297756],[127.894298,1.156643],[127.637543,1.000718],[127.655121,0.890041],[127.795665,0.799058],[127.923025,0.869818],[127.936371,1.00731],[128.196056,1.196438],[128.186778,1.374172],[128.459727,1.544989],[128.719493,1.570624],[128.740977,1.404853],[128.701182,1.070868],[128.439789,0.931789],[128.31544,0.901557],[128.213552,0.773912],[128.313487,0.668158],[128.684337,0.541693],[128.703868,0.332017],[128.537608,0.32685],[128.474783,0.387193],[128.262218,0.391343],[128.152029,0.455512],[127.960216,0.482815],[127.88087,0.301744],[127.921235,0.145575],[127.892426,-0.017185],[128.042735,-0.415297],[128.227794,-0.709568],[128.048839,-0.712823],[127.851329,-0.365492],[127.666026,-0.209242]],[[128.686371,2.483954],[128.6421,2.261176],[128.566661,2.109931],[128.344981,2.039944],[128.246104,2.106147],[128.197113,2.266181],[128.321137,2.458645],[128.466563,2.594306],[128.596039,2.608588],[128.686371,2.483954]],[[168.137462,-21.431817],[168.12908,-21.601332],[167.958181,-21.638442],[167.856781,-21.500746],[168.137462,-21.431817]],[[167.432302,-21.027765],[167.42335,-21.147556],[167.146332,-21.073012],[167.067393,-20.996352],[167.185313,-20.788181],[167.432302,-21.027765]],[[167.034434,-22.237481],[166.911632,-22.385024],[166.77768,-22.392022],[166.632823,-22.276951],[166.478363,-22.287205],[166.144542,-22.046563],[165.677745,-21.761407],[165.290782,-21.576755],[165.116547,-21.397719],[164.920421,-21.285089],[164.800792,-21.082208],[164.656586,-20.945896],[164.519379,-20.890558],[164.365571,-20.758071],[164.286632,-20.57586],[164.192556,-20.525811],[164.132498,-20.300958],[164.040212,-20.300958],[164.051768,-20.109308],[164.244314,-20.285333],[164.315766,-20.234796],[164.495616,-20.300226],[164.82781,-20.582696],[165.061534,-20.734063],[165.21754,-20.764418],[165.27003,-20.869561],[165.413097,-20.949151],[165.406749,-21.055434],[165.754405,-21.302341],[166.066742,-21.469903],[166.411306,-21.705499],[166.573416,-21.874933],[166.778331,-22.014581],[166.938813,-22.079848],[167.034434,-22.237481]],[[169.432791,-19.492852],[169.436209,-19.657322],[169.278331,-19.578302],[169.218516,-19.490167],[169.243419,-19.341974],[169.352875,-19.328058],[169.432791,-19.492852]],[[169.336599,-18.934828],[169.254893,-18.984796],[168.987315,-18.87656],[168.98878,-18.690606],[169.152354,-18.636326],[169.22047,-18.824965],[169.336599,-18.934828]],[[168.549571,-17.691013],[168.540212,-17.796645],[168.396007,-17.8235],[168.178966,-17.656183],[168.323009,-17.532647],[168.45338,-17.546319],[168.549571,-17.691013]],[[178.711436,-17.991957],[178.663585,-18.088149],[178.470225,-18.14186],[178.277029,-18.146254],[178.168305,-18.248468],[177.859386,-18.265802],[177.827159,-18.23447],[177.335948,-18.105564],[177.251638,-17.952244],[177.282074,-17.851739],[177.435313,-17.743259],[177.388927,-17.640558],[177.622081,-17.454685],[177.833263,-17.366469],[178.262706,-17.335626],[178.303722,-17.430271],[178.602306,-17.649998],[178.567719,-17.754978],[178.711436,-17.991957]],[[168.182384,-16.347833],[167.920909,-16.258884],[168.171641,-16.080255],[168.288259,-16.344008],[168.182384,-16.347833]],[[167.812511,-16.419529],[167.726573,-16.517836],[167.621918,-16.494236],[167.458751,-16.567966],[167.384532,-16.368259],[167.377126,-16.200616],[167.233084,-16.16961],[167.147472,-16.08294],[167.185313,-15.89072],[167.336111,-15.908949],[167.397634,-16.087091],[167.603038,-16.224298],[167.812511,-16.419529]],[[168.185802,-15.517836],[168.264008,-15.85711],[168.187511,-15.971124],[168.11964,-15.662774],[168.185802,-15.517836]],[[167.939464,-15.39186],[167.838552,-15.484796],[167.682384,-15.43255],[167.804454,-15.320001],[167.939464,-15.39186]],[[167.140636,-15.535577],[166.9463,-15.576755],[166.793142,-15.656345],[166.616059,-15.385024],[166.650076,-15.264744],[166.522634,-14.832127],[166.609874,-14.634698],[166.737315,-14.829522],[166.801768,-15.152276],[166.91977,-15.155938],[166.971934,-14.979913],[167.056814,-15.002048],[167.191742,-15.305597],[167.233409,-15.523614],[167.140636,-15.535577]],[[167.514903,-14.140558],[167.603038,-14.18906],[167.526134,-14.31992],[167.430919,-14.318455],[167.407481,-14.19492],[167.514903,-14.140558]],[[166.147905,-10.694046],[165.93422,-10.775741],[165.861965,-10.86854],[165.756474,-10.812161],[165.878062,-10.656847],[166.026664,-10.647016],[166.147905,-10.694046]],[[159.859386,-8.511326],[159.825043,-8.542087],[159.627208,-8.357599],[159.345388,-8.261407],[158.845714,-7.973403],[158.580089,-7.740818],[158.653982,-7.561293],[158.989757,-7.802179],[159.085704,-7.903578],[159.402599,-7.982354],[159.431651,-8.031508],[159.842052,-8.325616],[159.859386,-8.511326]],[[157.529796,-7.333185],[157.441742,-7.414239],[157.200938,-7.336602],[156.927745,-7.208754],[156.687022,-6.897149],[156.461111,-6.733331],[156.487804,-6.60296],[156.669607,-6.674981],[156.780284,-6.775811],[157.042654,-6.897149],[157.120453,-6.980727],[157.152517,-7.124282],[157.302745,-7.266371],[157.529796,-7.333185]],[[169.273448,-77.454522],[169.318207,-77.537205],[168.40089,-77.696222],[167.408051,-77.643976],[167.25766,-77.715916],[166.388682,-77.613377],[166.65447,-77.362563],[166.400076,-77.266534],[166.827159,-77.160903],[167.065766,-77.316339],[167.568126,-77.413263],[168.219574,-77.372328],[169.273448,-77.454522]],[[96.917166,-66.054376],[96.908458,-66.211358],[96.4074,-66.227634],[96.417979,-66.067071],[96.917166,-66.054376]],[[100.565929,-65.403009],[101.12672,-65.411879],[101.230724,-65.573989],[100.967052,-65.682875],[100.557872,-65.704034],[100.298025,-65.658624],[100.385102,-65.478611],[100.565929,-65.403009]],[[168.199474,-47.047621],[167.901866,-47.188409],[167.645763,-47.205173],[167.648204,-47.048028],[167.81658,-46.897393],[167.787446,-46.697198],[167.920584,-46.683038],[168.17921,-46.864435],[168.199474,-47.047621]],[[172.748694,-43.279694],[172.729659,-43.414847],[172.803966,-43.611017],[173.052908,-43.653253],[173.105479,-43.82936],[172.87672,-43.902032],[172.497081,-43.721856],[172.365571,-43.868422],[172.061209,-43.956638],[171.550636,-44.167272],[171.346002,-44.278631],[171.195974,-44.566827],[171.203136,-44.905532],[170.980317,-45.154962],[170.906261,-45.402765],[170.698416,-45.679295],[170.787283,-45.863051],[170.333751,-45.981541],[170.234874,-46.153985],[169.864757,-46.378351],[169.848969,-46.467543],[169.635102,-46.578383],[169.035981,-46.681899],[168.8449,-46.560154],[168.591482,-46.614353],[168.365733,-46.540216],[168.216075,-46.354425],[167.850108,-46.39658],[167.697927,-46.188735],[167.460948,-46.148207],[167.405772,-46.251153],[166.761974,-46.219985],[166.469412,-45.983494],[166.489757,-45.80755],[166.797537,-45.724379],[166.702485,-45.542413],[166.881358,-45.279555],[167.078868,-45.306329],[167.004893,-45.149591],[167.203461,-44.949965],[167.418712,-44.840916],[167.751964,-44.603204],[167.836436,-44.505304],[168.340099,-44.118341],[168.41033,-44.027927],[168.645844,-43.964532],[168.746755,-44.010349],[169.081271,-43.846803],[169.192149,-43.758722],[169.733653,-43.565688],[169.896821,-43.394464],[170.104991,-43.258071],[170.23878,-43.237888],[170.514415,-43.006606],[170.700742,-42.954659],[171.122813,-42.59238],[171.304861,-42.29461],[171.331554,-42.147231],[171.48878,-41.830336],[171.903819,-41.606866],[172.070811,-41.414239],[172.114431,-41.250909],[172.106781,-40.886895],[172.641449,-40.509698],[172.722341,-40.551528],[172.689138,-40.734063],[172.856456,-40.843683],[173.064952,-40.886651],[173.030935,-41.149102],[173.125987,-41.3117],[173.212738,-41.301853],[173.571137,-41.068129],[173.929942,-41.048272],[174.01588,-40.974542],[174.211436,-40.999607],[174.260427,-41.118259],[174.154959,-41.220961],[174.055512,-41.424574],[174.225922,-41.723403],[174.197927,-41.876072],[174.00408,-42.031183],[173.89088,-42.240818],[173.558604,-42.491143],[173.287283,-42.953871],[172.811209,-43.169041],[172.748694,-43.279694]],[[176.953712,-39.607513],[177.036388,-39.753595],[176.83725,-40.177911],[176.703624,-40.290216],[176.347992,-40.696547],[176.220388,-40.933282],[176.121349,-41.010837],[175.966807,-41.247003],[175.330333,-41.609796],[175.22169,-41.613702],[175.181814,-41.417901],[174.865571,-41.419529],[174.609386,-41.291925],[174.942719,-40.970636],[175.141287,-40.674412],[175.234874,-40.336033],[175.154959,-40.085382],[174.967296,-39.916436],[174.84197,-39.862481],[174.567638,-39.826755],[174.319021,-39.613865],[173.986583,-39.54225],[173.784434,-39.393243],[173.777599,-39.207696],[173.852712,-39.134454],[174.211599,-38.973321],[174.36671,-38.975681],[174.578868,-38.839451],[174.64088,-38.635431],[174.643565,-38.462823],[174.707367,-38.288507],[174.705089,-38.119724],[174.839041,-38.124688],[174.784434,-37.966892],[174.850352,-37.764907],[174.691661,-37.32936],[174.704275,-37.176039],[174.880544,-37.076349],[174.832774,-36.942804],[174.700694,-36.936293],[174.488943,-37.014581],[174.359874,-36.63128],[174.469737,-36.583429],[174.441417,-36.406508],[174.292328,-36.320001],[174.079845,-36.399509],[174.024099,-36.268162],[173.858246,-36.065606],[173.100271,-35.219985],[173.201996,-35.057794],[173.143565,-34.928399],[172.799327,-34.550958],[172.74171,-34.431248],[173.013357,-34.420587],[172.907481,-34.541436],[173.050792,-34.601332],[173.123057,-34.809666],[173.478282,-34.990411],[173.660655,-34.96852],[173.888194,-35.006036],[174.137543,-35.319106],[174.33253,-35.288018],[174.569509,-35.594334],[174.517426,-35.720798],[174.579275,-35.849542],[174.496918,-35.987563],[174.757009,-36.244887],[174.722911,-36.593683],[174.819102,-36.823663],[175.240977,-36.942315],[175.331065,-37.021254],[175.367198,-37.207208],[175.595714,-37.213149],[175.527843,-36.962498],[175.502452,-36.653904],[175.785655,-36.78281],[175.881847,-36.926039],[175.997244,-37.631768],[176.231212,-37.665948],[176.518565,-37.76214],[176.718272,-37.877699],[176.950206,-37.927667],[177.145518,-38.023533],[177.437511,-37.976739],[177.556814,-37.913832],[177.73878,-37.676202],[178.031505,-37.549574],[178.27768,-37.559259],[178.512869,-37.652276],[178.564301,-37.717706],[178.351573,-38.001723],[178.318533,-38.26572],[178.362071,-38.316502],[178.294607,-38.539809],[177.964041,-38.761407],[177.882823,-39.085545],[177.998871,-39.129815],[177.8685,-39.290216],[177.763927,-39.080987],[177.38738,-39.077407],[177.064952,-39.199395],[176.906261,-39.447524],[176.953712,-39.607513]]],[[[54.746837,40.995673],[54.600434,41.192328],[54.311778,41.338284],[54.041352,41.534573],[54.019705,41.731513],[53.932302,41.884263],[53.896658,42.078843],[53.681814,42.143948],[53.296723,42.078843],[53.121918,42.089993],[52.960297,41.984361],[52.821462,41.764879],[52.903819,41.689765],[52.815684,41.388739],[52.562185,41.519477],[52.595225,41.633734],[52.437673,41.748847],[52.484548,41.941636],[52.402029,42.092515],[52.599132,42.344713],[52.74464,42.657375],[52.574229,42.798529],[52.1692,42.88703],[51.932791,42.834947],[51.853852,42.893785],[51.651052,43.191392],[51.367849,43.154486],[51.266287,43.187567],[51.319591,43.442532],[51.27296,43.55858],[51.141856,43.633734],[50.983246,43.919013],[50.852794,44.038764],[50.847179,44.189276],[50.6963,44.26435],[50.344574,44.311265],[50.230154,44.390937],[50.22462,44.567694],[50.299083,44.655341],[50.497813,44.6258],[50.847911,44.632799],[51.143321,44.484768],[51.319347,44.596381],[51.200938,44.740912],[50.970714,44.847154],[50.982188,44.989488],[51.243419,45.10106],[51.397227,45.332587],[51.792491,45.405463],[51.957774,45.371649],[52.566661,45.400702],[52.909679,45.31269],[53.108246,45.299628],[53.142914,45.383979],[52.738455,45.52558],[52.745616,45.639146],[52.919932,45.796129],[53.086599,46.020494],[53.156749,46.341702],[53.082856,46.434963],[53.188162,46.718004],[52.919932,46.957465],[52.614757,46.950019],[52.455903,47.001166],[52.238943,46.80683],[52.000011,46.89057],[51.763682,46.915717],[51.502615,47.061347],[51.187022,47.116889],[50.857432,47.040025],[50.606944,46.868109],[50.168793,46.749091],[50.034028,46.635159],[49.817393,46.540432],[49.469249,46.562649],[49.215831,46.380316],[49.249197,46.26732],[48.887055,46.12226],[48.714122,46.129584],[48.741059,45.923],[48.465587,45.940172],[48.269786,45.779486],[47.896983,45.693793],[47.62615,45.709052],[47.608735,45.638821],[47.29713,45.187445],[47.071462,44.785102],[46.971446,44.783759],[46.722016,44.655341],[46.700938,44.446194],[47.0442,44.346259],[47.245942,44.211982],[47.502778,43.780992],[47.379893,43.559719],[47.490896,43.462836],[47.461925,43.020819],[47.69809,42.867133],[47.715587,42.696682],[47.867686,42.584662],[48.304047,42.102729],[48.416352,41.915025],[48.655447,41.800605],[49.042491,41.414374],[49.135916,41.27497],[49.195486,41.057278],[49.382009,40.866645],[49.538829,40.788072],[49.58961,40.62519],[49.858653,40.566636],[50.052013,40.584296],[50.335948,40.405951],[50.229991,40.34276],[49.893403,40.369045],[49.778331,40.275824],[49.577159,40.216742],[49.442638,40.078437],[49.483897,39.988674],[49.318044,39.621405],[49.295746,39.476711],[49.408946,39.38642],[49.237071,39.278957],[49.193858,39.016343],[49.05893,39.172797],[48.967621,39.183824],[48.863129,38.756659],[48.907725,38.083482],[49.014496,37.739163],[49.132498,37.623358],[49.441742,37.494859],[49.935313,37.453559],[50.148774,37.403876],[50.322276,37.153266],[50.478852,37.03498],[51.088634,36.737006],[51.909028,36.582709],[52.779307,36.740383],[53.492361,36.887885],[53.70102,36.816596],[54.014334,36.821112],[54.033539,36.949123],[53.923188,37.258002],[53.82488,37.744859],[53.80714,38.031968],[53.858897,38.206488],[53.826996,38.525458],[53.97755,38.90176],[53.870942,39.028388],[53.747813,39.054429],[53.581309,39.330471],[53.394298,39.317043],[53.088715,39.383246],[53.178233,39.515692],[53.363536,39.538072],[53.577159,39.467841],[53.711599,39.543402],[53.533458,39.632148],[53.429861,39.762519],[53.567068,39.94953],[53.437266,40.002672],[53.29005,39.942084],[53.172374,39.997463],[52.884125,39.944892],[52.738455,40.053616],[52.698985,40.273871],[52.736583,40.484565],[52.863129,40.658108],[52.827647,40.711493],[52.958181,41.016262],[53.107432,40.773912],[53.541677,40.761623],[53.721039,40.625678],[54.010753,40.657864],[54.310557,40.730658],[54.708995,40.884996],[54.746837,40.995673]]]]},"properties":{"featurecla":"Ocean","scalerank":0,"min_zoom":0}}
]}